date,kind,sent_at,text
2023-02-28,result,2023-02-28T19:13:45+04:00,"Итог на день 28.02 05:54
1. Domcap: 00:12
    а) связь с командой 00:12
2. Loandox: 03:55
    a) WA-395 03:21
    б) связь с командой 00:33
3. Отчётность 00:19
4. Cвязь с командой 01:27"
2023-03-01,plan,2023-03-01T07:09:09+04:00,"План на день 01.03
1. Domcap:
    а) #1486
    б) #1396
    в) документация
    г) связь с командой
2. Loandox:
    a) WA-395
    б) связь с командой
3. Отчётность
4. Cвязь с командой"
2023-03-01,result,2023-03-01T17:01:32+04:00,"Итог на день 01.03 09:26
1. Domcap: 05:03
    а) #1486 00:34
    б) review 03:30
    в) документация 00:43
    г) связь с командой 00:15
2. Loandox: 03:44
    a) WA-395 03:44
3. Отчётность 00:37
4. Cвязь с командой 00:02"
2023-03-02,plan,2023-03-02T08:03:32+04:00,"План на день 02.03
1. Domcap:
    а) #1510
    б) #1507
    в) #1509
    г) связь с командой
    д) review
2. Отчётность
3. Cвязь с командой"
2023-03-02,result,2023-03-02T16:50:14+04:00,"Итог на день 02.03 08:19
1. Domcap: 08:01
    а) #1510 02:51
    б) #1507 01:14
    в) связь с командой 02:28
    г) review 01:27
2. Отчётность 00:18"
2023-03-03,plan,2023-03-03T06:41:03+04:00,"План на день 03.03
1. Domcap:
    а) #1510
    б) #1507
    в) документация
    г) связь с командой
    д) review
2. Отчётность
3. Cвязь с командой
4. Обучение"
2023-03-06,plan,2023-03-06T08:48:30+04:00,"План на день 06.03
1. Domcap:
    а) #1510
    б) #1507
    в) документация
    г) связь с командой
    д) #1509
    e) общий анализ изменений
2. Отчётность
3. Cвязь с командой
4. Обучение"
2023-03-06,result,2023-03-06T17:42:46+04:00,"Итог на день 06.03 08:55
1. Domcap: 08:34
    а) #1510 04:49
    б) #1507 00:41
    в) документация 00:41
    г) связь с командой 00:15
    д) #1509 01:01
    e) общий анализ изменений 01:07
2. Отчётность 00:18"
2023-03-07,plan,2023-03-07T06:04:50+04:00,"План на день 07.03
1. Domcap:
    а) #1379
    б) #1509
    в) документация
    г) связь с командой
2. Отчётность
3. Cвязь с командой
4. Обучение"
2023-03-07,result,2023-03-07T17:55:34+04:00,"Итог на день 07.03 10:34
1. Domcap: 09:40
    а) #1379/#1378 04:37
    б) #1509 03:20
    в) документация 01:34
    г) связь с командой 00:06
2. Отчётность 00:17
3. Cвязь с командой 00:30
4. Обучение Hotwire 00:07"
2023-03-09,plan,2023-03-09T09:26:31+04:00,"План на день 09.03
1. Domcap:
    а) #1379/#1378
    б) #1395
    в) #1509
    г) документация
    д) связь с командой
    е) общий анализ задач
2. Отчётность
3. Cвязь с командой
4. Обучение"
2023-03-09,result,2023-03-09T17:33:45+04:00,"Итог на день 09.03 10:35
1. Domcap: 08:55
    а) #1379/#1378 03:20
    б) #1395 00:59
    в) #1509 00:45
    г) документация 00:37
    д) связь с командой 01:50
    е) общий анализ задач 01:23
2. Отчётность 00:19
3. Обучение Hotwire 01:20"
2023-03-10,plan,2023-03-10T08:13:24+04:00,"План на день 10.03
1. Domcap:
    а) #1379/#1378
    б) #1395
    в) #1509
    г) документация
    д) связь с командой
2. Отчётность
3. Обучение"
2023-03-10,result,2023-03-10T17:39:40+04:00,"Итог на день 10.03 08:42
1. Domcap: 07:31
    а) #1379/#1378 00:49
    б) #1395 04:23
    в) #1509 01:15
    г) документация 00:57
    д) связь с командой 00:06
2. Отчётность 00:53
3. Обучение Hotwire 00:53"
2023-03-13,plan,2023-03-13T08:33:53+04:00,"План на день 13.03
1. Domcap:
    а) #1395
    б) #1519
    в) #1509
    г) документация
    д) связь с командой
2. Отчётность
3. Cвязь с командой
4. Обучение"
2023-03-13,result,2023-03-13T17:32:35+04:00,"Итог на день 13.03 08:39
1. Domcap: 07:25
    а) #1395 01:31
    б) #1519 02:32
    в) #1509 02:05
    г) документация 01:02
    д) связь с командой 00:06
    e) общий анализ задач 00:08
2. Holocenter 00:10
3. Отчётность 00:19
4. Cвязь с командой 00:43"
2023-03-14,plan,2023-03-14T06:30:59+04:00,"План на день 14.03
1. Domcap:
    а) #1302
    б) #1487
    в) #1509
    г) документация
    д) связь с командой
2. Отчётность
3. Обучение"
2023-03-14,result,2023-03-14T17:21:59+04:00,"Итог на день 14.03 10:08
1. Domcap: 09:43
    а) #1302 04:42
    б) #1487 02:25
    в) #1509 01:01
    г) документация 01:30
    д) связь с командой 00:09
2. Отчётность 00:20"
2023-03-15,plan,2023-03-15T08:19:47+04:00,"План на день 15.03
1. Domcap:
    а) #1487
    б) #1517
    в) #1509
    г) документация
2. Отчётность
3. Обучение"
2023-03-15,result,2023-03-15T17:34:54+04:00,"Итог на день 15.03 08:30
1. Domcap: 08:10
    а) #1487 05:32
    б) #1302 00:20
    в) #1509 01:15
    г) документация 01:02
2. Отчётность 00:20"
2023-03-16,plan,2023-03-16T06:12:05+04:00,"План на день 16.03
1. Domcap:
    а) #1487
    б) #1517
    в) #1509
    г) документация
2. Отчётность
3. Cвязь с командой"
2023-03-16,result,2023-03-16T17:31:46+04:00,"Итог на день 16.03 11:03
1. Domcap: 09:39
    а) #1487 07:02
    б) #1509 02:17
    в) документация 00:18
2. Отчётность 00:16
3. Cвязь с командой 01:07"
2023-03-17,plan,2023-03-17T07:35:01+04:00,"План на день 17.03
1. Domcap:
    а) #1487
    б) #1517
    в) #1509
    г) документация
2. Отчётность"
2023-03-17,result,2023-03-17T16:52:51+04:00,"Итог на день 17.03 08:31
1. Domcap: 08:15
    а) #1487 06:10
    б) #1517 01:07
    в) #1509 00:38
    г) документация 00:16
2. Отчётность 00:16"
2023-03-20,plan,2023-03-20T08:35:04+04:00,"План на день 20.03
1. Domcap:
    а) #1517
    б) #1406
    в) #1509
    г) документация
2. Отчётность
3. Cвязь с командой"
2023-03-20,result,2023-03-20T17:01:15+04:00,"Итог на день 20.03 07:37
1. Domcap: 06:56
    а) #1517 03:53
    б) cвязь с командой 01:36
    в) документация 01:27
2. Holocenter: 00:10
3. Отчётность 00:18
4. Cвязь с командой 00:12"
2023-03-21,plan,2023-03-21T07:17:06+04:00,"План на день 21.03
1. Domcap:
    а) #1406
    б) #1051
    в) #1509
    г) документация
    д) связь с командой
2. Отчётность
3. Cвязь с командой"
2023-03-21,result,2023-03-21T16:45:49+04:00,"Итог на день 21.03 08:44
1. Domcap: 08:27
    а) #1406 01:02
    б) #1051 03:32
    в) #1509 01:26
    г) документация 00:42
    д) связь с командой 01:44
2. Отчётность 00:17"
2023-03-22,plan,2023-03-22T08:28:30+04:00,"План на день 22.03
1. Domcap:
    а) #1051
    б) #878
    в) #1509
    г) документация
    д) связь с командой
2. Отчётность
3. Cвязь с командой"
2023-03-22,result,2023-03-22T16:52:36+04:00,"Итог на день 22.03 07:45
1. Domcap: 07:13
    а) #1051 00:33
    б) #878 01:26
    в) #1509 02:53
    г) документация 00:31
    д) связь с командой 01:02
    e) #1395 00:09
    ё) общая настройка проекта 00:37
2. Отчётность 00:19
3. Cвязь с командой 00:13"
2023-03-23,plan,2023-03-23T08:01:13+04:00,"План на день 23.03
1. Domcap:
    а) #1050
    б) #1405
    в) #1509
    г) документация
    д) связь с командой
2. Отчётность"
2023-03-23,result,2023-03-23T19:11:29+04:00,"Итог на день 23.03 05:59
1. Domcap: 05:45
    а) #1050 01:17
    б) #1405 00:26
    в) #1509 00:51
    г) документация 00:35
    д) связь с командой 00:36
    е) #685 01:14
    ё) #1395 00:10
    ж) review 00:33
2. Отчётность 00:14"
2023-03-24,plan,2023-03-24T07:36:26+04:00,"План на день 24.03
1. Domcap:
    а) #1518
    б) #1509
    в) review
    г) документация
    д) связь с командой
2. Отчётность"
2023-03-24,result,2023-03-27T10:32:31+04:00,"Итог на день 24.03 04:05
1. Domcap: 03:44
    а) #1518 01:07
    б) #1509 00:10
    в) review 00:14
    г) документация 00:47
    д) связь с командой 00:58
2. Отчётность 00:21"
2023-03-27,plan,2023-03-27T12:25:03+04:00,"План на день 27.03
1. Domcap:
    а) #1518
    б) #1509
    в) review
    г) документация
    д) связь с командой
2. Отчётность
3. Cвязь с командой"
2023-03-27,result,2023-03-27T17:57:35+04:00,"Итог на день 27.03 05:12
1. Domcap: 04:51
    а) #1518 02:05
    б) #1509 01:56
    в) документация 00:22
    г) связь с командой 00:27
2. Отчётность 00:19
3. Cвязь с командой 00:02"
2023-03-28,plan,2023-03-28T13:39:07+04:00,"План на день 28.03
1. Domcap:
    а) #1244
    б) #1509
    в) review
    г) документация
    д) связь с командой
2. Отчётность
3. Cвязь с командой"
2023-03-28,result,2023-03-28T18:38:50+04:00,"Итог на день 28.03 07:43
1. Domcap: 07:21
    а) #1244 03:17
    б) #1509 00:39
    в) review
    г) документация 00:14
    д) связь с командой 03:07
2. Отчётность 00:21"
2023-03-29,plan,2023-03-29T07:35:07+04:00,"План на день 29.03
1. Domcap:
    а) #1244
    б) #685
    в) #1509
    г) документация
    д) связь с командой
2. Отчётность
3. Cвязь с командой"
2023-03-29,result,2023-03-29T13:17:55+04:00,"Итог на день 29.03 06:52
1. Domcap: 06:31
    а) #1244 01:59
    б) #685 01:36
    в) #1509 00:35
    г) документация 00:09
    д) связь с командой 02:11
2. Отчётность 00:20"
2023-03-30,plan,2023-03-30T11:58:25+04:00,"План на день 30.03
1. Domcap:
    а) #1051
    б) #1405
    в) #1487
    г) review
    д) документация
    e) связь с командой
2. Отчётность
3. Cвязь с командой"
2023-03-30,result,2023-03-30T17:44:00+04:00,"Итог на день 30.03 05:32
1. Domcap: 05:08
    а) #1051 00:47
    б) #1405 01:00
    в) #1487 01:23
    г) review 00:39
    д) документация 00:18
    e) связь с командой 00:59
2. Отчётность 00:24"
2023-03-31,plan,2023-03-31T08:27:19+04:00,"План на день 31.03
1. Domcap:
    а) #1487
    б) #1456
    в) #1509
    г) review
    д) документация
    e) связь с командой
    ё) общий анализ изменений
2. Отчётность"
2023-03-31,result,2023-03-31T18:29:22+04:00,"Итог на день 31.03 08:31
1. Domcap: 08:10
    а) #1487 05:13
    б) документация 00:21
    в) связь с командой 01:58
    г) общий анализ изменений 00:36
2. Отчётность 00:21"
2023-04-03,plan,2023-04-03T07:40:01+04:00,"План на день 03.04
1. Domcap:
    а) #1487
    б) #1456
    в) #1509
    г) review
    д) документация
    e) связь с командой
    ё) общий анализ изменений
2. Отчётность
3. Cвязь с командой"
2023-04-03,result,2023-04-03T18:25:15+04:00,"Итог на день 03.04 10:10
1. Domcap: 09:30
    а) #1487 05:59
    б) #1456
    в) #1509 00:07
    г) review
    д) документация 00:56
    e) связь с командой 01:42
    ё) общий анализ изменений 00:45
2. Отчётность 00:32
3. Cвязь с командой 00:07"
2023-04-04,plan,2023-04-04T08:20:18+04:00,"План на день 04.04
1. Domcap:
    а) #1487
    б) #1456
    в) #1509
    г) документация
    д) связь с командой
2. Отчётность
3. Cвязь с командой"
2023-04-04,result,2023-04-04T18:32:10+04:00,"Итог на день 04.04 09:47
1. Domcap: 09:15
    а) #1487 01:43
    б) #1456 02:46
    в) #1405 00:49
    г) документация 00:07
    д) связь с командой 01:48
    e) #1510 02:00
2. Отчётность 00:25
3. Cвязь с командой 00:06"
2023-04-05,plan,2023-04-05T06:02:23+04:00,"План на день 05.04
1. Domcap:
    а) документация
    б) связь с командой
2. Отчётность"
2023-04-05,result,2023-04-05T18:21:56+04:00,"Итог на день 05.04 07:46
1. Domcap: 04:53
    а) документация 03:33
    б) связь с командой 00:47
    в) общая настройка 00:34
2. Отчётность 02:25
3. Связь с командой 00:25"
2023-04-06,plan,2023-04-06T06:17:01+04:00,"План на день 06.04
1. Domcap:
    а) документация
    б) связь с командой
2. Отчётность"
2023-04-06,result,2023-04-06T19:48:36+04:00,"Итог на день 06.04 04:26
1. Domcap: 03:12
    а) документация 01:33
    б) связь с командой 00:32
    в) общий анализ изменений 01:06
2. Отчётность 00:28
3. Обучение Docker 00:45"
2023-04-10,plan,2023-04-10T10:49:52+04:00,"План на день 10.04
1. Domcap:
    а) #1487
    б) #1456
    в) #1519
    г) #685
    д) связь с командой
    e) документация
2. Отчётность
3. Cвязь с командой"
2023-04-10,result,2023-04-10T18:13:33+04:00,"Итог на день 10.04 06:10
1. Domcap: 05:38
    а) #1354 03:53
    б) документация 00:16
    в) связь с командой 01:28
2. Отчётность 00:31"
2023-04-13,plan,2023-04-13T05:02:16+04:00,"План на день 13.04
1. Domcap:
    а) #1354
    б) документация
    в) связь с командой
2. Отчётность
3. Cвязь с командой"
2023-04-13,result,2023-04-13T18:45:47+04:00,"Итог на день 13.04 08:21
1. Domcap: 07:54
    а) #1354 04:25
    б) книга по RSpec 00:52
    в) связь с командой 02:36
2. Отчётность 00:10
3. Cвязь с командой 00:16"
2023-04-14,plan,2023-04-14T07:38:14+04:00,"План на день 14.04
1. Domcap:
    а) #1354
    б) книга по RSpec
    в) документация
    г) связь с командой
2. Отчётность
3. Cвязь с командой"
2023-04-14,result,2023-04-14T18:47:07+04:00,"Итог на день 14.04 09:57
1. Domcap: 09:36
    а) #1354 06:59
    б) книга по RSpec 01:35
    в) связь с командой 01:01
2. Отчётность 00:20"
2023-04-17,plan,2023-04-17T10:39:44+04:00,"План на день 17.04
1. Domcap:
    а) #1354
    б) книга по RSpec
    в) документация
    г) связь с командой
2. Отчётность
3. Cвязь с командой"
2023-04-17,result,2023-04-17T19:00:33+04:00,"Итог на день 17.04 06:03
1. Domcap: 05:44
    а) #1354 03:24
    б) книга по RSpec 00:51
    в) связь с командой 01:28
2. Отчётность 00:19"
2023-04-18,plan,2023-04-18T08:36:41+04:00,"План на день 18.04
1. Domcap:
    а) #1354
    б) книга по RSpec
    в) документация
    г) связь с командой
2. Отчётность
3. Cвязь с командой"
2023-04-18,result,2023-04-18T18:54:53+04:00,"Итог на день 18.04 09:07
1. Domcap: 08:52
    а) #1354 05:36
    б) книга по RSpec 01:40
    в) связь с командой 01:36
2. Отчётность 00:15"
2023-04-19,plan,2023-04-19T11:13:57+04:00,"План на день 19.04
1. Domcap:
    а) #1354
    б) книга по RSpec
    в) документация
    г) связь с командой
2. Отчётность
3. Cвязь с командой"
2023-04-19,result,2023-04-19T18:18:15+04:00,"Итог на день 19.04 07:25
1. Domcap: 06:57
    а) #1354 04:59
    б) книга по RSpec 01:15
    в) связь с командой 00:42
2. Отчётность 00:28"
2023-04-20,plan,2023-04-20T08:27:28+04:00,"План на день 20.04
1. Domcap:
    а) #1354
    б) #1456
    в) #1519
    г) #685
    д) #1487
    e) связь с командой
2. Отчётность
3. Cвязь с командой"
2023-04-20,result,2023-04-20T18:29:54+04:00,"Итог на день 20.04 08:45
1. Domcap: 08:28
    а) #1354 02:06
    б) #1456 00:33
    в) #1519 01:15
    г) книга RSpec 01:55
    д) #1487 01:45
    e) связь с командой 00:52
2. Отчётность 00:16"
2023-04-21,plan,2023-04-21T11:02:48+04:00,"План на день 21.04
1. Domcap:
    а) #1354
    б) #1456
    в) #1519
    г) #1487
    д) #685
    e) связь с командой
    ё) книга по Rspec
    ж) Factories в новый pull request
2. Отчётность
3. Cвязь с командой"
2023-04-21,result,2023-04-21T16:39:17+04:00,"Итог на день 21.04 05:24
1. Domcap: 05:04
    а) #1354 00:29
    б) #1456 00:19
    в) #1519 00:10
    г) #1487 00:16
    д) #685 01:32
    e) связь с командой 01:04
    ё) книга по Rspec 01:12
2. Отчётность 00:19"
2023-04-24,plan,2023-04-24T10:52:34+04:00,"План на день 24.04
1. Domcap:
    а) #685 
    б) #1487 
    в) Factories в новый pull request
    г) книга по Rspec
    д) документация
    e) связь с командой
2. Отчётность
3. Cвязь с командой"
2023-04-24,result,2023-04-24T19:18:32+04:00,"Итог на день 24.04 07:19
1. Domcap: 07:01
    а) #685 00:49
    б) #1487 02:02
    в) Factories в новый pull request 00:47
    г) книга по Rspec 01:21
    д) связь с командой 02:00
2. Отчётность 00:17"
2023-04-25,plan,2023-04-25T08:38:14+04:00,"План на день 25.04
1. Domcap:
    а) #685 
    б) #1456 
    в) tests
    г) книга по Rspec
    д) документация
    e) связь с командой
2. Отчётность
3. Cвязь с командой"
2023-04-25,result,2023-04-25T18:02:49+04:00,"Итог на день 25.04 08:26
1. Domcap: 08:09
    а) #685 01:02
    б) #1456 00:27
    в) tests 01:05
    г) книга по Rspec 02:12
    д) документация 00:46
    e) связь с командой 02:36
2. Отчётность 00:17"
2023-04-26,plan,2023-04-26T11:03:29+04:00,"План на день 26.04
1. Domcap:
    а) #685 
    б) #1456 
    в) #1487
    г) #1593
    д) tests
    e) книга по Rspec
    ё) документация
    ж) связь с командой
2. Отчётность
3. Cвязь с командой"
2023-04-26,result,2023-04-26T17:58:01+04:00,"Итог на день 26.04 05:32
1. Domcap: 05:09
    а) #685 00:24
    б) #1456 00:59
    в) #1487 00:06
    г) #1593 00:35
    д) книга по Rspec 01:04
    e) связь с командой 01:59
2. Отчётность 00:20
3. Cвязь с командой 00:03"
2023-04-27,result,2023-04-27T18:26:00+04:00,"Итог на день 27.04 09:01
1. Domcap: 08:28
    а) #1593 05:15
    б) книга по Rspec 01:32  
    в) связь с командой 01:40
2. Отчётность 00:20
3. Cвязь с командой 00:13"
2023-04-28,plan,2023-04-28T10:25:28+04:00,"План на день 28.04
1. Domcap:
    а) #1593
    б) tests
    в) книга по Rspec
    г) документация
    д) связь с командой
2. Отчётность
3. Cвязь с командой"
2023-04-28,result,2023-04-28T18:20:37+04:00,"Итог на день 28.04 08:08
1. Domcap: 07:49
    а) #1593 02:37
    б) tests 00:53
    в) книга по Rspec 02:06
    г) документация 00:46
    д) связь с командой 01:25
2. Отчётность 00:17
3. Cвязь с командой 00:01"
2023-05-02,plan,2023-05-02T11:00:28+04:00,"План на день 02.05
1. Domcap:
    а) #1593
    б) #1519
    в) #1354
    г) документация
    д) связь с командой
    e) книга по Rspec
    ё) tests
2. Отчётность
3. Cвязь с командой"
2023-05-02,result,2023-05-02T18:31:09+04:00,"Итог на день 02.05 06:21
1. Domcap: 05:01
    а) #1593 00:14
    б) #1519 00:15
    в) #1354 00:41
    г) документация 00:21
    д) связь с командой 03:28
2. Отчётность 00:48
3. Cвязь с командой 00:31

Сегодня днём сильно разболелся живот, вызывал скорую. Вкололи спазмальгетик и стало легче, но четыре часа из дня выпало. Если никто не против, в рамках нашей договорённости о частичном больничном, округлю часы в таблице отчётности до 8ми и помечу больничным цветом"
2023-05-03,plan,2023-05-03T08:37:22+04:00,"План на день 03.05
1. Domcap:
    а) #1593
    б) #1354
    в) документация
    г) связь с командой
    д) книга по Rspec
    e) tests
2. Отчётность
3. Cвязь с командой"
2023-05-03,result,2023-05-03T18:33:23+04:00,"Итог на день 03.05 10:55
1. Domcap: 09:08
    а) #1593 05:39
    б) связь с командой 01:44
    в) книга по Rspec 01:44
2. Отчётность 00:20
3. Cвязь с командой 01:27"
2023-05-04,plan,2023-05-04T10:39:33+04:00,"План на день 04.05
1. Domcap:
    а) #1593
    б) #1509
    в) #1747
    г) связь с командой
    д) книга по Rspec
    e) tests
    ё) документация
2. Continure:
    а) Отчётность
    б) Cвязь с командой
    в) Рекрутинг
    г) Скиллсет"
2023-05-04,result,2023-05-04T19:37:04+04:00,"Итог на день 04.05 08:50
1. Domcap: 07:24
    а) #1593 03:13
    б) #1509 00:33
    в) #1747 00:05
    г) связь с командой 02:03
    д) книга по Rspec 00:45
    e) документация 00:43
2. Continure: 01:19
    а) Отчётность 00:23
    б) Cвязь с командой 00:03
    в) Рекрутинг 00:59"
2023-05-05,plan,2023-05-05T08:18:42+04:00,"План на день 05.05
1. Domcap:
    а) #1593
    б) #1747
    в) tests
    г) связь с командой
    д) книга по Rspec
    e) документация
2. Continure:
    а) Отчётность
    б) Cвязь с командой
    в) Скиллсет"
2023-05-05,result,2023-05-05T18:59:14+04:00,"Итог на день 05.05 08:06
1. Domcap: 07:50
    а) #1593 02:25
    б) #1747 02:16
    в) связь с командой 01:32
    г) книга по Rspec 01:28
    д) документация 00:07
2. Continure: 00:16
    а) Отчётность 00:16"
2023-05-10,plan,2023-05-10T09:22:44+04:00,"План на день 10.05
1. Domcap:
    а) #1593
    б) #1747
    в) tests
    г) связь с командой
    д) документация
2. Continure:
    а) Отчётность
    б) Cвязь с командой
    в) Рекрутинг
    г) Скиллсет"
2023-05-10,result,2023-05-10T18:22:45+04:00,"Итог на день 10.05 07:44
1. Domcap: 06:55
    а) #1593 01:24
    б) #1747 03:11
    в) tests 00:55
    г) связь с командой 01:15
    д) документация 00:08
2. Continure: 00:43
    а) Отчётность 00:19
    б) Рекрутинг 00:01
    в) Скиллсет 00:28"
2023-05-11,plan,2023-05-11T08:52:13+04:00,"План на день 11.05
1. Domcap:
    а) #1593
    б) #1747
    в) tests
    г) связь с командой
    д) документация
2. Continure:
    а) Рекрутинг
    б) Cвязь с командой
    в) Отчётность"
2023-05-11,result,2023-05-11T18:32:22+04:00,"Итог на день 11.05 07:32
1. Domcap: 07:04
    а) #1593 01:40
    б) #1747 03:47
    в) tests
    г) связь с командой 01:30
    д) документация 00:05
2. Continure: 00:27
    а) Рекрутинг 00:11
    б) Cвязь с командой 00:02
    в) Отчётность 00:14"
2023-05-12,plan,2023-05-12T09:01:37+04:00,"План на день 12.05
1. Domcap:
    а) #1519
    б) #1747
    в) #1593
    г) связь с командой
    д) документация
2. Continure:
    а) Рекрутинг
    б) Cвязь с командой
    в) Отчётность"
2023-05-12,result,2023-05-12T17:59:23+04:00,"Итог на день 12.05 07:40
1. Domcap: 06:11
    а) #1519 00:57
    б) #1593 03:29
    в) связь с командой 01:39
    г) документация 00:05
2. Continure: 01:28
    а) Рекрутинг 01:15
    б) Отчётность 00:13"
2023-05-15,plan,2023-05-15T09:01:00+04:00,"План на день 15.05
1. Domcap:
    а) #1747
    б) docker
    в) tests
    г) связь с командой
    д) документация
2. Continure:
    а) Рекрутинг
    б) Cвязь с командой
    в) Отчётность"
2023-05-15,result,2023-05-15T19:45:10+04:00,"Итог на день 15.05 10:13
1. Domcap: 08:05
    а) #1747 02:52
    б) docker, установка проекта 02:31
    в) tests, книга 00:30
    г) связь с командой 01:56
    д) документация 00:14
2. Continure: 02:05
    а) Рекрутинг 01:37
    б) Отчётность 00:29"
2023-05-16,plan,2023-05-16T08:31:19+04:00,"План на день 16.05
1. Domcap:
    а) #1747
    б) docker, запуск проекта
    в) tests
    г) связь с командой
    д) документация
2. Continure:
    а) Рекрутинг
    б) Cвязь с командой
    в) Отчётность"
2023-05-16,result,2023-05-17T08:08:46+04:00,"Итог на день 16.05 08:03
1. Domcap: 07:20
    а) #1747 02:02
    б) docker, запуск проекта 04:01
    в) tests
    г) связь с командой 01:14
    д) документация 00:02
2. Continure: 00:36
    а) Рекрутинг 00:23
    б) Отчётность 00:20"
2023-05-17,plan,2023-05-17T08:19:34+04:00,"План на день 17.05
1. Domcap:
    а) #1747
    б) docker, запуск проекта
    в) tests
    г) связь с командой
    д) документация
2. Continure:
    а) Рекрутинг
    б) Cвязь с командой
    в) Отчётность"
2023-05-17,result,2023-05-17T18:15:01+04:00,"Итог на день 17.05 08:52
1. Domcap: 08:18
    а) #1747 05:46
    б) docker, запуск проекта 00:59
    в) tests, book 00:10
    г) связь с командой 01:21
    д) документация 00:02
2. Continure: 00:33
    а) Рекрутинг 00:14
    б) Отчётность 00:19"
2023-05-18,plan,2023-05-18T09:49:38+04:00,"План на день 18.05
1. Domcap:
    а) #1747
    б) tests
    в) связь с командой
    г) документация
2. Continure:
    а) Рекрутинг
    б) Cвязь с командой
    в) Отчётность"
2023-05-18,result,2023-05-18T18:19:05+04:00,"Итог на день 18.05 06:20
1. Domcap: 06:04
    а) #1747 04:27
    б) связь с командой 01:22
    в)документация 00:13
2. Continure: 00:16
    а) Отчётность 00:16"
2023-05-19,plan,2023-05-19T09:14:42+04:00,"План на день 19.05
1. Domcap:
    а) #1747
    б) #1519  
    в) связь с командой
    г) документация
2. Continure:
    а) Рекрутинг
    б) Cвязь с командой
    в) Отчётность"
2023-05-19,result,2023-05-19T18:20:00+04:00,"Итог на день 19.05 07:54
1. Domcap: 07:33
    а) #1747 05:46
    б) #1519  
    в) связь с командой 01:32
    г) документация 00:15
2. Continure: 00:20
    а) Рекрутинг 00:05
    б) Cвязь с командой 00:01
    в) Отчётность 00:14"
2023-05-22,plan,2023-05-22T11:54:26+04:00,"План на день 22.05
1. Domcap:
    а) #1747
    б) #1519  
    в) связь с командой
    г) документация
2. Continure:
    а) Рекрутинг
    б) Скиллсет
    в) Cвязь с командой
    г) Отчётность"
2023-05-22,result,2023-05-22T21:03:21+04:00,"Итог на день 22.05 08:57
1. Domcap: 07:20
    а) #1747 06:13
    б) #1519  
    в) связь с командой 01:02
    г) документация 00:03
2. Continure: 01:32
    а) Рекрутинг 00:32
    б) Скиллсет 00:32
    в) Cвязь с командой 00:14
    г) Отчётность 00:18"
2023-05-23,plan,2023-05-23T07:37:49+04:00,"План на день 23.05
1. Domcap:
    а) #1747
    б) #1519  
    в) связь с командой
    г) документация
2. Continure:
    а) Рекрутинг
    б) Cвязь с командой
    в) Отчётность"
2023-05-23,result,2023-05-23T16:57:59+04:00,"Итог на день 23.05 08:52
1. Domcap: 08:19
    а) #1747 07:14
    б) #1519  
    в) связь с командой 01:01
    г) документация 00:03
2. Continure: 00:32
    а) Рекрутинг 00:05
    б) Cвязь с командой 00:10
    в) Отчётность 00:17"
2023-05-24,plan,2023-05-24T11:44:49+04:00,"План на день 24.05 
1. Domcap:
    а) тесты
    б) #1519  
    в) связь с командой
    г) документация
    д) книга RSpec
2. Continure:
    а) Рекрутинг
    б) Cвязь с командой
    в) Отчётность"
2023-05-24,result,2023-05-24T18:18:16+04:00,"Итог на день 24.05  05:05
1. Domcap: 03:20
    а) тесты 01:25
    б) RSpec book 00:57  
    в) связь с командой 00:54
    г) документация 00:02
2. Continure: 01:32
    а) Рекрутинг 01:21
    б) Cвязь с командой 00:02
    в) Отчётность 00:21"
2023-05-25,plan,2023-05-25T09:26:44+04:00,"План на день 25.05 
1. Domcap:
    а) #1747
    б) #1519  
    в) связь с командой
    г) документация
2. Continure:
    а) Рекрутинг
    б) Cвязь с командой
    в) Отчётность"
2023-05-25,result,2023-05-25T18:56:51+04:00,"Итог на день 25.05 08:21
1. Domcap: 05:39
    а) #1747 04:27
    б) связь с командой 00:44
2. Continure: 02:37
    а) Рекрутинг 01:30
    б) Cвязь с командой 00:59
    в) Отчётность 00:12"
2023-05-26,plan,2023-05-26T20:35:02+04:00,"План на день 26.05 
1. Domcap:
    а) tests
    б) #1519  
    в) связь с командой
    г) документация
    д) книга по RSpec
2. Continure:
    а) Рекрутинг
    б) Cвязь с командой
    в) Отчётность"
2023-05-26,result,2023-05-26T21:19:32+04:00,"Итог на день 26.05 10:15
1. Domcap: 02:36
    а) tests 01:13
    б) #1519  
    в) связь с командой 00:47
    г) документация 
    д) книга по RSpec 00:35
2. Continure: 07:39
    а) Рекрутинг 07:09
    б) Cвязь с командой 00:14
    в) Отчётность 00:15"
2023-05-29,plan,2023-05-29T10:31:39+04:00,"План на день 29.05 
1. Domcap:
    а) tests
    б) #1519  
    в) связь с командой
    г) документация
2. Continure:
    а) Рекрутинг
    б) Cвязь с командой
    в) Отчётность"
2023-05-30,plan,2023-05-30T07:48:49+04:00,"План на день 30.05 
1. Domcap:
    а) tests
    б) #1519  
    в) связь с командой
    г) документация
2. Continure:
    а) Рекрутинг
    б) Cвязь с командой
    в) Отчётность"
2023-05-30,result,2023-05-30T18:19:35+04:00,"Итог на день 30.05 10:27
1. Domcap: 09:10
    а) tests 06:56
    б) #1519  
    в) связь с командой 01:52
    г) документация 00:20
2. Continure: 01:17
    а) Рекрутинг 00:24
    б) Cвязь с командой 00:15
    в) Отчётность 00:36"
2023-05-31,plan,2023-05-31T10:38:59+04:00,"План на день 31.05 
1. Domcap:
    а) tests
    б) #1519  
    в) 1441
    г)  связь с командой
    д) документация
2. Continure:
    а) Рекрутинг
    б) Cвязь с командой
    в) Отчётность"
2023-05-31,result,2023-05-31T18:23:26+04:00,"Итог на день 31.05  05:09
1. Domcap: 04:34
    а) tests 00:28
    б) #1519  00:20
    в) #1441 01:15
    г)  связь с командой 02:30
    д) документация
2. Continure: 00:35
    а) Рекрутинг 00:06
    б) Cвязь с командой 00:09
    в) Отчётность 00:20"
2023-06-01,plan,2023-06-01T10:00:54+04:00,"План на день 01.06 
1. Domcap:
    а) tests
    б) #1519  
    в) #1441
    г) #1936
    д) документация
    е) связь с командой
2. Continure:
    а) Рекрутинг
    б) Cвязь с командой
    в) Отчётность"
2023-06-01,result,2023-06-01T20:31:43+04:00,"Итог на день 01.06 09:41
1. Domcap: 08:27
    а) tests 04:47
    б) #1519  
    в) #1441     
    г) #1936 02:19
    д) документация
    е) связь с командой 00:55
2. Continure: 01:14
    а) Рекрутинг 00:27
    б) Cвязь с командой 00:08
    в) Отчётность 00:38"
2023-06-02,result,2023-06-02T18:25:05+04:00,"Итог на день 02.06  06:52
1. Domcap: 04:57
    а) tests 00:21
    б) #1519  00:06
    в) #1441 01:26
    г) #1936 01:30
    д) документация 00:06
    е) связь с командой 01:25
2. Continure: 01:55
    а) Рекрутинг 01:08
    б) Cвязь с командой 00:37
    в) Отчётность 00:09"
2023-06-05,plan,2023-06-05T08:48:07+04:00,"План на день 05.06 
1. Domcap:
    а) tests
    б) #1519  
    в) #1441
    г) документация
    д) связь с командой
2. Continure:
    а) Рекрутинг
    б) Cвязь с командой
    в) Отчётность"
2023-06-05,result,2023-06-05T19:30:56+04:00,"Итог на день 05.06 09:37
1. Domcap: 07:43
    а) tests
    б) #1519  
    в) #1441 04:48
    г) документация 00:10
    д) связь с командой 02:44
2. Continure: 01:53
    а) Рекрутинг 00:45
    б) Cвязь с командой 01:02
    в) Отчётность 00:11"
2023-06-06,result,2023-06-06T20:23:53+04:00,"Итог на день 06.06 07:27
1. Domcap: 05:39
    а) #1441 01:53
    б) #1976 02:01
    в) документация 00:13
    г) связь с командой 01:30
2. Continure: 01:46
    а) Отчётность 01:38
    б) Cвязь с командой 00:14"
2023-06-16,plan,2023-06-16T09:52:40+04:00,"План на день 16.06 
1. Domcap:
    а) анализ изменений
    б) #1976
    в) #2025
    г) документация
    д) связь с командой
2. Continure:
    а) Отчётность
    б) Cвязь с командой
    в) Описание RoR проектов"
2023-06-16,result,2023-06-16T19:26:57+04:00,"Итог на день 16.06 07:02
1. Domcap: 05:48
    а) анализ изменений 00:16
    б) #1976 00:37
    в) #2025 03:59
    г) документация
    д) связь с командой 00:55
2. Continure: 01:14
    а) Отчётность 00:13
    б) Cвязь с командой 00:30
    в) Описание RoR проектов 00:30"
2023-06-19,plan,2023-06-19T08:51:09+04:00,"План на день 19.06 
1. Domcap:
    а) #1976
    б) #2025
    в) документация
    г) связь с командой
2. Continure:
    а) Отчётность
    б) Cвязь с командой
    в) Описание RoR проектов"
2023-06-19,result,2023-06-19T18:21:46+04:00,"Итог на день 19.06 08:03
1. Domcap: 06:30
    а) #1976 00:06
    б) #2025 05:13
    в) документация 00:10
    г) связь с командой 01:00
2. Continure: 01:31
    а) Отчётность 00:22
    б) Cвязь с командой 00:36
    в) Описание RoR проектов 00:33"
2023-06-20,plan,2023-06-20T09:31:55+04:00,"План на день 20.06 
1. Domcap:
    а) #2025
    б) документация
    в) связь с командой
2. Continure:
    а) Описание RoR проектов
    б) Cвязь с командой
    в) Отчётность"
2023-06-20,result,2023-06-20T18:37:05+04:00,"Итог на день 20.06  07:59
1. Domcap: 07:41
    а) #2025 05:38
    б) документация 00:07
    в) связь с командой 01:55
2. Continure: 00:18
    а) Рекрутинг обратная связь 00:07
    б) Отчётность 00:10"
2023-06-21,plan,2023-06-21T10:14:47+04:00,"План на день 21.06 
1. Domcap:
    а) #2025
    б) документация
    в) связь с командой
2. Continure:
    а) Описание RoR проектов
    б) Рекрутинг обратная связь
    в) Отчётность
    г) Связь с командой"
2023-06-21,result,2023-06-21T19:21:39+04:00,"Итог на день 21.06 07:38
1. Domcap: 06:56
    а) #2025 04:13
    б) документация 00:14
    в) связь с командой 02:28
2. Continure: 00:42
    а) Описание RoR проектов 00:20
    б) Рекрутинг обратная связь
    в) Отчётность 00:12
    г) Связь с командой 00:08"
2023-06-22,plan,2023-06-22T08:56:54+04:00,"План на день 22.06 
1. Domcap:
    а) #2025
    б) #2044
    в) связь с командой
    д) документация
2. Continure:
    а) Описание RoR проектов
    б) Рекрутинг обратная связь
    в) Отчётность
    г) Связь с командой"
2023-06-22,result,2023-06-22T18:57:24+04:00,"Итог на день 22.06 09:15
1. Domcap: 08:20
    а) #2025 06:29
    б) #2044
    в) связь с командой 01:47
    д) документация 00:03
2. Continure: 00:54
    а) Описание RoR проектов
    б) Рекрутинг обратная связь
    в) Отчётность 00:20
    г) Связь с командой 00:33"
2023-06-23,plan,2023-06-23T06:45:10+04:00,"План на день 23.06 
1. Domcap:
    а) #1978
    б) #1818
    в) #2025
    д) связь с командой
    e) документация
2. Continure:
    а) Описание RoR проектов
    б) Рекрутинг обратная связь
    в) Отчётность
    г) Связь с командой"
2023-06-23,result,2023-06-23T19:47:26+04:00,"Итог на день 23.06  06:27
1. Domcap: 04:04
    а) #1818 02:47
    б) #1978
    в) #2025 00:41
    д) связь с командой 00:31
    e) документация 00:02
2. Continure: 02:18
    а) Описание RoR проектов 00:51
    б) Рекрутинг обратная связь 01:13
    в) Отчётность 00:13
    г) Связь с командой 00:04"
2023-06-26,plan,2023-06-26T08:24:04+04:00,"План на день 26.06 
1. Domcap:
    а) #1818
    б) #1978
    в) #1490
    д) связь с командой
    e) документация
2. Continure:
    а) Отчётность
    б) Связь с командой"
2023-06-26,result,2023-06-26T18:47:13+04:00,"Итог на день 26.06 08:15
1. Domcap: 07:46
    а) #1978 03:43
    б) #1818 01:11
    в) #1490 
    д) связь с командой 02:44
    e) документация 00:08
2. Continure: 00:28
    а) Отчётность 00:23
    б) Связь с командой 00:05"
2023-07-03,plan,2023-07-03T08:39:57+04:00,"План на день 03.07 
1. Domcap:
    а) #1978
    б) #1818
    в) #1490
    г) #2025
    д) связь с командой
    e) документация
2. Continure:
    а) Отчётность
    б) Связь с командой"
2023-07-03,result,2023-07-03T19:53:40+04:00,"Итог на день 03.07 08:07
1. Domcap: 06:59
    а) #1978 00:26
    б) #1818 00:20
    в) #1490 04:03
    г) #2025 00:24
    д) связь с командой 01:35
    e) документация 00:08
2. Continure: 01:08
    а) Отчётность 00:36
    б) Связь с командой 00:34"
2023-07-04,plan,2023-07-04T07:21:41+04:00,"План на день 04.07 
1. Domcap:
    а) #1490
    б) #2025
    в) связь с командой
    г) документация
2. Continure:
    а) Отчётность
    б) Связь с командой"
2023-07-04,result,2023-07-04T18:51:13+04:00,"Итог на день 04.07 07:02
1. Domcap: 04:33
    а) #1490 03:42
    б) #2025 00:03
    в) связь с командой 00:43
    г) документация 00:04
2. Continure: 02:23
    а) Отчётность 00:06
    б) Связь с командой 02:17"
2023-07-05,plan,2023-07-05T07:22:29+04:00,"План на день 05.07 
1. Domcap:
    а) #1490
    б) связь с командой
    в) документация
2. Continure:
    а) Описание проектов
    б) Рекрутинг
    в) Отчётность
    г) Связь с командой"
2023-07-05,result,2023-07-05T18:27:54+04:00,"Итог на день 05.07 07:35
1. Domcap: 07:20
    а) #1490 06:01
    б) связь с командой 01:00
    в) документация 00:18
2. Continure: 00:14
    а) Описание проектов
    б) Рекрутинг
    в) Отчётность 00:12
    г) Связь с командой 00:02"
2023-07-06,plan,2023-07-06T09:00:39+04:00,"План на день 06.07 
1. Domcap:
    а) #1490
    б) связь с командой
    в) документация
2. Continure:
    а) Описание проектов
    б) Рекрутинг
    в) Отчётность
    г) Связь с командой"
2023-07-06,result,2023-07-06T17:51:21+04:00,"Итог на день 06.07 07:31
1. Domcap: 06:42
    а) #1490 05:15
    б) связь с командой 01:21
    в) документация 00:05
2. Continure: 00:43
    а) Описание проектов 
    б) Рекрутинг
    в) Отчётность 00:09
    г) Связь с командой 00:39"
2023-07-07,plan,2023-07-07T08:22:38+04:00,"План на день 07.07 
1. Domcap:
    а) #1490
    б) связь с командой
    в) документация
2. Continure:
    а) Описание проектов
    б) Рекрутинг
    в) Отчётность
    г) Связь с командой"
2023-07-07,result,2023-07-07T18:38:39+04:00,"Итог на день 07.07  06:35
1. Domcap: 05:36
    а) #1490 05:12
    б) связь с командой 00:21
    в) документация 00:03
2. Continure: 00:53
    а) Описание проектов 
    б) Рекрутинг 00:42
    в) Отчётность 00:13
    г) Связь с командой 00:03"
2023-07-10,plan,2023-07-10T08:34:34+04:00,"План на день 10.07 
1. Domcap:
    а) #1490
    б) связь с командой
    в) документация
2. Continure:
    а) Описание проектов
    б) Рекрутинг
    в) Отчётность
    г) Связь с командой"
2023-07-10,result,2023-07-10T19:14:52+04:00,"Итог на день 10.07 08:43
1. Domcap: 06:58
    а) #1490 03:45
    б) связь с командой 02:27
    в) документация 00:05
2. Continure: 01:45
    а) Описание проектов 
    б) Рекрутинг 01:25
    в) Отчётность 00:11
    г) Связь с командой 00:07"
2023-07-11,plan,2023-07-11T12:59:44+04:00,"План на день 11.07 
1. Domcap:
    а) #1490
    б) связь с командой
    в) документация
2. Continure:
    а) Описание проектов
    б) Рекрутинг
    в) Отчётность
    г) Связь с командой"
2023-07-11,result,2023-07-11T18:55:06+04:00,"Итог на день 11.07 07:05
1. Domcap: 05:12
    а) #1490 03:47
    б) связь с командой 01:21
    в) документация 00:03
2. Continure: 01:48
    а) Описание проектов 00:23
    б) Рекрутинг 01:09
    в) Отчётность 00:08
    г) Связь с командой 00:10"
2023-07-12,plan,2023-07-12T08:13:20+04:00,"План на день 12.07 
1. Domcap:
    а) #1490
    б) связь с командой
    в) документация
2. Continure:
    а) Описание проектов
    б) Рекрутинг
    в) Отчётность
    г) Связь с командой"
2023-07-12,result,2023-07-12T19:02:27+04:00,"Итог на день 12.07 07:43
1. Domcap: 06:23
    а) #1490 05:39
    б) связь с командой 00:41
    в) документация 00:02
2. Continure: 00:20
    а) Описание проектов 00:12
    б) Рекрутинг 00:50
    в) Отчётность 00:09
    г) Связь с командой 00:05"
2023-07-13,plan,2023-07-13T08:07:47+04:00,"План на день 13.07 
1. Domcap:
    а) #1490
    б) #2025
    в) общий анализ задач
    г) связь с командой
    д) документация
2. Continure:
    а) Описание проектов
    б) Рекрутинг
    в) Отчётность
    г) Связь с командой"
2023-07-13,result,2023-07-13T19:39:30+04:00,"Итог на день 13.07 10:55
1. Domcap: 09:05
    а) #1490 03:12
    б) #2025 02:48
    в) общий анализ задач 00:33
    г) связь с командой 02:29
    д) документация 00:02
2. Continure: 01:44
    а) Описание проектов 00:13
    б) Рекрутинг 01:13
    в) Отчётность 00:11
    г) Связь с командой 00:12"
2023-07-14,plan,2023-07-14T10:00:20+04:00,"План на день 14.07 
1. Domcap:
    а) #1488, #1756
    б) #2120
    в) связь с командой
    г) документация
2. Continure:
    а) Описание проектов
    б) Рекрутинг
    в) Отчётность
    г) Связь с командой"
2023-07-14,result,2023-07-14T19:20:15+04:00,"Итог на день 14.07 07:27
1. Domcap: 06:47
    а) #1488, #1756 00:49
    б) #2120 02:23
    в) связь с командой 02:25
    г) документация 00:45
    д) #1490 00:23
2. Continure: 00:40
    а) Описание проектов 
    б) Рекрутинг 00:18
    в) Отчётность 00:19
    г) Связь с командой 00:04"
2023-07-17,plan,2023-07-17T09:19:52+04:00,"План на день 17.07 
1. Domcap:
    а) #1756
    б) документация
    в) связь с командой
2. Continure:
    а) Описание проектов
    б) Рекрутинг
    в) Отчётность
    г) Связь с командой"
2023-07-17,result,2023-07-17T18:56:36+04:00,"Итог на день 17.07 07:34
1. Domcap: 06:57
    а) #1756 05:04
    б) документация 00:06
    в) связь с командой 01:45
2. Continure: 00:36
    а) Описание проектов 
    б) Рекрутинг 00:16
    в) Отчётность 00:13
    г) Связь с командой 00:02"
2023-07-18,plan,2023-07-18T08:23:30+04:00,"План на день 18.07 
1. Domcap:
    а) #1756
    б) документация
    в) связь с командой
2. Continure:
    а) Описание проектов
    б) Рекрутинг
    в) Отчётность
    г) Связь с командой"
2023-07-18,result,2023-07-18T18:13:10+04:00,"Итог на день 18.07 07:52
1. Domcap: 07:26
    а) #1756 06:03
    б) документация 00:05
    в) связь с командой 01:17
2. Continure: 00:26
    а) Описание проектов 
    б) Рекрутинг
    в) Отчётность 00:22
    г) Связь с командой 00:04"
2023-07-19,plan,2023-07-19T09:27:53+04:00,"План на день 19.07 
1. Domcap:
    а) #1756
    б) документация
    в) связь с командой
2. Continure:
    а) Описание проектов
    б) Рекрутинг
    в) Отчётность
    г) Связь с командой"
2023-07-19,result,2023-07-20T09:01:28+04:00,"Итог на день 19.07 08:36
1. Domcap: 08:10
    а) #1756 06:41
    б) документация 00:24
    в) связь с командой 01:04
2. Continure: 00:25
    а) Описание проектов
    б) Рекрутинг
    в) Отчётность 00:23
    г) Связь с командой 00:02"
2023-07-20,plan,2023-07-20T09:02:06+04:00,"План на день 20.07 
1. Domcap:
    а) #1756
    б) документация
    в) связь с командой
2. Continure:
    а) Описание проектов
    б) Рекрутинг
    в) Отчётность
    г) Связь с командой"
2023-07-21,plan,2023-07-21T07:59:07+04:00,"План на день 21.07 
1. Domcap:
    а) #1756
    б) документация
    в) связь с командой
2. Continure:
    а) Описание проектов
    б) Рекрутинг
    в) Отчётность
    г) Связь с командой"
2023-07-21,result,2023-07-21T18:46:24+04:00,"Итог на день 21.07 06:55
1. Domcap: 06:01
    а) #1756 05:04
    б) документация 00:05
    в) связь с командой 00:48
2. Continure: 00:48
    а) Описание проектов
    б) Рекрутинг 00:18
    в) Отчётность 00:32
    г) Связь с командой 00:03"
2023-07-24,plan,2023-07-24T10:14:36+04:00,"План на день 24.07 
1. Domcap:
    а) #1756
    б) документация
    в) связь с командой
2. Continure:
    а) Описание проектов
    б) Рекрутинг
    в) Отчётность
    г) Связь с командой"
2023-07-24,result,2023-07-24T19:26:40+04:00,"Итог на день 24.07  07:12
1. Domcap: 04:56
    а) #1756 02:09
    б) документация 00:20
    в) связь с командой 02:27
2. Continure: 02:12
    а) Описание проектов
    б) Рекрутинг 01:13
    в) Отчётность 00:52
    г) Связь с командой 00:07"
2023-07-25,plan,2023-07-25T09:55:44+04:00,"План на день 25.07 
1. Domcap:
    а) #1756
    б) документация
    в) связь с командой
2. Continure:
    а) Описание проектов
    б) Рекрутинг
    в) Отчётность
    г) Связь с командой"
2023-07-25,result,2023-07-25T18:48:08+04:00,"Итог на день 25.07  08:29
1. Domcap: 07:47
    а) #1756 04:53
    б) документация 00:39
    в) связь с командой 02:14
2. Continure: 00:37
    а) Описание проектов 
    б) Рекрутинг 00:31
    в) Отчётность 00:11
    г) Связь с командой"
2023-07-26,plan,2023-07-26T09:41:18+04:00,"План на день 26.07 
1. Domcap:
    а) #1756
    б) документация
    в) связь с командой
2. Continure:
    а) Описание проектов
    б) Рекрутинг
    в) Отчётность
    г) Связь с командой"
2023-07-26,result,2023-07-26T13:56:18+04:00,"Итог на день 26.07 03:42
1. Domcap: 02:07
    а) #1756 01:29
    б) документация 00:19
    в) связь с командой 00:19
2. Continure: 01:34
    а) Описание проектов
    б) Рекрутинг 00:21
    в) Отчётность 01:11"
2023-07-27,plan,2023-07-27T10:22:20+04:00,"План на день 27.07 
1. Domcap:
    а) #1756
    б) документация
    в) связь с командой
2. Continure:
    а) Описание проектов
    б) Рекрутинг
    в) Отчётность
    г) Связь с командой"
2023-07-27,result,2023-07-27T18:16:33+04:00,"Итог на день 27.07 07:44
1. Domcap: 04:52
    а) #1756 03:47
    б) документация 00:09
    в) связь с командой 00:56
2. Continure: 02:51
    а) Описание проектов 00:05
    б) Рекрутинг 02:12
    в) Отчётность 00:29
    г) Связь с командой"
2023-07-28,plan,2023-07-28T09:25:26+04:00,"План на день 28.07 
1. Domcap:
    а) #1756
    б) документация
    в) связь с командой
2. Continure:
    а) Описание проектов
    б) Рекрутинг
    в) Отчётность
    г) Связь с командой"
2023-07-28,result,2023-07-28T18:30:10+04:00,"Итог на день 28.07 08:38
1. Domcap: 07:34
    а) #1756 05:57
    б) документация 00:08
    в) связь с командой 01:29
2. Continure: 01:03
    а) Описание проектов 
    б) Рекрутинг 00:50
    в) Отчётность 00:13
    г) Связь с командой"
2023-07-31,plan,2023-07-31T07:32:46+04:00,"План на день 31.07 
1. Domcap:
    а) #1756
    б) документация
    в) связь с командой
2. Continure:
    а) Описание проектов
    б) Рекрутинг
    в) Отчётность
    г) Связь с командой"
2023-07-31,result,2023-07-31T19:35:59+04:00,"Итог на день 31.07  08:26
1. Domcap: 08:01
    а) #1756 06:27
    б) документация 00:04
    в) связь с командой 01:28
2. Continure: 00:25
    а) Описание проектов
    б) Рекрутинг 00:11
    в) Отчётность 00:12
    г) Связь с командой 00:02"
2023-08-01,plan,2023-08-01T10:40:45+04:00,"План на день 01.08 
1. Domcap:
    а) #1756
    б) документация
    в) связь с командой
2. Continure:
    а) Описание проектов
    б) Рекрутинг
    в) Отчётность
    г) Связь с командой"
2023-08-01,result,2023-08-01T18:49:03+04:00,"Итог на день 01.08 08:11
1. Domcap: 06:55
    а) #1756 05:34
    б) документация 00:07
    в) связь с командой 01:13
2. Continure: 01:15
    а) Описание проектов 00:13
    б) Рекрутинг 00:09
    в) Отчётность 00:36
    г) Связь с командой 00:16"
2023-08-02,plan,2023-08-02T09:48:01+04:00,"План на день 02.08 
1. Domcap:
    а) #1756
    б) #1698
    в) связь с командой
    г) документация
2. Continure:
    а) Описание проектов
    б) Рекрутинг
    в) Отчётность
    г) Связь с командой"
2023-08-02,result,2023-08-02T18:34:09+04:00,"Итог на день 02.08 08:45
1. Domcap: 07:46
    а) #1756 06:19
    б) #1698
    в) связь с командой 00:59
    г) документация 00:27
2. Continure: 00:54
    а) Описание проектов 00:18
    б) Рекрутинг 00:24
    в) Отчётность 00:16
    г) Связь с командой"
2023-08-03,plan,2023-08-03T09:07:14+04:00,"План на день 03.08 
1. Domcap:
    а) #1756
    б) #1698
    в) связь с командой
    г) документация
2. Continure:
    а) Описание проектов
    б) Рекрутинг
    в) Отчётность
    г) Связь с командой"
2023-08-03,result,2023-08-03T19:41:14+04:00,"Итог на день 03.08  09:56
1. Domcap: 09:15
    а) #1756 06:49
    б) #1698
    в) связь с командой 01:38
    г) документация 00:47
2. Continure: 00:41
    а) Описание проектов 
    б) Рекрутинг
    в) Отчётность 00:21
    г) Связь с командой 00:20"
2023-08-04,plan,2023-08-04T06:38:57+04:00,"План на день 04.08 
1. Domcap:
    а) #1756
    б) #1698
    в) связь с командой
    г) документация
2. Continure:
    а) Описание проектов
    б) Рекрутинг
    в) Отчётность
    г) Связь с командой"
2023-08-04,result,2023-08-04T20:14:11+04:00,"Итог на день 04.08 09:54
1. Domcap: 09:49
    а) #1756 08:24
    б) #1698 
    в) связь с командой 00:57
    г) документация 00:12
2. Continure: 00:20
    а) Описание проектов 
    б) Рекрутинг
    в) Отчётность 00:15
    г) Связь с командой 00:05"
2023-08-07,plan,2023-08-07T09:51:08+04:00,"План на день 07.08 
1. Domcap:
    а) #1756
    б) #1698
    в) связь с командой
    г) документация
2. Continure:
    а) Описание проектов
    б) Рекрутинг
    в) Отчётность
    г) Связь с командой"
2023-08-07,result,2023-08-07T19:25:37+04:00,"Итог на день 07.08 09:15
1. Domcap: 07:54
    а) #1756 03:28
    б) #1698 00:46
    в) связь с командой 02:42
    г) документация 00:56
2. Continure: 01:21
    а) Описание проектов 00:12
    б) Рекрутинг 00:44
    в) Отчётность 00:13
    г) Связь с командой 00:04"
2023-08-08,plan,2023-08-08T09:51:12+04:00,"План на день 08.08 
1. Domcap:
    а) #1756
    б) #1698
    в) связь с командой
    г) документация
2. Continure:
    а) Описание проектов
    б) Рекрутинг
    в) Отчётность
    г) Связь с командой"
2023-08-08,result,2023-08-08T18:39:03+04:00,"Итог на день 08.08 08:11
1. Domcap: 07:49
    а) #1756 06:09
    б) #1698 00:41
    в) связь с командой 00:43
    г) документация 00:14
2. Continure: 00:21
    а) Описание проектов 
    б) Рекрутинг 00:03
    в) Отчётность 00:18
    г) Связь с командой 00:01"
2023-08-09,plan,2023-08-09T08:50:15+04:00,"План на день 09.08 
1. Domcap:
    а) #1698
    б) связь с командой
    в) документация
2. Continure:
    а) Описание проектов
    б) Рекрутинг
    в) Отчётность
    г) Связь с командой"
2023-08-09,result,2023-08-09T18:59:43+04:00,"Итог на день 09.08 09:42
1. Domcap: 08:45
    а) #1698 06:52
    б) связь с командой 00:12
    в) документация 00:37
    г) #1756 01:03
2. Continure: 00:48
    а) Описание проектов 00:35
    б) Рекрутинг 
    в) Отчётность 00:20
    г) Связь с командой 00:01"
2023-08-10,plan,2023-08-10T09:31:19+04:00,"План на день 10.08 
1. Domcap:
    а) #1756
    б) #1698
    в) связь с командой
    г) документация
2. Continure:
    а) Описание проектов
    б) Рекрутинг
    в) Отчётность
    г) Связь с командой"
2023-08-10,result,2023-08-10T20:27:25+04:00,"Итог на день 10.08 09:09
1. Domcap: 09:01
    а) #1756 05:51
    б) #1698
    в) связь с командой 01:17
    г) документация 01:52
2. Continure: 00:08
    а) Описание проектов
    б) Рекрутинг
    в) Отчётность 00:08
    г) Связь с командой"
2023-08-11,plan,2023-08-11T08:04:31+04:00,"План на день 11.08 
1. Domcap:
    а) #1756
    б) #1698
    в) связь с командой
    г) документация
2. Continure:
    а) Описание проектов
    б) Рекрутинг
    в) Отчётность
    г) Связь с командой"
2023-08-11,result,2023-08-11T15:55:48+04:00,"Итог на день 11.08 05:55
1. Domcap: 05:15
    а) #1756 02:20
    б) #1698 02:20
    в) связь с командой  00:01
    г) документация 00:33
2. Continure: 00:40
    а) Описание проектов 00:08
    б) Рекрутинг 00:13
    в) Отчётность 00:13
    г) Связь с командой 00:04"
2023-08-14,plan,2023-08-14T10:52:39+04:00,"План на день 14.08 
1. Domcap:
    а) #1756
    б) #1698
    в) связь с командой
    г) документация 
2. Continure:
    а) Описание проектов
    б) Рекрутинг 
    в) Отчётность
    г) Связь с командой"
2023-08-15,plan,2023-08-15T06:52:31+04:00,"План на день 15.08 
1. Domcap:
    а) #1698
    б) связь с командой
    в) документация 
2. Continure:
    а) Описание проектов
    б) Рекрутинг 
    в) Отчётность
    г) Связь с командой"
2023-08-15,result,2023-08-15T19:35:19+04:00,"Итог на день 15.08 10:06
1. Domcap: 08:55
    а) #1698 07:43
    б) связь с командой 01:08
    в) документация 00:03
2. Continure: 01:11
    а) Описание проектов
    б) Рекрутинг  00:58
    в) Отчётность 00:12"
2023-08-16,plan,2023-08-16T07:50:46+04:00,"План на день 16.08 
1. Domcap:
    а) #1698
    б) связь с командой
    в) документация 
2. Continure:
    а) Описание проектов
    б) Рекрутинг 
    в) Отчётность
    г) Связь с командой"
2023-08-16,result,2023-08-16T19:32:25+04:00,"Итог на день 16.08 08:30
1. Domcap: 07:04
    а) #1698 05:45
    б) связь с командой 00:53
    в) документация 00:25
2. Continure: 01:26
    а) Описание проектов
    б) Рекрутинг 
    в) Отчётность 00:12
    г) Связь с командой 01:13"
2023-08-17,plan,2023-08-17T07:36:56+04:00,"План на день 17.08 
1. Domcap:
    а) #1756
    б) #1698
    в) связь с командой
    г) документация 
2. Continure:
    а) Описание проектов
    б) Рекрутинг 
    в) Отчётность
    г) Связь с командой"
2023-08-17,result,2023-08-17T19:36:38+04:00,"Итог на день 17.08  08:59
1. Domcap: 07:31
    а) #1756
    б) #1698 04:23
    в) связь с командой 01:22
    г) документация 01:45
2. Continure: 01:28
    а) Описание проектов 00:13
    б) Рекрутинг 00:14
    в) Отчётность 00:20
    г) Связь с командой 00:09
    д) Финансы 00:30"
2023-08-18,plan,2023-08-18T08:18:52+04:00,"План на день 18.08 
1. Domcap:
    а) #1756
    б) #1698
    в) связь с командой
    г) документация 
2. Continure:
    а) Описание проектов
    б) Рекрутинг 
    в) Отчётность
    г) Связь с командой"
2023-08-18,result,2023-08-18T18:46:28+04:00,"Итог на день 18.08 10:15
1. Domcap: 09:33
    а) #1756 01:28
    б) #1698 07:31
    в) связь с командой 00:21
    г) документация 00:11
2. Continure: 00:42
    а) Описание проектов 
    б) Рекрутинг 
    в) Отчётность 00:37
    г) Связь с командой 00:05"
2023-08-21,plan,2023-08-21T12:38:45+04:00,"План на день 21.08 
1. Domcap:
    а) #2334
    б) #2252
    в) #2313
    г) документация 
    д) связь с командой
    е) общий анализ задач
2. Continure:
    а) Отчётность
    б) Связь с командой"
2023-08-21,result,2023-08-22T07:56:26+04:00,"Итог на день 21.08  05:29
1. Domcap: 05:07
    а) #2334 02:03
    б) #2252 
    в) #2313
    г) документация 01:13
    д) связь с командой 00:46
    е) общий анализ задач 01:04
2. Continure: 00:21
    а) Отчётность 00:21"
2023-08-22,plan,2023-08-22T07:57:51+04:00,"План на день 22.08 
1. Domcap:
    а) #2334, #2348, #2345
    б) документация 
    в) связь с командой
2. Continure:
    а) Отчётность
    б) Связь с командой"
2023-08-22,result,2023-08-22T18:40:35+04:00,"Итог на день 22.08 08:09
1. Domcap: 06:47
    а) #2334, #2348, #2345 04:01
    б) документация 00:20
    в) связь с командой 02:25
2. Continure: 01:22
    а) Отчётность 00:42
    б) Рекрутинг 00:39"
2023-08-23,plan,2023-08-23T07:57:00+04:00,"План на день 23.08 
1. Domcap:
    а) #2334, #2348, #2345
    б) документация 
    в) связь с командой
2. Continure:
    а) Отчётность
    б) Связь с командой"
2023-08-23,result,2023-08-23T18:14:07+04:00,"Итог на день 23.08 08:07
1. Domcap: 07:44
    а) #2334, #2348, #2345 07:02
    б) документация 00:04
    в) связь с командой 00:37
2. Continure: 00:22
    а) Отчётность 00:18
    б) Связь с командой 00:05"
2023-08-24,plan,2023-08-24T11:05:59+04:00,"План на день 24.08 
1. Domcap:
    а) #2334, #2348, #2345
    б) документация 
    в) связь с командой
2. Continure:
    а) Отчётность
    б) Связь с командой"
2023-08-24,result,2023-08-25T08:55:18+04:00,"Итог на день 24.08 04:07
1. Domcap: 04:01
    а) #2334, #2348, #2345 02:24
    б) документация 00:41
    в) связь с командой 00:55
2. Continure: 00:06
    а) Отчётность 00:06"
2023-08-25,plan,2023-08-25T08:58:12+04:00,"План на день 25.08 
1. Domcap:
    а) #2334, #2348, #2345
    б) документация 
    в) связь с командой
2. Continure:
    а) Отчётность
    б) Связь с командой"
2023-08-25,result,2023-08-25T18:53:18+04:00,"Итог на день 25.08 09:41
1. Domcap: 08:44
    а) #2334, #2348, #2345 05:40
    б) документация 00:18
    в) связь с командой 02:45
2. Continure: 00:56
    а) Отчётность 00:32
    б) Связь с командой 00:10
    в) Описание проектов 00:15"
2023-08-28,plan,2023-08-28T10:14:19+04:00,"План на день 28.08 
1. Domcap:
    а) #1698
    б) #2372
    в) связь с командой
    г) документация
    д) общий анализ изменений
2. Continure:
    а) Отчётность
    б) Связь с командой"
2023-08-28,result,2023-08-28T18:38:50+04:00,"Итог на день 28.08 09:10
1. Domcap: 08:19
    а) #1698 00:44
    б) #2372 01:01
    в) связь с командой
    г) документация
    д) общий анализ изменений
    е) #2252 03:23
2. Continure: 01:51
    а) Отчётность 00:41
    б) Связь с командой 00:08"
2023-08-29,plan,2023-08-29T08:02:15+04:00,"План на день 29.08 
1. Domcap:
    а) #1698
    б) #2372
    в) #2252 
    г) документация
    д) связь с командой
2. Continure:
    а) Отчётность
    б) Связь с командой"
2023-08-29,result,2023-08-29T18:46:55+04:00,"Итог на день 29.08 10:35
1. Domcap: 09:35
    а) #1698 01:22
    б) #2372 04:17
    в) #2252 00:54
    г) документация 00:05
    д) связь с командой 00:38
    е) починка тестов 01:32
    ё) анализ новых задач 00:44
2. Continure: 01:00
    а) Отчётность 00:35
    б) Связь с командой 00:25"
2023-08-30,plan,2023-08-30T08:51:24+04:00,"План на день 30.08 
1. Domcap:
    а) #1698
    б) #2388
    в)  документация
    г) связь с командой
2. Continure:
    а) Отчётность
    б) Связь с командой"
2023-08-30,result,2023-08-30T19:24:22+04:00,"Итог на день 30.08 09:18
1. Domcap: 06:32
    а) #1698 04:50
    б) #2388 00:20
    в)  документация 00:21
    г) связь с командой 00:59
2. Continure: 02:46
    а) Отчётность 00:46
    б) Связь с командой 02:00"
2023-08-31,plan,2023-08-31T08:48:16+04:00,"План на день 31.08 
1. Domcap:
    а) #1698
    б) #2388
    в)  #2372
    г) связь с командой
    д) документация
2. Continure:
    а) Отчётность
    б) Связь с командой"
2023-08-31,result,2023-08-31T18:18:05+04:00,"Итог на день 31.08 05:38
1. Domcap: 05:16
    а) #1698 01:30
    б) #2388 00:47
    в)  #2372 00:13
    г) связь с командой 01:24
    д) документация 01:03
    е) заполнение pdf на ruby 00:17
2. Continure: 00:22
    а) Отчётность 00:14
    б) Связь с командой 00:08"
2023-09-01,plan,2023-09-01T06:56:54+04:00,"План на день 01.09 
1. Domcap:
    а) #1698
    б) #2387
    в)  связь с командой
    г) документация
2. Continure:
    а) Отчётность
    б) Связь с командой"
2023-09-01,result,2023-09-01T18:38:21+04:00,"Итог на день 01.09 05:47
1. Domcap: 04:37
    а) #1698 03:10
    б) #2387 00:21
    в)  связь с командой 00:48
    г) документация 00:17
2. Continure: 01:09
    а) Отчётность 00:41
    б) Связь с командой 00:28"
2023-09-04,plan,2023-09-04T09:57:50+04:00,"План на день 04.09 
1. Domcap:
    а) #1698
    б) #2299
    в)  связь с командой
    г) документация
2. Continure:
    а) Отчётность
    б) Связь с командой"
2023-09-04,result,2023-09-04T18:42:03+04:00,"Итог на день 04.09  08:36
1. Domcap: 08:12
    а) #1698 01:51
    б) #2299 04:58
    в)  связь с командой 01:17
    г) документация 00:04
2. Continure: 00:18
    а) Отчётность 00:18
    б) Связь с командой 00:05"
2023-09-05,plan,2023-09-05T08:58:44+04:00,"План на день 05.09 
1. Domcap:
    а) #2299
    б) связь с командой
    в)  документация
2. Continure:
    а) Отчётность
    б) Связь с командой"
2023-09-05,result,2023-09-05T18:41:20+04:00,"Итог на день 05.09 05:03
1. Domcap: 04:38
    а) #2299 04:04
    б) связь с командой 00:25
    в)  документация 00:08
2. Continure: 00:25
    а) Отчётность 00:23
    б) Связь с командой 00:02"
2023-09-06,plan,2023-09-06T10:12:59+04:00,"План на день 06.09 
1. Domcap:
    а) #2299
    б) связь с командой
    в)  документация
2. Continure:
    а) Отчётность
    б) Связь с командой"
2023-09-06,result,2023-09-06T18:28:19+04:00,"Итог на день 06.09  04:17
1. Domcap: 03:59
    а) #2299 02:00
    б) связь с командой 01:25
    в)  документация 00:33
2. Continure: 00:18
    а) Отчётность 00:18"
2023-09-07,plan,2023-09-07T08:01:11+04:00,"План на день 07.09 
1. Domcap:
    а) #2299
    б) связь с командой
    в)  документация
2. Continure:
    а) Отчётность
    б) Связь с командой"
2023-09-07,result,2023-09-07T18:21:45+04:00,"Итог на день 07.09 08:03
1. Domcap: 07:49
    а) #2299 06:22
    б) связь с командой 01:14
    в)  документация 00:13
2. Continure: 00:13
    а) Отчётность 00:13"
2023-09-08,plan,2023-09-08T09:19:21+04:00,"План на день 08.09 
1. Domcap:
    а) #2299
    б) #2182
    в)  документация
    г) связь с командой
2. Continure:
    а) Отчётность
    б) Связь с командой"
2023-09-08,result,2023-09-08T18:55:48+04:00,"Итог на день 08.09 05:42
1. Domcap: 05:31
    а) #2299 04:06
    б) #2182
    в)  документация 00:05
    г) связь с командой 01:19
2. Continure: 00:10
    а) Отчётность 00:10"
2023-09-11,plan,2023-09-11T06:13:11+04:00,"План на день 11.09 
1. Domcap:
    а) #2441
    б) #2182
    в) #2162
    г) связь с командой
    д) документация
2. Continure:
    а) Отчётность
    б) Связь с командой"
2023-09-11,result,2023-09-11T18:47:18+04:00,"Итог на день 11.09 11:31
1. Domcap: 11:14
    а) #2441 07:04
    б) #2182
    в) #2162 02:33
    г) связь с командой 01:28
    д) документация 00:08
2. Continure: 00:16
    а) Отчётность 00:15
    б) Связь с командой 00:01"
2023-09-12,plan,2023-09-12T09:27:25+04:00,"План на день 12.09 
1. Domcap:
    а) #2441
    б) #2182
    в) связь с командой
    г) документация
2. Continure:
    а) Отчётность
    б) Связь с командой"
2023-09-12,result,2023-09-12T18:34:02+04:00,"Итог на день 12.09 06:43
1. Domcap: 06:24
    а) #2441 01:01
    б) #2182 03:51
    в) связь с командой 01:08
    г) документация 00:22
2. Continure: 00:19
    а) Отчётность 00:13
    б) Связь с командой 00:06"
2023-09-13,plan,2023-09-13T09:22:20+04:00,"План на день 13.09 
1. Domcap:
    а) #1842
    б) #2182
    в) связь с командой
    г) документация
2. Continure:
    а) Отчётность
    б) Связь с командой"
2023-09-13,result,2023-09-13T18:15:33+04:00,"Итог на день 13.09 07:53
1. Domcap: 07:42
    а) #1842 02:24
    б) #2182 03:19
    в) связь с командой 01:19
    г) документация 00:38
2. Continure: 00:06
    а) Отчётность 00:10
    б) Связь с командой 00:01"
2023-09-14,plan,2023-09-14T08:11:39+04:00,"План на день 14.09 
1. Domcap:
    а) #1842
    б) #2182
    в) #2386
    г) документация
    д) связь с командой
2. Continure:
    а) Рекрутинг
    б) Связь с командой
    в) Отчётность"
2023-09-14,result,2023-09-14T19:21:12+04:00,"Итог на день 14.09 07:58
1. Domcap: 06:44
    а) #1842 02:33 
    б) #2182 00:27
    в) #2386 01:40
    г) документация 00:35
    д) связь с командой 00:42
    е) настройка локальной системы 00:42
2. Continure: 01:10
    а) Рекрутинг 00:43
    б) Связь с командой 00:21
    в) Отчётность 00:05"
2023-09-15,plan,2023-09-15T08:09:03+04:00,"План на день 15.09 
1. Domcap:
    а) #1842
    б) #2182
    в) #2386
    г) документация
    д) связь с командой
2. Continure:
    а) Рекрутинг
    б) Связь с командой
    в) Отчётность"
2023-09-15,result,2023-09-15T18:15:35+04:00,"Итог на день 15.09 06:55
1. Domcap: 05:43
    а) #1842 00:44
    б) #2182 00:42
    в) #2386 03:09
    г) документация 00:26
    д) связь с командой 00:39
2. Continure: 01:11
    а) Рекрутинг 00:47
    б) Связь с командой 00:12
    в) Отчётность 00:12"
2023-09-18,plan,2023-09-18T07:08:54+04:00,"План на день 18.09 
1. Domcap:
    а) #2490
    б) #2386
    в) документация
    г) связь с командой
2. Continure:
    а) Рекрутинг
    б) Связь с командой
    в) Отчётность"
2023-09-18,plan,2023-09-18T18:34:29+04:00,"План на день 18.09 08:36
1. Domcap: 07:09
    а) #2490 02:10
    б) #2386 02:47
    в) документация 00:08
    г) связь с командой 02:03
2. Continure: 01:32
    а) Рекрутинг 01:14
    б) Связь с командой 00:03
    в) Отчётность 00:14"
2023-09-19,plan,2023-09-19T10:18:00+04:00,"План на день 19.09 
1. Domcap:
    а) #2490
    б) #2529
    в) #1842
    г)  #1698
    д) документация
    e) связь с командой
2. Continure:
    а) Рекрутинг
    б) Связь с командой
    в) Отчётность"
2023-09-19,result,2023-09-19T18:43:02+04:00,"Итог на день 19.09  06:57
1. Domcap: 05:54
    а) #2490 00:40
    б) #2529 
    в) #1842 00:24
    г)  #1698 03:45
    д) документация 00:03
    e) связь с командой 00:59
2. Continure: 01:03
    а) Рекрутинг 00:51
    б) Отчётность 00:11"
2023-09-20,plan,2023-09-20T07:47:15+04:00,"План на день 20.09 
1. Domcap:
    а) #2490
    б) #2386
    в) #1698
    г)  документация
    д) связь с командой
2. Continure:
    а) Рекрутинг
    б) Связь с командой
    в) Отчётность"
2023-09-20,result,2023-09-20T18:34:29+04:00,"Итог на день 20.09 09:13
1. Domcap: 08:42
    а) #2490 00:17
    б) #2386
    в) #1698 06:44
    г)  документация 00:05
    д) связь с командой 01:35
2. Continure: 00:24
    а) Рекрутинг 00:17
    б) Связь с командой
    в) Отчётность 00:12"
2023-09-21,plan,2023-09-21T07:55:58+04:00,"План на день 21.09 
1. Domcap:
    а) #2490
    б) #2386
    в) #1698
    г)  документация
    д) связь с командой
2. Continure:
    а) Рекрутинг
    б) Связь с командой
    в) Отчётность"
2023-09-21,result,2023-09-21T18:43:32+04:00,"Итог на день 21.09 09:34
1. Domcap: 09:03
    а) #2490 03:10
    б) #2386 02:07
    в) #1698 02:47
    г)  документация 00:07
    д) связь с командой 00:50
2. Continure: 00:31
    а) Рекрутинг 00:18
    б) Связь с командой 00:02
    в) Отчётность 00:10"
2023-09-22,plan,2023-09-22T08:15:32+04:00,"План на день 22.09 
1. Domcap:
    а) #2490
    б) #2162
    в) документация
    г) связь с командой
2. Continure:
    а) Рекрутинг
    б) Связь с командой
    в) Отчётность"
2023-09-22,result,2023-09-22T18:17:04+04:00,"Итог на день 22.09 07:59
1. Domcap: 07:33
    а) #2490 06:19
    б) #2162
    в) документация 00:05
    г) связь с командой 01:08
2. Continure: 00:26
    а) Рекрутинг 00:09
    б) Связь с командой 00:02
    в) Отчётность 00:14"
2023-09-25,plan,2023-09-25T09:46:13+04:00,"План на день 25.09 
1. Domcap:
    а) #2490
    б) #2162
    в) #889
    г) связь с командой
    д) документация
2. Continure:
    а) Рекрутинг
    б) Связь с командой
    в) Отчётность"
2023-09-25,result,2023-09-25T18:28:25+04:00,"Итог на день 25.09 06:24
1. Domcap: 05:52
    а) #2490 03:24
    б) #2162
    в) #889
    г) связь с командой 01:23
    д) документация 01:04
2. Continure: 00:27
    а) Рекрутинг 00:13
    б) Связь с командой 00:02
    в) Отчётность 00:17"
2023-09-26,plan,2023-09-26T07:45:46+04:00,"План на день 26.09 
1. Domcap:
    а) #2490
    б) #2162
    в) #889
    г) связь с командой
    д) документация
2. Continure:
    а) Рекрутинг
    б) Связь с командой
    в) Отчётност"
2023-09-26,result,2023-09-26T19:19:12+04:00,"Итог на день 26.09 06:32
1. Domcap: 06:23
    а) #2490 01:51
    б) #2162 00:36
    в) #889 02:28
    г) связь с командой 01:17
    д) документация 00:08
2. Continure: 00:10
    а) Связь с командой 00:10"
2023-09-27,plan,2023-09-27T05:54:59+04:00,"План на день 27.09 
1. Domcap:
    а) #889
    б) документация
    в) связь с командой
2. Continure:
    а) Рекрутинг
    б) Связь с командой
    в) Отчётность"
2023-09-27,result,2023-09-27T18:26:43+04:00,"Итог на день 27.09 09:43
1. Domcap: 09:17
    а) #889 08:02
    б) документация 00:07
    в) связь с командой 01:07
2. Continure: 00:25
    а) Рекрутинг 00:11
    б) Связь с командой 
    в) Отчётность 00:14"
2023-09-28,plan,2023-09-28T07:57:37+04:00,"План на день 28.09 
1. Domcap:
    а) #889
    б) #2402
    в) связь с командой
    г) документация
2. Continure:
    а) Рекрутинг
    б) Связь с командой
    в) Отчётность"
2023-09-28,result,2023-09-28T18:47:14+04:00,"Итог на день 28.09 08:24
1. Domcap: 08:03
    а) #889 03:40
    б) #2402 01:44
    в) связь с командой 01:48
    г) документация 00:10
    д) #2441 00:39
2. Continure: 00:20
    а) Рекрутинг 00:05
    б) Связь с командой 00:04
    в) Отчётность 00:11"
2023-09-29,plan,2023-09-29T08:57:16+04:00,"План на день 29.09 
1. Domcap:
    а) #2387
    б) #2402
    в) #2529
    г) документация
    д) связь с командой
2. Continure:
    а) Рекрутинг
    б) Связь с командой
    в) Отчётность"
2023-09-29,result,2023-09-29T18:23:04+04:00,"Итог на день 29.09 09:36
1. Domcap: 09:13
    а) #2387 02:53
    б) #2402 01:11
    в) #2529 01:56
    г) #889 00:49
    д) #2490 00:11
    е) документация 00:03
    ё) связь с командой 01:04
    ж) общее(настройка проекта локально, анализ задач и проекта) 01:04
2. Continure: 00:23
    а) Отчётность 00:23"
2023-10-02,plan,2023-10-02T05:52:08+04:00,"План на день 02.10 
1. Domcap:
    а) #2387
    б) документация
    в) связь с командой
2. Continure:
    а) Рекрутинг
    б) Связь с командой
    в) Отчётность"
2023-10-02,result,2023-10-02T19:38:03+04:00,"Итог на день 02.10 08:34
1. Domcap: 07:51
    а) #2387 05:46
    б) документация 00:06
    в) связь с командой 01:58
2. Continure: 00:38
    а) Рекрутинг 00:04
    б) Связь с командой 00:18
    в) Отчётность 00:20"
2023-10-03,plan,2023-10-03T07:44:42+04:00,"План на день 03.10 
1. Domcap:
    а) #2387
    б) #2529
    в) связь с командой
    г) документация
2. Continure:
    а) Рекрутинг
    б) Связь с командой
    в) Отчётность"
2023-10-03,result,2023-10-03T18:18:55+04:00,"Итог на день 03.10 06:39
1. Domcap: 06:04
    а) #2387 
    б) #2529 04:48
    в) связь с командой 01:13
    г) документация 00:02
2. Continure: 00:34
    а) Отчётность 00:13
    б) Связь с командой 00:21"
2023-10-04,plan,2023-10-04T10:18:07+04:00,"План на день 04.10 
1. Domcap:
    а) #2387
    б) #2529
    в) связь с командой
    г) документация
2. Continure:
    а) Рекрутинг
    б) Связь с командой
    в) Отчётность"
2023-10-04,result,2023-10-04T19:43:13+04:00,"Итог на день 04.10 09:06
1. Domcap: 08:20
    а) #2387 00:34
    б) #2529 05:45
    в) связь с командой 01:10
    г) документация 00:04
    д) #2635 00:46
2. Continure: 00:45
    а) Рекрутинг 00:36
    б) Связь с командой
    в) Отчётность 00:09"
2023-10-05,plan,2023-10-05T08:03:08+04:00,"План на день 05.10 
1. Domcap:
    а) #2387
    б) #2529
    в) связь с командой
    г) документация
2. Continure:
    а) Рекрутинг
    б) Связь с командой
    в) Отчётность"
2023-10-05,result,2023-10-05T18:23:29+04:00,"Итог на день 05.10 07:35
1. Domcap: 06:05
    а) #2387 04:08
    б) #2529 00:58
    в) связь с командой 00:58
    г) документация
2. Continure: 01:30
    а) Рекрутинг 01:18
    б) Отчётность 00:11"
2023-10-06,plan,2023-10-06T08:20:52+04:00,"План на день 06.10 
1. Domcap:
    а) #2387
    б) #2529
    в) связь с командой
    г) документация
2. Continure:
    а) Рекрутинг
    б) Связь с командой
    в) Отчётность"
2023-10-06,result,2023-10-06T18:02:27+04:00,"Итог на день 06.10 08:01
1. Domcap: 07:31
    а) #2387 07:01
    б) #2529
    в) связь с командой 00:24
    г) документация 00:05
2. Continure: 00:24
    а) Отчётность 00:12
    б) Связь с командой 00:17"
2023-10-09,plan,2023-10-09T10:20:17+04:00,"План на день 09.10 
1. Domcap:
    а) #2387
    б) #2529
    в) связь с командой
    г) документация
2. Continure:
    а) Рекрутинг
    б) Связь с командой
    в) Отчётность"
2023-10-09,result,2023-10-09T19:27:48+04:00,"Итог на день 09.10 09:03
1. Domcap: 08:47
    а) #2387 07:36
    б) #2529 
    в) связь с командой 01:09
    г) документация 00:02
2. Continure: 00:15
    а) Отчётность 00:10
    б) Связь с командой 00:05"
2023-10-10,plan,2023-10-10T09:18:30+04:00,"План на день 10.10 
1. Domcap:
    а) #2387
    б) #2529
    в) #2602
    г) документация
    д) связь с командой
2. Continure:
    а) Рекрутинг
    б) Связь с командой
    в) Отчётность"
2023-10-10,result,2023-10-10T18:15:17+04:00,"Итог на день 10.10 07:48
1. Domcap: 07:39
    а) #2387 01:34
    б) #2529 00:49
    в) #2602 01:30
    г) документация 00:23
    д) связь с командой 02:29
    е) Strada 00:51
2. Continure: 00:08
    а) Отчётность 00:08"
2023-10-11,plan,2023-10-11T12:45:54+04:00,"План на день 11.10 
1. Domcap:
    а) #2386
    б) #2607
    в) #2602
    г) документация
    д) связь с командой
2. Continure:
    а) Рекрутинг
    б) Связь с командой
    в) Отчётность"
2023-10-11,result,2023-10-11T18:35:17+04:00,"Итог на день 11.10 05:37
1. Domcap: 05:18
    а) #2386 02:40
    б) #2607 00:46
    в) #2602 00:51
    г) документация 00:04
    д) связь с командой 00:56
2. Continure: 00:18
    а) Отчётность 00:14
    б) Связь с командой 00:04"
2023-10-12,plan,2023-10-12T08:55:06+04:00,"План на день 12.10 
1. Domcap:
    а) #2386
    б) #2387
    в) документация
    г) связь с командой
2. Continure:
    а) Рекрутинг
    б) Связь с командой
    в) Отчётность"
2023-10-12,result,2023-10-12T19:35:19+04:00,"Итог на день 12.10 07:16
1. Domcap: 06:27
    а) #2386 03:51
    б) #2387 02:05
    в) документация 00:02
    г) связь с командой 00:29
2. Continure: 00:47
    а) Рекрутинг 00:33
    б) Связь с командой 00:01
    в) Отчётность 00:13"
2023-10-13,plan,2023-10-13T08:59:21+04:00,"План на день 13.10 
1. Domcap:
    а) #2386
    б) #2607
    в) документация
    г) связь с командой
2. Continure:
    а) Рекрутинг
    б) Связь с командой
    в) Отчётность"
2023-10-13,result,2023-10-13T18:55:23+04:00,"Итог на день 13.10 09:21
1. Domcap: 09:11
    а) #2386 06:48
    б) #2607 00:29
    в) документация 01:10
    г) связь с командой 00:43
2. Continure: 00:10
    а) Отчётность 00:10"
2023-10-16,plan,2023-10-16T11:22:18+04:00,"План на день 16.10 
1. Domcap:
    а) #2587
    б) #2575
    в) документация
    г) связь с командой
2. Continure:
    а) Рекрутинг
    б) Связь с командой
    в) Отчётность"
2023-10-16,result,2023-10-16T20:24:40+04:00,"Итог на день 16.10 06:58
1. Domcap: 06:38
    а) #2587 05:37
    б) #2575
    в) документация
    г) связь с командой 01:00
2. Continure: 00:20
    а) Рекрутинг
    б) Связь с командой 00:02
    в) Отчётность 00:18"
2023-10-17,plan,2023-10-17T08:30:56+04:00,"План на день 17.10 
1. Domcap:
    а) #2587
    б) #2607
    в) документация
    г) связь с командой
2. Continure:
    а) Рекрутинг
    б) Связь с командой
    в) Отчётность7"
2023-10-17,result,2023-10-17T19:22:46+04:00,"Итог на день 17.10 07:45
1. Domcap: 07:15
    а) #2587 05:27
    б) #2607 00:33
    в) документация 00:12
    г) связь с командой 01:02
2. Continure: 00:30
    а) Связь с командой 00:21
    б) Отчётность 00:09"
2023-10-18,plan,2023-10-18T09:11:03+04:00,"План на день 18.10 
1. Domcap:
    а) #2587
    б) #2575
    в) документация
    г) связь с командой
2. Continure:
    а) Рекрутинг
    б) Связь с командой
    в) Отчётность"
2023-10-18,result,2023-10-19T07:09:49+04:00,"Итог на день 18.10 04:55
1. Domcap: 04:44
    а) #2587 03:42
    б) #2575
    в) документация 00:04
    г) связь с командой 00:57
2. Continure: 00:11
    а) Отчётность 00:03
    б) Связь с командой 00:08"
2023-10-19,result,2023-10-19T19:31:17+04:00,"Итог на день 19.10  08:09
1. Domcap: 07:59
    а) #2587 06:06
    б) #2575 00:03
    в) документация 00:02
    г) связь с командой 01:14
    д) rails relis 00:32
2. Continure: 00:10
    а) Отчётность 00:10"
2023-10-20,plan,2023-10-20T10:34:55+04:00,"План на день 20.10 
1. Domcap:
    а) #2587
    б) #2575
    в) документация
    г) связь с командой
2. Continure:
    а) Рекрутинг
    б) Связь с командой
    в) Отчётность"
2023-10-20,result,2023-10-20T18:27:08+04:00,"Итог на день 20.10 07:55
1. Domcap: 07:43
    а) #2587 00:49
    б) #2575 05:25
    в) документация 00:07
    г) связь с командой 01:21
2. Continure: 00:11
    а) Отчётность 00:11"
2023-10-23,plan,2023-10-23T09:33:13+04:00,"План на день 23.10 
1. Domcap:
    а) #2587
    б) #2575
    в) документация
    г) связь с командой
2. Continure:
    а) Рекрутинг
    б) Связь с командой
    в) Отчётность"
2023-10-23,result,2023-10-23T19:10:02+04:00,"Итог на день 23.10 09:19
1. Domcap: 09:04
    а) #2587 02:50
    б) #2575 00:13
    в) #2372 00:10
    г) #1983 00:16
    д) #2441 02:54
    е) связь с командой 02:31
    ё) документация 00:07
2. Continure: 00:15
    а) Отчётность 00:15"
2023-10-24,plan,2023-10-24T09:11:19+04:00,"План на день 24.10 
1. Domcap:
    а) #1983
    б) #2575
    в) #2441
    г) связь с командой
    д) документация
2. Continure:
    а) Рекрутинг
    б) Связь с командой
    в) Отчётность"
2023-10-24,result,2023-10-24T18:14:54+04:00,"Итог на день 24.10 09:54
1. Domcap: 09:33
    а) #1983 00:52
    б) #2575 06:35
    в) #2441 00:53
    г) связь с командой 01:05
    д) документация 00:06
2. Continure: 00:20
    а) Рекрутинг 00:08
    б) Связь с командой 00:02
    в) Отчётность 00:10"
2023-10-25,plan,2023-10-25T06:15:35+04:00,"План на день 25.10 
1. Domcap:
    а) #1983
    б) #2575 - #2698
    в) документация
    г) связь с командой
2. Continure:
    а) Рекрутинг
    б) Связь с командой
    в) Отчётность"
2023-10-25,result,2023-10-25T18:11:11+04:00,"Итог на день 25.10 08:16
1. Domcap: 08:07
    а) #1983 00:13
    б) #2575 - #2698 05:45
    в) документация 00:16
    г) связь с командой 01:20
    д) rails book 00:31
2. Continure: 00:08
    а) Отчётность 00:08"
2023-10-26,result,2023-10-26T17:59:15+04:00,"Итог на день 26.10 09:04
1. Domcap: 07:08
    а) #1983 05:50
    б) #2575 - #2698  00:24
    в) документация 00:07
    г) связь с командой 00:45
2. Continure: 01:56
    а) Рекрутинг 00:07
    б) Связь с командой 01:36
    в) Отчётность 00:12"
2023-10-27,plan,2023-10-27T09:18:57+04:00,"План на день 27.10 
1. Domcap:
    а) #1983
    б) документация
    в) связь с командой
2. Continure:
    а) Рекрутинг
    б) Связь с командой
    в) Отчётность"
2023-10-27,result,2023-10-27T17:48:47+04:00,"Итог на день 27.10 05:38
1. Domcap: 05:19
    а) #1983 04:30
    б) документация 00:05
    в) связь с командой 00:43
2. Continure: 00:18
    а) Рекрутинг 00:05
    б) Связь с командой 00:05
    в) Отчётность 00:08"
2023-10-30,plan,2023-10-30T11:27:45+04:00,"План на день 30.10 
1. Domcap:
    а) #1983
    б) документация
    в) связь с командой
2. Continure:
    а) Рекрутинг
    б) Связь с командой
    в) Отчётность"
2023-10-30,result,2023-10-30T19:05:51+04:00,"Итог на день 30.10 08:15
1. Domcap: 08:03
    а) #1983 06:30
    б) документация 00:02
    в) связь с командой 01:29
2. Continure: 00:11
    а) Отчётность 00:11"
2023-10-30,plan,2023-10-31T09:03:26+04:00,"План на день 30.10 
1. Domcap:
    а) #1983
    б) #2441
    в) связь с командой
    д) документация
2. Continure:
    а) Рекрутинг
    б) Связь с командой
    в) Отчётность"
2023-10-30,result,2023-10-31T18:18:18+04:00,"Итог на день 30.10  08:42
1. Domcap: 08:27
    а) #1983 07:03
    б) #2441
    в) связь с командой 01:17
    д) документация 00:07
2. Continure: 00:14
    а) Рекрутинг 00:02
    б) Отчётность 00:12"
2023-11-01,plan,2023-11-01T10:20:07+04:00,"План на день 01.11 
1. Domcap:
    а) #1983
    б) #2441
    в) связь с командой
    д) документация
2. Continure:
    а) Рекрутинг
    б) Связь с командой
    в) Отчётность"
2023-11-01,result,2023-11-01T18:17:15+04:00,"Итог на день 01.11 08:24
1. Domcap: 06:56
    а) #1983 04:20
    б) #2441 00:34
    в) #2772 00:16
    д) документация 00:06
    е) связь с командой 01:00
    ё) rails book 00:39
2. Continure: 01:27
    а) Рекрутинг 00:44
    б) Связь с командой 00:07
    в) Отчётность 00:35"
2023-11-02,plan,2023-11-02T11:33:31+04:00,"План на день 02.11 
1. Domcap:
    а) #1983
    б) #2772
    в) связь с командой
    д) документация
2. Continure:
    а) Рекрутинг
    б) Связь с командой
    в) Отчётность"
2023-11-02,result,2023-11-02T19:06:28+04:00,"Итог на день 02.11 08:35
1. Domcap: 07:56
    а) #1983 04:36
    б) #2772
    в) связь с командой 02:01
    д) документация 00:05
    е) rails book 01:13
2. Continure: 00:33
    а) Рекрутинг 
    б) Связь с командой 00:29
    в) Отчётность 00:08"
2023-11-03,plan,2023-11-03T08:48:38+04:00,"План на день 03.11 
1. Domcap:
    а) #1983
    б) #2772
    в) связь с командой
    д) документация
2. Continure:
    а) Рекрутинг
    б) Связь с командой
    в) Отчётность"
2023-11-03,result,2023-11-03T19:37:43+04:00,"Итог на день 03.11 06:45
1. Domcap: 06:02
    а) #1983 04:45
    б) #2772
    в) связь с командой 00:36
    д) документация 00:04
    е) rails book 00:35
2. Continure: 00:38
    а) Рекрутинг
    б) Связь с командой 00:26
    в) Отчётность 00:12"
2023-11-07,plan,2023-11-07T08:54:34+04:00,"План на день 07.11 
1. Domcap:
    а) #1983
    б) #2772
    в) связь с командой
    д) документация
    e) анализ изменений
2. Continure:
    а) Рекрутинг
    б) Связь с командой
    в) Отчётность"
2023-11-07,result,2023-11-07T19:17:05+04:00,"Итог на день 07.11 06:40
1. Domcap: 06:27
    а) #1983 04:07
    б) #2772
    в) связь с командой 00:25
    д) документация 00:55
    e) анализ изменений 00:59
2. Continure: 00:13
    а) Отчётность 00:13"
2023-11-08,plan,2023-11-08T10:51:52+04:00,"План на день 08.11 
1. Domcap:
    а) #1983
    б) #2587
    в) связь с командой
    д) документация
    e) анализ изменений
2. Continure:
    а) Отчётность
    б) Связь с командой"
2023-11-08,result,2023-11-08T19:59:33+04:00,"Итог на день 08.11  08:33
1. Domcap: 08:21
    а) #1983 05:08
    б) #2587
    в) связь с командой 02:00
    д) документация 00:55
    e) анализ изменений 00:17
2. Continure: 00:11
    а) Отчётность 00:11"
2023-11-09,plan,2023-11-09T11:16:48+04:00,"План на день 09.11 
1. Domcap:
    а) #1983
    б) #2772
    в) связь с командой
    д) документация
    e) анализ изменений
2. Continure:
    а) Отчётность
    б) Связь с командой"
2023-11-09,result,2023-11-09T19:10:20+04:00,"Итог на день 09.11 05:01
1. Domcap: 04:49
    а) #1983 03:15
    б) rails book 00:31
    в) связь с командой 00:29
    д) документация 00:03
    e) анализ изменений 00:30
2. Continure: 00:11
    а) Отчётность 00:11"
2023-11-10,plan,2023-11-10T08:16:36+04:00,"План на день 10.11 
1. Domcap:
    а) #1983
    б) #2587
    в) связь с командой
    д) документация
    e) анализ изменений
2. Continure:
    а) Отчётность"
2023-11-10,result,2023-11-10T19:12:08+04:00,"Итог на день 10.11 06:17
1. Domcap: 06:11
    а) #1983 00:22
    б) #2587 02:28
    в) #2872 00:58
    д) документация 00:04
    e) анализ изменений 00:18
    ё) связь с командой 00:46
    ж) отчётность 00:29
2. Continure: 00:06
    а) Отчётность 00:06"
2023-11-13,plan,2023-11-13T07:47:19+04:00,"План на день 13.11 
1. Domcap:
    а) #1983
    б) #2587
    в) связь с командой
    д) документация
    e) анализ изменений
2. Continure:
    а) Отчётность
    б) Связь с командой"
2023-11-13,result,2023-11-13T19:00:19+04:00,"Итог на день 13.11 05:45
1. Domcap: 05:41
    а) #1983 04:26
    б) #2635 00:16
    в) связь с командой 00:16
    д) анализ изменений 00:28
    e) Отчётность 00:11
2. Continure: 00:03
    а) Отчётность 00:03"
2023-11-14,plan,2023-11-14T08:54:26+04:00,"План на день 14.11 
1. Domcap:
    а) #1983
    б) #2635
    в) #2605
    д) документация
    e) анализ изменений
    ё) связь с командой
    ж) rails book
2. Continure:
    а) Отчётность
    б) Связь с командой"
2023-11-14,result,2023-11-14T19:09:44+04:00,"Итог на день 14.11 06:08
1. Domcap:  06:03
    а) #1983 00:37
    б) #2635 01:52
    в) #2605 00:18
    д) документация 00:13
    e) rails book 01:37
    ё) связь с командой 01:16
2. Continure: 00:04
    а) Отчётность 00:04"
2023-11-15,plan,2023-11-15T07:41:06+04:00,"План на день 15.11 
1. Domcap:
    а) #1983
    б) #2635
    в) #2605
    д) документация
    e) анализ изменений
    ё) связь с командой
    ж) rails book
2. Continure:
    а) Отчётность
    б) Связь с командой"
2023-11-15,result,2023-11-15T18:48:47+04:00,"Итог на день 15.11 06:56
1. Domcap: 06:52
    а) #1983 00:19
    б) #2422 04:02 
    в) #2605 00:30
    д) документация 00:23
    e) анализ изменений 00:04
    ё) связь с командой 00:39
    ж) rails book 00:46
2. Continure: 00:04
    а) Отчётность 00:03
    б) Связь с командой 00:01"
2023-11-16,plan,2023-11-16T09:32:42+04:00,"План на день 16.11 
1. Domcap:
    а) #1983
    б) #2635
    в) #2605
    г) #2422
    д) анализ изменений
    е) связь с командой
    ё) rails book
    ж) документация
2. Continure:
    а) Отчётность
    б) Связь с командой"
2023-11-16,result,2023-11-16T19:47:14+04:00,"Итог на день 16.11 11:24
1. Domcap:  11:01
    а) #1983 00:55
    б) #2635 01:41
    в) #2605 01:14
    г) #2422 03:43
    д) #2575 00:30
    е) связь с командой 01:14
    ё) rails The Documentary 01:07
    ж) rails book 00:45
    з) анализ изменений 00:20
    и) документация 00:29
    й) Отчётность 00:12
2. Continure: 00:22
    а) Отчётность 00:17
    б) Связь с командой 00:05"
2023-11-17,plan,2023-11-17T08:33:04+04:00,"План на день 17.11 
1. Domcap:
    а) #2605
    б) #2635
    в) #2852
    г) #2819
    д) анализ изменений
    е) связь с командой
    ё) rails book
    ж) документация
    з) отчётность"
2023-11-17,result,2023-11-17T21:30:54+04:00,"Итог на день 17.11 12:56
1. Domcap: 12:52
    а) #2605 05:31
    б) #2635 00:44
    в) #2852 02:28
    г) #2819 00:20
    д) анализ изменений 00:21
    е) связь с командой 02:02
    ё) rails The Documentary 00:34 
    ж) документация 00:20
    з) отчётность 00:39
2. Continure: 00:04
    а) Рекрутинг 00:04"
2023-11-18,plan,2023-11-18T10:49:02+04:00,"План на день 18.11 
1. Domcap:
    а) #2605
    б) #2635
    в) #2852
    г) #2819
    д) анализ изменений
    е) связь с командой
    ё) rails book
    ж) документация
    з) отчётность"
2023-11-18,result,2023-11-18T17:32:56+04:00,"Итог на день 18.11 07:02
1. Domcap: 07:02
    а) #2605 02:03
    б) #2635 00:24
    в) #2852 02:54
    г) #2819 00:13
    д) #2868 00:19
    е) связь с командой
    ё) rails book 00:40
    ж) документация 00:08
    з) отчётность 00:18"
2023-11-19,plan,2023-11-19T11:04:37+04:00,"План на день 19.11 
1. Domcap:
    а) #2852
    б) #2635
    в) #2819
    г) отчётность
    д) документация
    е) связь с командой
    ё) rails book"
2023-11-19,result,2023-11-19T20:15:11+04:00,"Итог на день 19.11 
1. Domcap: 06:10
    а) #2852 04:45
    б) связь с командой 00:11
    в) rails book 00:57
    г) отчётность 00:10
    д) документация 00:05"
2023-11-20,plan,2023-11-20T10:23:40+04:00,"План на день 20.11 
1. Domcap:
    а) #2852
    б) #2635
    в) #2819
    г) #2686
    д) документация
    е) связь с командой
    ё) rails book
    ж) отчётность
2. Continure:
    а) Связь с командой"
2023-11-20,result,2023-11-20T20:34:10+04:00,"Итог на день 20.11  
1. Domcap: 09:35
    а) #2852 02:51
    б) #2635 02:11
    в) #2819 
    г) #2686 01:38
    д) документация 00:20
    е) связь с командой 01:19
    ё) rails book 00:16
    ж) отчётность 00:32
    з) анализ изменений 00:25"
2023-11-20,plan,2023-11-21T08:00:22+04:00,"План на день 20.11 
1. Domcap:
    а) #2852
    б) #2709
    в) #2830
    г) analysis
    д) документация
    е) связь с командой
    ё) rails book
    ж) отчётность"
2023-11-21,result,2023-11-21T19:42:02+04:00,"Итог на день 21.11 
1. Domcap: 11:50
    а) #2852 06:56
    б) #2709 01:18
    в) #2830 01:00
    г) analysis 00:15
    д) документация 
    е) связь с командой 00:57
    ё) rails book 01:07
    ж) отчётность 00:14"
2023-11-22,plan,2023-11-22T06:58:03+04:00,"План на день 22.11 
1. Domcap:
    а) #2852/#2709
    б) #2830
    в) отчётность
    г) analysis
    д) документация
    е) связь с командой
    ё) rails book"
2023-11-22,result,2023-11-22T20:21:51+04:00,"Итог на день 22.11 
1. Domcap: 12:09
    а) #2852/#2709 08:27
    б) #2830 00:44
    в) #2686
    г) analysis 00:18
    д) документация 00:08
    е) связь с командой 00:58
    ё) rails book 01:10
    ж) отчётность 00:14"
2023-11-23,plan,2023-11-23T06:37:22+04:00,"План на день 23.11 
1. Domcap:
    а) #2852/#2709
    б) #2830
    в) #2686
    г) analysis
    д) документация
    е) связь с командой
    ё) rails book
    ж) отчётность"
2023-11-23,result,2023-11-23T19:04:43+04:00,"Итог на день 23.11 
1. Domcap: 12:31
    а) #2852/#2709 01:17
    б) #2830 08:31
    в) #2686
    г) analysis 00:02
    д) документация 00:04
    е) связь с командой 00:55
    ё) rails book 01:31
    ж) отчётность 00:03"
2023-11-24,plan,2023-11-24T12:59:58+04:00,"План на день 24.11 
1. Domcap:
    а) #878
    б) #2830
    в) #2868
    г) analysis
    д) документация
    е) связь с командой
    ё) rails book
    ж) отчётность
    з) Ruby Deals - Short Ruby Special edition
    и) Template locals in Rails 7.1"
2023-11-24,result,2023-11-24T19:13:45+04:00,"Итог на день 24.11 
1. Domcap: 10:27
    а) #878 02:38
    б) #2830 02:56
    в) #2868 01:00
    г) #2819 00:40
    д) документация 00:13
    е) связь с командой 01:08
    ё) rails book 00:48
    ж) отчётность 00:12
    з) analysis 00:25
    и) Template locals in Rails 7.1 00:22"
2023-11-25,plan,2023-11-25T08:48:50+04:00,"План на день 25.11 
1. Domcap:
    а) #878
    б) #2830
    в) #918
    г) analysis
    д) документация
    е) связь с командой
    ё) rails book
    ж) отчётность
    з) Ruby Deals - Short Ruby Special edition"
2023-11-25,result,2023-11-25T20:12:09+04:00,"Итог на день 25.11 
1. Domcap: 08:34
    а) #878 00:13
    б) #2830 01:33
    в) #918 04:17
    г) analysis 00:03
    д) документация 00:16
    е) связь с командой 00:06
    ё) rails book 01:27
    ж) отчётность 00:05    
    з) Ruby Deals - Short Ruby Special edition 00:27"
2023-11-26,plan,2023-11-26T09:13:53+04:00,"План на день 26.11 
1. Domcap: 
    а) #878
    б) #2830
    в) #918
    г) analysis
    д) документация
    е) отчётность
    ё) rails book"
2023-11-27,result,2023-11-26T18:53:05+04:00,"Итог на день 27.11 
1. Domcap:  04:55
    а) #878
    б) #2830 02:13
    в) #918 01:22
    г) analysis 01:00
    д) документация 00:05
    е) отчётность 00:10
    ё) rails book 00:05"
2023-11-27,plan,2023-11-27T08:48:24+04:00,"План на день 27.11 
1. Domcap: 
    а) #878
    б) #2830
    в) #918
    г) analysis
    д) документация
    е) отчётность
    ё) rails book"
2023-11-27,result,2023-11-27T20:04:51+04:00,"Итог на день 27.11 
1. Domcap: 10:30
    а) #878 00:48
    б) #2830 05:44
    в) #918 00:39
    г) analysis 00:26
    д) документация 00:09
    е) отчётность 00:19
    ё) rails book 01:16
    ж) связь с командой 01:07"
2023-11-28,plan,2023-11-28T07:07:04+04:00,"План на день 28.11 
1. Domcap: 
    а) #878
    б) #2830
    в) #918
    г) #payments routing test
    д) документация
    е) отчётность
    ё) rails book
   ж) связь с командой
   з) analysis"
2023-11-28,result,2023-11-28T19:43:03+04:00,"Итог на день 28.11 
1. Domcap: 12:00
    а) #878 03:46
    б) #2830 02:58
    в) #918 02:39
    г) #2916 
    д) документация 00:05
    е) отчётность 00:12
    ё) rails book 01:37
   ж) связь с командой 00:17
   з) analysis 00:24"
2023-11-29,plan,2023-11-29T09:41:18+04:00,"План на день 29.11 
1. Domcap: 
    а) #878
    б) #2830
    в) #918
    г) #2916
    д) #2605
    е) отчётность
    ё) rails book
   ж) связь с командой
   з) analysis
   и) документация"
2023-11-29,result,2023-11-29T19:26:31+04:00,"Итог на день 29.11 
1. Domcap: 11:12
    а) #878 00:49
    б) #2830 04:09
    в) #918 02:02
    г) #2850 00:32
    д) #2605 00:04
    е) отчётность 00:15
    ё) rails book 00:39
   ж) связь с командой 01:55
   з) analysis 00:14
   и) документация 00:08
   к) фикс тестов в develop 00:21"
2023-11-30,plan,2023-11-30T08:27:19+04:00,"План на день 30.11 
1. Domcap: 
    а) #878
    б) #2830
    в) #918
    г) #2916
    д) #2685
    е) отчётность
    ё) rails book
   ж) связь с командой
   з) analysis
   и) документация"
2023-11-30,result,2023-11-30T19:47:08+04:00,"Итог на день 30.11 
1. Domcap: 11:45
    а) #878 00:57
    б) #2830 00:23
    в) #918 00:43
    г) #2916 00:20
    д) #2685 06:24
    е) отчётность 00:11
    ё) rails book 01:08
   ж) связь с командой 01:12
   з) analysis 00:17
   и) документация 00:06"
2023-12-01,plan,2023-12-01T08:07:56+04:00,"План на день 01.12
1. Domcap: 
    а) #878
    б) #2685
    в) #2852
    г) документация
    д) Page refreshes with morphing in Turbo 8
    е) отчётность
    ё) rails book
   ж) связь с командой
   з) analysis"
2023-12-01,result,2023-12-01T19:48:58+04:00,"Итог на день 01.12
1. Domcap: 12:16
    а) #878 00:31
    б) #2685 01:55
    в) #2852 04:33
    г) #2744 02:14
    д) Page refreshes with morphing in Turbo 8
    е) отчётность 00:47
    ё) rails book 00:11
   ж) связь с командой 00:42
   з) analysis 00:39
   и) документация 00:40"
2023-12-02,plan,2023-12-02T08:00:56+04:00,"План на день 02.12
1. Domcap: 
    а) #878
    б) #2744
    в) #2889
    г) #2422
    д) Page refreshes with morphing in Turbo 8
    е) отчётность
    ё) rails book
   ж) analysis
   и) документация"
2023-12-02,result,2023-12-02T19:12:56+04:00,"Итог на день 02.12
1. Domcap: 10:12
    а) #878 00:36
    б) #2744 01:20
    в) #2889 01:29
    г) #2422 00:22
    д) fixed tests in develop after release 02:07
    е) отчётность 00:13
    ё) rails book 02:21
   ж) analysis 00:31
   и) документация 00:28
   й) Page refreshes with morphing in Turbo 8 00:40"
2023-12-03,plan,2023-12-03T09:20:40+04:00,"План на день 03.12
1. Domcap: 
    а) #878
    б) #2920
    в) #2374
    г) #1051
    д) #1050
    е) отчётность
    ё) rails book
   ж) analysis
   и) документация"
2023-12-03,result,2023-12-03T20:25:08+04:00,"Итог на день 03.12
1. Domcap: 09:07
    а) #878 00:14
    б) #2920 02:11
    в) #2374 01:45
    г) #1051 00:54
    д) #1050 03:11
    е) отчётность 00:17
    ё) rails book 00:10
   ж) analysis 00:14
   и) документация 00:07"
2023-12-04,plan,2023-12-04T07:33:23+04:00,"План на день 04.12
1. Domcap: 
    а) #878
    б) #2920
    в) #1802
    г) документация
    д) analysis
    е) отчётность
    ё) rails book
   ж) связь с командой"
2023-12-04,result,2023-12-04T23:50:02+04:00,"Итог на день 04.12
1. Domcap: 10;02
    а) #878 
    б) #2920 07:00
    в) #1802
    г) документация 
    д) analysis 00:39
    е) отчётность 00:08
    ё) rails book 01:08
   ж) связь с командой 01:05"
2023-12-05,plan,2023-12-05T12:22:41+04:00,"План на день 05.12
1. Domcap: 
    а) #2920
    б) связь с командой
    в) rails book
    г) документация
    д) analysis
    е) отчётность"
2023-12-05,result,2023-12-05T23:32:04+04:00,"Итог на день 05.12
1. Domcap:  05:55
    а) #2920 04:13
    б) связь с командой 00:59
    в) rails book 00:06
    г) документация 00:05
    д) analysis 00:16
    е) отчётность 00:13"
2023-12-06,plan,2023-12-06T12:07:19+04:00,"План на день 06.12
1. Domcap: 
    а) #2920
    б) связь с командой
    в) rails book
    г) документация
    д) analysis
    е) отчётность
    ё) SuperDuperDВ & SlickGrid"
2023-12-06,result,2023-12-07T00:08:21+04:00,"Итог на день 06.12
1. Domcap: 08:01
    а) #2920 07:17
    б) связь с командой 00:15
    в) rails book 00:07
    г) документация 00:08
    д) analysis 00:10
    е) отчётность 00:08"
2023-12-07,plan,2023-12-07T11:53:17+04:00,"План на день 07.12
1. Domcap: 
    а) #2920
    б) #2959
    в) rails book
    г) документация
    д) analysis
    е) отчётность
    ё) SuperDuperDВ & SlickGrid
    ж) связь с командой"
2023-12-07,result,2023-12-07T23:32:55+04:00,"Итог на день 07.12
1. Domcap:  07:07
    а) #2920 05:34
    б) связь с командой 00:40
    в) отчётность 00:09 
    г) документация 00:07
    д) analysis 00:35"
2023-12-08,plan,2023-12-08T12:03:08+04:00,"План на день 08.12
1. Domcap: 
    а) #2920
    б) #2959
    в) rails book
    г) документация
    д) analysis
    е) отчётность
    ё) SuperDuperDВ & SlickGrid
    ж) связь с командой"
2023-12-08,result,2023-12-08T23:34:05+04:00,"Итог на день 08.12
1. Domcap: 06:15
    а) #2920 01:58
    б) #2959 01:50
    в) #2744 00:55
    г) документация 00:02
    д) analysis 00:06
    е) отчётность 00:09
    ё) SuperDuperDВ & SlickGrid
    ж) связь с командой 01:08
    з) rails book 00:05"
2023-12-09,plan,2023-12-09T13:59:08+04:00,"План на день 09.12
1. Domcap: 
    а) #2959
    б) связь с командой
    в) rails book
    г) документация
    д) analysis
    е) отчётность
    ё) SuperDuperDВ & SlickGrid"
2023-12-09,result,2023-12-09T23:18:03+04:00,"Итог на день 09.12
1. Domcap:  05:35
    а) #2959 04:52
    б) связь с командой 00:08
    в) rails book 00:16
    г) документация 
    д) analysis 00:08
    е) отчётность 00:09"
2023-12-10,result,2023-12-10T23:59:38+04:00,"Итог на день 10.12
1. Domcap: 08:31
    а) #2959 06:17
    б) #2920 01:41
    в) rails book 00:05
    г) документация 00:15
    д) analysis 00:01
    е) отчётность 00:09"
2023-12-11,plan,2023-12-11T14:26:40+04:00,"План на день 11.12
1. Domcap: 
    а) #2959
    б) отчётность
    в) rails book
    г) документация
    д) analysis
    е) связь с командой
    ё) SuperDuperDВ & SlickGrid"
2023-12-11,result,2023-12-11T23:34:21+04:00,"Итог на день 11.12
1. Domcap: 07:26
    а) #2959 05:46
    б) отчётность 00:10
    в) rails book 00:29
    г) документация 00:04
    д) analysis 00:04
    е) связь с командой 00:52"
2023-12-12,plan,2023-12-12T13:43:38+04:00,"План на день 12.12
1. Domcap: 
    а) #2959
    б) отчётность
    в) rails book
    г) документация
    д) analysis
    е) связь с командой
    ё) SuperDuperDВ & SlickGrid"
2023-12-12,result,2023-12-12T23:56:08+04:00,"Итог на день 12.12 
1. Domcap: 07:02
    а) #2959 05:47
    б) отчётность 00:11
    в) rails book 00:49
    г) документация 00:05
    д) analysis 00:08
    е) связь с командой 00:02"
2023-12-13,plan,2023-12-13T18:17:47+04:00,"План на день 13.12
1. Domcap: 
    а) #2959
    б) #878
    в) rails book
    г) документация
    д) analysis
    е) связь с командой
    ё) SuperDuperDВ & SlickGrid
    ж) отчётность"
2023-12-14,result,2023-12-13T23:51:02+04:00,"Итог на день 14.12
1. Domcap: 06:41
    а) #2959 04:58
    б) отчётность 00:10
    в) rails book 00:13
    г) документация 00:06
    д) analysis 00:10
    е) связь с командой 01:02"
2023-12-14,plan,2023-12-14T10:20:55+04:00,"План на день 14.12
1. Domcap: 
    а) #2959
    б) #878
    в) rails book
    г) документация
    д) analysis
    е) связь с командой
    ё) SuperDuperDВ & SlickGrid
    ж) отчётность"
2023-12-14,result,2023-12-15T08:46:24+04:00,"Итог на день 14.12
1. Domcap: 09:02
    а) #2959 01:03
    б) #3007 01:20
    в) #3008 03:21
    г) документация 00:05
    д) analysis 01:19
    е) связь с командой 00:37
    ё) rails book 01:07
    ж) отчётность 00:09"
2023-12-15,plan,2023-12-15T08:47:19+04:00,"План на день 15.12
1. Domcap: 
    а) #2920
    б) #3007
    в) #3008
    г) документация
    д) analysis
    е) связь с командой
    ё) rails book
    ж) отчётность"
2023-12-15,result,2023-12-15T21:32:30+04:00,"Итог на день 15.12
1. Domcap: 08:17
    а) #2920 01:55
    б) #3007 00:18
    в) #3008 00:08
    г) #1802 02:53
    д) analysis 00:15
    е) связь с командой 01:38
    ё) rails book 00:39
    ж) отчётность 00:23
    з) документация 00:04"
2023-12-16,plan,2023-12-16T14:17:50+04:00,"План на день 16.12
1. Domcap: 
    а)  #878
    б) #1051
    в) GhatGPT video
    г) документация
    д) analysis
    е) связь с командой
    ё) rails book
    ж) отчётность"
2023-12-16,result,2023-12-16T19:53:02+04:00,"Итог на день 16.12
1. Domcap:  07:22
    а)  #878 00:40
    б) #1051 03:34
    в) GhatGPT video 01:30
    г) документация 00:04
    д) analysis 00:22
    е) связь с командой 
    ё) rails book 00:45
    ж) отчётность 00:25"
2023-12-17,plan,2023-12-17T09:32:18+04:00,"План на день 17.12
1. Domcap: 
    а)  #878
    б) #1051
    в) SuperDuperDВ & SlickGrid
    г) документация
    д) analysis
    е) связь с командой
    ё) rails book
    ж) отчётность"
2023-12-17,result,2023-12-17T19:41:20+04:00,"Итог на день 17.12
1. Domcap: 07:53
    а)  #878 04:17
    б) #1051 01:48
    в) SuperDuperDВ & SlickGrid 
    г) документация 00:29
    д) analysis 00:13
    е) связь с командой 
    ё) rails book 00:37
    ж) отчётность 00:27"
2023-12-18,plan,2023-12-18T10:57:32+04:00,"План на день 18.12
1. Domcap: 
    а)  #878
    б) #3006
    в) SuperDuperDВ & SlickGrid
    г) документация
    д) analysis
    е) связь с командой
    ё) rails book
    ж) отчётность"
2023-12-18,result,2023-12-18T21:20:10+04:00,"Итог на день 18.12
1. Domcap: 08:08
    а)  #878 00:08
    б) #3006 04:56
    в) Chat GPT теория 00:38
    г) документация 00:06
    д) analysis 00:02
    е) связь с командой 00:52
    ё) rails book 01:03
    ж) отчётность 00:21"
2023-12-19,plan,2023-12-19T10:27:17+04:00,"План на день 19.12
1. Domcap: 
    а) #3006
    б) отчётность
    в) SuperDuperDВ & SlickGrid
    г) документация
    д) analysis
    е) связь с командой
    ё) rails book"
2023-12-19,result,2023-12-19T20:07:42+04:00,"Итог на день 19.12
1. Domcap: 09:35
    а) #3006 07:44
    б) отчётность 00:25
    в) rails book 00:29
    г) документация 00:04
    д) analysis 00:21
    е) связь с командой 00:31"
2023-12-20,plan,2023-12-20T10:05:48+04:00,"План на день 20.12
1. Domcap: 
    а) #3006
    б) отчётность
    в) SuperDuperDВ & SlickGrid
    г) документация
    д) analysis
    е) связь с командой
    ё) rails book"
2023-12-20,result,2023-12-20T21:45:31+04:00,"Итог на день 20.12
1. Domcap: 12:01
    а) #3006 10:21
    б) отчётность 00:11
    в) rails book 00:55
    г) документация 00:06
    д) analysis 00:08
    е) связь с командой 00:17"
2023-12-21,plan,2023-12-21T10:16:11+04:00,"План на день 21.12
1. Domcap: 
    а) #3006
    б) отчётность
    в) SuperDuperDВ & SlickGrid & Solid Queue
    г) документация
    д) analysis
    е) связь с командой
    ё) rails book"
2023-12-21,result,2023-12-21T19:41:15+04:00,"Итог на день 21.12 
1. Domcap: 09:50
    а) #3006 08:23
    б) отчётность 00:15
    в) rails book 00:08
    г) документация 00:02
    д) analysis 00:14
    е) связь с командой 00:48"
2023-12-22,plan,2023-12-22T10:42:12+04:00,"План на день 22.12
1. Domcap: 
    а) #3006
    б) #3039
    в) SlickGrid & Solid Queue
    г) документация
    д) analysis
    е) связь с командой
    ё) rails book
    ж) отчётность"
2023-12-22,result,2023-12-22T21:42:29+04:00,"Итог на день 22.12
1. Domcap: 10:00
    а) #3006 04:53
    б) #3039 02:25
    в) Solid Queue  00:30
    г) документация 00:02
    д) analysis 00:11
    е) связь с командой 00:57
    ё) rails book 00:49
    ж) отчётность 00:11"
2023-12-23,plan,2023-12-23T10:52:30+04:00,"План на день 23.12
1. Domcap: 
    а) #3006
    б) #3039
    в) main menu view test
    г) документация
    д) analysis
    е) связь с командой
    ё) rails book
    ж) отчётность
    з) SlickGrid"
2023-12-23,result,2023-12-23T20:27:41+04:00,"Итог на день 23.12
1. Domcap: 06:28
    а) #3006 00:28
    б) #3039 01:18
    в) main menu view test, fixes tests 04:00
    г)  отчётность 00:08
    д) analysis 00:20
    е) rails book 00:13"
2023-12-24,plan,2023-12-24T08:27:25+04:00,"План на день 24.12
1. Domcap: 
    а) #3006
    б) #3039
    в) SlickGrid
    г) документация
    д) analysis
    е) связь с командой
    ё) rails book
    ж) отчётность"
2023-12-24,result,2023-12-24T19:40:00+04:00,"Итог на день 24.12
1. Domcap: 12:06
    а) #3006 09:32
    б) #3039 01:00
    в) rails book 01:06
    г) документация 00:10
    д) отчётность 00:17"
2023-12-25,result,2023-12-25T19:40:20+04:00,"Итог на день 25.12
1. Domcap: 10:30
    а) #3006 04:35
    б) #3039 02:46
    в) fixed develop 01:51
    г) отчётность 00:13
    д) rails book 00:53
    е) связь с командой 00:10"
2023-12-26,plan,2023-12-26T10:32:15+04:00,"План на день 26.12
1. Domcap: 
    а) #3006
    б) #3039
    в) fixed develop
    г) документация
    д) analysis, update system
    е) связь с командой
    ё) rails book
    ж) отчётность
    з) SlickGrid"
2023-12-26,result,2023-12-26T19:39:32+04:00,"Итог на день 26.12
1. Domcap: 10:13
    а) #3006 06:41
    б) #3039 01:02
    в) отчётность 00:12
    г) документация 00:06
    д) analysis, update system 00:31
    е) связь с командой 00:56
    ё) rails book 00:42"
2023-12-27,plan,2023-12-27T07:26:31+04:00,"План на день 27.12
1. Domcap: 
    а) #3006
    б) #3039
    в) #2933
    г) документация
    д) analysis
    е) связь с командой
    ё) rails book
    ж) отчётность
    з) SlickGrid"
2023-12-27,result,2023-12-28T09:45:13+04:00,"Итог на день 27.12
1. Domcap: 11:04
    а) #3006 04:25
    б) #3039 00:50
    в) #2933 00:17
    г) #2959 03:08
    д) analysis 00:19
    е) связь с командой 00:16
    ё) rails book 01:16
    ж) отчётность 00:15
    з) документация 00:16"
2023-12-28,plan,2023-12-28T09:45:20+04:00,"План на день 28.12
1. Domcap: 
    а) #2933
    б) #3039
    в) SlickGrid
    г) документация
    д) analysis
    е) связь с командой
    ё) rails book
    ж) отчётность"
2023-12-28,result,2023-12-28T21:13:35+04:00,"Итог на день 28.12 
1. Domcap: 09:35
    а) #2933 06:16
    б) #3039
    в) fix Term Sheet Approval slack message 01:35
    г) документация 00:07
    д) analysis 00:08
    е) связь с командой 00:34
    ё) rails book 00:33
    ж) отчётность 00:14"
2023-12-29,plan,2023-12-29T10:04:38+04:00,"План на день 29.12
1. Domcap: 
    а) #2933
    б) #3039
    в) #3084
    г) документация
    д) analysis
    е) связь с командой
    ё) rails book
    ж) отчётность
    з) SlickGrid"
2023-12-29,result,2023-12-29T21:18:35+04:00,"Итог на день 29.12
1. Domcap: 08:39
    а) #2933 04:06
    б) #3039 00:17
    в) #3084 02:52
    г) документация 00:07
    д) analysis 00:29
    е) связь с командой 0027
    ё) rails book 00:05
    ж) отчётность 00:12"
2023-12-30,plan,2023-12-30T10:52:48+04:00,"План на день 30.12
1. Domcap: 
    а) #2933
    б) #3039
    в) SlickGrid
    г) документация
    д) analysis
    е) связь с командой
    ё) rails book
    ж) отчётность"
2023-12-30,result,2023-12-30T20:49:15+04:00,"Итог на день 30.12
1. Domcap: 09:12
    а) #2933 07:13
    б) #3039 00:24
    в) отчётность 00:12
    г) rails book 01:10
    д) analysis 00:12"
2023-12-31,plan,2023-12-31T07:47:07+04:00,"План на день 31.12
1. Domcap: 
    а) #2933
    б) #3039
    в) SlickGrid
    г) документация
    д) analysis
    е) отчётность
    ё) rails book
    ж) связь с командой"
2023-12-31,result,2023-12-31T20:17:43+04:00,"Итог на день 31.12
1. Domcap: 09:59
    а) #2933 09:12
    б) связь с командой 00:01
    в) rails book 00:27
    г) документация 00:07
    д) analysis 00:03
    е) отчётность 00:08"
2024-01-01,plan,2024-01-01T10:17:18+04:00,"План на день 01.01
1. Domcap: 
    а) #2933
    б) #3039
    в) SlickGrid
    г) документация
    д) отчётность
    е) rails book"
2024-01-01,result,2024-01-01T20:15:57+04:00,"Итог на день 01.01 
1. Domcap: 07:56
    а) #2933 06:37
    б) документация 00:02
    в) отчётность 00:47
    г) rails book 00:30"
2024-01-02,result,2024-01-02T21:23:39+04:00,"Итог на день 02.01
1. Domcap: 09;45
    а) #2933 08:16
    б) #3039
    в) связь с командой 00:16
    г) документация 00:07
    д) отчётность 00:16
    е) rails book 00:47"
2024-01-03,plan,2024-01-03T10:34:52+04:00,"План на день 03.01
1. Domcap: 
    а) #2933
    б) связь с командой
    в) SlickGrid
    г) документация
    д) отчётность
    е) rails book"
2024-01-03,result,2024-01-03T20:35:04+04:00,"Итог на день 03.01
1. Domcap: 06:10
    а) #2933 04:43
    б) связь с командой 00:42
    в) rails book 00:20
    г) документация 00:13
    д) отчётность 00:10"
2024-01-04,plan,2024-01-04T10:34:35+04:00,"План на день 04.01
1. Domcap: 
    а) #2933
    б) fix spec/lib/real_estate/deal_utils_spec.rb
    в) SlickGrid
    г) документация
    д) отчётность
    е) rails book
    ё) связь с командой"
2024-01-04,result,2024-01-04T19:48:39+04:00,"Итог на день 04.01
1. Domcap: 07:26
    а) #2933 03:51
    б) fix spec/lib/real_estate/deal_utils_spec.rb 01:15
    в) связь с командой 01:00
    г) документация 00:05
    д) отчётность 00:13
    е) rails book 01:01"
2024-01-05,plan,2024-01-05T16:00:50+04:00,"План на день 05.01
1. Domcap: 
    а) #2933
    б) #3039
    в) SlickGrid, Daily Log code deep dive - Strada, Flutter(04.01 09:12), thoughtbot(04.01 11:35)
    г) документация
    д) отчётность
    е) rails book
    ё) связь с командой
    ж) analysis"
2024-01-05,result,2024-01-06T09:54:24+04:00,"Итог на день 05.01
1. Domcap: 07:48
    а) #2933 05:21
    б) analysis 00:19
    в) связь с командой 00:59
    г) документация 00:05
    д) отчётность 00:13
    е) rails book 00:49"
2024-01-06,plan,2024-01-06T10:25:15+04:00,"План на день 06.01
1. Domcap: 
    а) #2933
    б) #3039
    в) SlickGrid, Daily Log code deep dive - Strada, Flutter(04.01 09:12), thoughtbot(04.01 11:35)
    г) документация
    д) отчётность
    е) rails book
    ё) связь с командой
    ж) analysis"
2024-01-06,result,2024-01-06T20:52:58+04:00,"Итог на день 06.01
1. Domcap: 09:46
    а) #2933 08:38
    б) analysis 00:13
    в) rails book 00:35
    г) документация 00:05
    д) отчётность 00:14"
2024-01-07,plan,2024-01-07T06:29:53+04:00,"План на день 07.01
1. Domcap: 
    а) #2933
    б) #3039
    в) SlickGrid, Daily Log code deep dive - Strada, Flutter(04.01 09:12), thoughtbot(04.01 11:35)
    г) документация
    д) отчётность
    е) rails book"
2024-01-07,result,2024-01-07T20:10:34+04:00,"Итог на день 07.01
1. Domcap:  11:16
    а) #2933 07:28
    б) #3039 02:53
    в) rails book 00:35
    г) документация 00:09
    д) отчётность 00:08"
2024-01-08,plan,2024-01-08T09:53:11+04:00,"План на день 08.01
1. Domcap: 
    а) #2933
    б) #3039
    в) SlickGrid, Daily Log code deep dive - Strada, Flutter(04.01 09:12), thoughtbot(04.01 11:35)
    г) документация
    д) отчётность
    е) rails book"
2024-01-08,result,2024-01-08T20:37:39+04:00,"Итог на день 08.01
1. Domcap: 10:03
    а) #2933 07:45
    б) #3039 01:06
    в) rails book 00:10
    г) документация 00:06
    д) отчётность 00:12"
2024-01-09,plan,2024-01-09T10:33:22+04:00,"План на день 09.01
1. Domcap: 
    а) #2933, #3073
    б) #3071, #2629
    в) #3115
    г) документация
    д) отчётность
    е) rails book
    ё) связь с командой
    ж) analysis
    з) SlickGrid, Daily Log code deep dive - Strada, Flutter(04.01 09:12), thoughtbot(04.01 11:35),Episode 436 - Turbo 8 | Drifting Ruby"
2024-01-09,result,2024-01-09T19:35:19+04:00,"Итог на день 09.01
1. Domcap: 11:18
    а) #2933, #3073 05:34
    б) #3071, #2629 02:12
    в) analysis 01:20
    г) документация 00:07
    д) отчётность 00:15
    е) rails book 01:01
    ё) связь с командой 00:46"
2024-01-10,plan,2024-01-10T09:06:32+04:00,"План на день 10.01
1. Domcap: 
    а) #2933, #3073
    б) #3071, #2629
    в) SlickGrid, Daily Log code deep dive - Strada, Flutter(04.01 09:12), thoughtbot(04.01 11:35),Episode 436 - Turbo 8 | Drifting Ruby
    г) документация
    д) отчётность
    е) rails book
    ё) связь с командой
    ж) analysis"
2024-01-10,result,2024-01-10T20:41:55+04:00,"Итог на день 10.01
1. Domcap: 10:32
    а) #2933, #3073 04:17
    б) #3071, #2629 04:20
    в) analysis 00:07
    г) документация 00:07
    д) отчётность 00:18
    е) rails book 00:54
    ё) связь с командой 00:26"
2024-01-11,plan,2024-01-11T20:07:43+04:00,"План на день 11.01
1. Domcap: 
    а) #2933, #3073
    б) #3071, #2629
    в) SlickGrid, Daily Log code deep dive - Strada, Flutter(04.01 09:12), thoughtbot(04.01 11:35),Episode 436 - Turbo 8 | Drifting Ruby
    г) документация
    д) отчётность
    е) rails book
    ё) связь с командой
    ж) analysis"
2024-01-11,result,2024-01-11T20:07:47+04:00,"Итог на день 11.01
1. Domcap:  10:55
    а) #2933, #3073 07:24
    б) #3071, #2629 01:35
    в) analysis 00:21
    г) связь с командой 01:03
    д) отчётность 00:17
    е) rails book 00:13"
2024-01-12,plan,2024-01-12T09:46:52+04:00,"План на день 12.01
1. Domcap: 
    а) #2933
    б) #3071
    в) #3039
    г) документация
    д) отчётность
    е) rails book
    ё) связь с командой
    ж) analysis
    з) SlickGrid, Daily Log code deep dive - Strada, Flutter(04.01 09:12), thoughtbot(04.01 11:35),Episode 436 - Turbo 8 | Drifting Ruby"
2024-01-12,result,2024-01-12T20:05:44+04:00,"Итог на день 12.01
1. Domcap: 10:24
    а) #2933 01:02
    б) #3071 07:37
    в) analysis 00:16
    г) документация 00:20
    д) отчётность 00:11
    е) rails book 00:38
    ё) связь с командой 00:20"
2024-01-13,plan,2024-01-13T08:27:37+04:00,"План на день 13.01
1. Domcap: 
    а) #2933
    б) #3071
    в) #3039
    г) документация
    д) отчётность
    е) rails book
    ё) связь с командой
    ж) analysis
    з) SlickGrid, Daily Log code deep dive - Strada, Flutter(04.01 09:12), thoughtbot(04.01 11:35),Episode 436 - Turbo 8 | Drifting Ruby"
2024-01-13,result,2024-01-13T21:17:03+04:00,"Итог на день 13.01
1. Domcap: 03:54
    а) #2933 01:07
    б) #3071 00:37
    в) #3039 00:53
    г) документация 00:09
    д) отчётность 00:12
    е) rails book 01:03"
2024-01-14,plan,2024-01-14T07:32:23+04:00,"План на день 14.01
1. Domcap: 
    а) #2933
    б) #3071
    в) SlickGrid, Daily Log code deep dive - Strada, Flutter(04.01 09:12), thoughtbot(04.01 11:35),Episode 436 - Turbo 8 | Drifting Ruby
    г) документация
    д) отчётность
    е) rails book"
2024-01-14,result,2024-01-14T19:46:02+04:00,"Итог на день 14.01
1. Domcap: 06:45
    а) #2933 05:31
    б) rails book 00:12
    в) Daily Log code deep dive - Strada 00:36
    г) документация 00:14
    д) отчётность 00:11"
2024-01-15,plan,2024-01-15T10:01:43+04:00,"План на день 15.01
1. Domcap: 
    а) #2933
    б) #3071
    в) SlickGrid, Flutter(04.01 09:12), thoughtbot(04.01 11:35),Episode 436 - Turbo 8 | Drifting Ruby
    г) документация
    д) отчётность
    е) rails book
    ё) связь с командой
    ж) analysis"
2024-01-15,result,2024-01-15T21:04:47+04:00,"Итог на день 15.01
1. Domcap: 08;54
    а) #2933 03:05
    б) #3071 04:53
    в) Flutter  00:20
    г) документация 00:06
    д) отчётность 00:08
    е) rails book 00:17"
2024-01-16,plan,2024-01-16T10:35:53+04:00,"План на день 16.01
1. Domcap: 
    а) #3115
    б) #3071
    в) SlickGrid, thoughtbot(04.01 11:35),Episode 436 - Turbo 8 | Drifting Ruby
    г) документация
    д) отчётность
    е) rails book
    ё) связь с командой
    ж) analysis"
2024-01-16,result,2024-01-16T20:34:56+04:00,"Итог на день 16.01
1. Domcap: 09:06
    а) #3115 01:29
    б) #3006 04:30
    в) analysis 01:18
    г) документация 00:17
    д) отчётность 00:17
    е) rails book 00:20
    ё) связь с командой 00:53"
2024-01-17,plan,2024-01-17T08:47:40+04:00,"План на день 17.01
1. Domcap: 
    а) #3115
    б) #3071
    в) #2933
    г) #3006
    д) #3007
    е) rails book
    ё) связь с командой
    ж) analysis
    з) SlickGrid, thoughtbot(04.01 11:35),Episode 436 - Turbo 8 | Drifting Ruby
    и) документация
    й) отчётность"
2024-01-17,result,2024-01-17T22:58:29+04:00,"Итог на день 17.01
1. Domcap: 13:15
    а) #3115 00:33
    б) #3071 00:45
    в) #2933 05:50
    г) #3006 03:06
    д) #3007 00:14
    е) rails book 00:39
    ё) связь с командой 00:24
    ж) analysis 00:19
    з) Episode 436 - Turbo 8 | Drifting Ruby 01:04
    и) документация 00:04
    й) отчётность 00:15"
2024-01-18,plan,2024-01-18T05:23:37+04:00,"План на день 18.01
1. Domcap: 
    а) #3115
    б) #3006
    в) отчётность
    г) документация
    д) SlickGrid, thoughtbot(04.01 11:35)
    е) rails book
    ё) связь с командой
    ж) analysis"
2024-01-18,result,2024-01-18T19:33:32+04:00,"Итог на день 18.01
1. Domcap:  08:53
    а) #3115 00:14
    б) #3006 06:51
    в) отчётность 00:17
    г) документация 00:10
    д) SlickGrid, thoughtbot(04.01 11:35) 00:24
    е) analysis 00:10
    ё) связь с командой 00:46"
2024-01-19,plan,2024-01-19T08:52:51+04:00,"План на день 19.01
1. Domcap: 
    а) #3115
    б) #3006
    в) отчётность
    г) документация
    д) SlickGrid, thoughtbot(04.01 11:35)
    е) rails book
    ё) связь с командой
    ж) analysis"
2024-01-19,result,2024-01-19T19:37:31+04:00,"Итог на день 19.01
1. Domcap:  10:18
    а) #3115 05:51
    б) #3006 02:28
    в) отчётность 00:13
    г) документация 00:10
    д) analysis 00:28
    е) rails book 00:16
    ё) связь с командой 00:49"
2024-01-20,plan,2024-01-20T08:28:05+04:00,"План на день 20.01
1. Domcap: 
    а) #3115
    б) #3205
    в) #3006
    г) документация
    д) SlickGrid, thoughtbot(04.01 11:35)
    е) rails book
    ё) отчётность
    ж) analysis"
2024-01-20,result,2024-01-21T07:44:45+04:00,"Итог на день 20.01
1. Domcap:  06:01
    а) #3115 05:17
    б) rails book 00:15
    в) #3006 00:03
    г) документация 00:09
    д) отчётность 00:06
    е) analysis 00:09"
2024-01-21,plan,2024-01-21T09:19:14+04:00,"План на день 21.01
1. Domcap: 
    а) #3115
    б) #3205
    в) analysis
    г) документация
    д) SlickGrid, thoughtbot(04.01 11:35)
    е) rails book
    ё) отчётность"
2024-01-21,result,2024-01-21T18:31:27+04:00,"Итог на день 21.01
1. Domcap: 06:55
    а) #3115 04:46
    б) #3205 01:04
    в) analysis 00:10
    г) документация 00:11
    д) отчётность 00:15
    е) rails book 00:08
    ё) связь с командой 00:14"
2024-01-22,result,2024-01-22T19:15:11+04:00,"Итог на день 22.01
1. Domcap:  07:54
    а) #3115 02:05
    б) #3205 00:33
    в) #2403 02:35
    г) analysis 01:10
    д) связь с командой 00:45
    е) rails book 00:35
    ё) отчётность 00:08"
2024-01-23,plan,2024-01-23T07:02:59+04:00,"План на день 23.01
1. Domcap: 
    а) #3115
    б) #3205
    в) #2403
    г) документация
    д) SlickGrid, thoughtbot(04.01 11:35)
    е) rails book
    ё) отчётность
    ж) связь с командой
    з) analysis"
2024-01-23,result,2024-01-23T19:16:44+04:00,"Итог на день 23.01
1. Domcap: 08:53
    а) #3115 04:12
    б) #3205 01:25
    в) связь с командой 00:39
    г) документация 00:15
    д) analysis 01:12
    е) rails book 00:14
    ё) отчётность 00:09"
2024-01-24,plan,2024-01-24T09:24:48+04:00,"План на день 24.01
1. Domcap: 
    а) #3115
    б) #2403
    в) analysis
    г) документация
    д) SlickGrid, thoughtbot(04.01 11:35)
    е) rails book
    ё) отчётность
    ж) связь с командой"
2024-01-24,result,2024-01-24T19:20:56+04:00,"Итог на день 24.01
1. Domcap: 08:53
    а) #3115 01:29
    б) #2403 05:20
    в) analysis 00:16
    г) документация 00:12
    д) связь с командой 00:33
    е) rails book 00:53
    ё) отчётность 00:08"
2024-01-25,plan,2024-01-25T06:50:05+04:00,"План на день 25.01
1. Domcap: 
    а) #3006
    б) #2403
    в) #3115
    г) документация
    д) SlickGrid, thoughtbot(04.01 11:35)
    е) rails book
    ё) отчётность
    ж) связь с командой
    з) analysis"
2024-01-25,result,2024-01-25T19:36:51+04:00,"Итог на день 25.01
1. Domcap: 11:03
    а) #3006 02:23
    б) #2403 05:53
    в) #3115 00:36
    г) документация 00:20
    д) analysis 00:39
    е) rails book 00:12
    ё) отчётность 00:08
    ж) связь с командой 00:48"
2024-01-26,plan,2024-01-26T08:07:15+04:00,"План на день 26.01
1. Domcap: 
    а) #2403
    б) analysis
    в) связь с командой
    г) документация
    д) SlickGrid, thoughtbot(04.01 11:35)
    е) rails book
    ё) отчётность"
2024-01-26,result,2024-01-26T18:48:43+04:00,"Итог на день 26.01
1. Domcap: 07:23
    а) #2403 05:55
    б) #3006 00:21
    в) связь с командой 00:15
    г) документация 00:04
    д) analysis 00:32
    е) rails book 00:10
    ё) отчётность 00:09"
2024-01-27,plan,2024-01-27T08:31:32+04:00,"План на день 27.01
1. Domcap: 
    а) #2403, #3234
    б) #3039
    в) #3237
    г) документация
    д) SlickGrid, thoughtbot(04.01 11:35)
    е) rails book
    ё) отчётность
    ж) analysis
    з) связь с командой"
2024-01-27,result,2024-01-27T19:01:54+04:00,"Итог на день 27.01
1. Domcap:  08:41
    а) #2403, #3234 01:02
    б) #3039 04:02
    в) #3237 01:38
    г) документация 00:05
    д) analysis 00:58
    е) rails book 00:44
    ё) отчётность 00:09"
2024-01-28,plan,2024-01-28T08:33:56+04:00,"План на день 28.01
1. Domcap: 
    а) #2403, #3234
    б) #3039
    в) analysis
    г) документация
    д) SlickGrid, thoughtbot(04.01 11:35)
    е) rails book
    ё) отчётность"
2024-01-28,result,2024-01-28T19:21:33+04:00,"Итог на день 28.01
1. Domcap: 07:18
    а) #2403, #3234 04:28
    б) #3039 02:12
    в) rails book 00:18
    г) документация 00:08
    д) отчётность 00:08"
2024-01-29,plan,2024-01-29T08:18:40+04:00,"План на день 29.01
1. Domcap: 
    а) #2403, #3234
    б) #3237
    в) analysis
    г) документация
    д) SlickGrid, thoughtbot(04.01 11:35)
    е) rails book
    ё) отчётность
    ж) связь с командой"
2024-01-29,result,2024-01-29T19:35:57+04:00,"Итог на день 29.01 
1. Domcap: 09:52
    а) #2403, #3234 07:29
    б) отчётность 00:15
    в) analysis 00:32
    г) документация 00:10
    д) связь с командой 00:47
    е) rails book 00:38"
2024-01-30,plan,2024-01-30T07:53:09+04:00,"План на день 30.01
1. Domcap: 
    а) #2403, #3234
    б) #3237
    в) analysis
    г) документация
    д) How to rescue a transaction to roll back changes?
    е) rails book
    ё) отчётность
    ж) связь с командой"
2024-01-30,result,2024-01-30T19:35:44+04:00,"Итог на день 30.01
1. Domcap:  08:32
    а) #2403, #3234 07:16
    б) связь с командой 00:32
    в) отчётность 00:08
    г) документация 00:12
    д) How to rescue a transaction to roll back changes? 00:14
    е) rails book 00:07"
2024-01-31,plan,2024-01-31T07:59:52+04:00,"План на день 31.01
1. Domcap: 
    а) #2403, #3234
    б) Support for replacing statement files, use correct Wire Info for ACH
    в) analysis
    г) документация
    д) SlickGrid, thoughtbot(04.01 11:35)
    е) rails book
    ё) отчётность
    ж) связь с командой"
2024-01-31,result,2024-01-31T19:12:23+04:00,"Итог на день 31.01
1. Domcap: 09:04
    а) #2403, #3234 05:16
    б) Support for replacing statement files, use correct Wire Info for ACH 02:18
    в) analysis 00:19
    г)  связь с командой 00:23
    д)  отчётность 00:10
    е) rails book 00:35"
2024-02-01,plan,2024-02-01T10:43:50+04:00,"План на день 01.02
1. Domcap: 
    а) #2403, #3234
    б) #3248
    в) analysis
    г) документация
    д) SlickGrid, thoughtbot(04.01 11:35)
    е) rails book
    ё) отчётность
    ж) связь с командой"
2024-02-01,result,2024-02-01T19:36:18+04:00,"Итог на день 01.02
1. Domcap: 07:51
    а) #2403, #3234 03:35
    б) связь с командой 01:08
    в) analysis 01:00
    г) документация 00:10
    д) Send Notifications in Rails with Noticed v2  00:18
    е) rails book 00:50
    ё) отчётность 00:47"
2024-02-02,plan,2024-02-02T09:09:35+04:00,"План на день 02.02
1. Domcap: 
    а) #2403, #3234
    б) #3248
    в) #3039
    г) документация
    д) SlickGrid, thoughtbot(04.01 11:35)
    е) rails book
    ё) отчётность
    ж) связь с командой
    з) analysis"
2024-02-02,result,2024-02-02T19:19:10+04:00,"Итог на день 02.02
1. Domcap:  08:44
    а) #2403, #3234 06:33
    б) #3248 00:39
    в) analysis 00:11
    г) документация 00:11
    д) связь с командой 00:28
    е) rails book 00:28
    ё) отчётность 00:11"
2024-02-03,plan,2024-02-03T07:03:24+04:00,"План на день 03.02
1. Domcap: 
    а) #2403, #3234
    б) #3248
    в) #3039
    г) документация
    д) SlickGrid, thoughtbot(04.01 11:35)
    е) rails book
    ё) отчётность
    ж) связь с командой
    з) analysis"
2024-02-03,result,2024-02-03T18:54:28+04:00,"Итог на день 03.02
1. Domcap:  06:30
    а) #2403, #3234 01:02
    б) #3248 00:55
    в) #3039 03:53
    г) документация 00:12
    д) analysis 00:06
    е) rails book 00:11
    ё) отчётность 00:09"
2024-02-04,result,2024-02-04T19:20:26+04:00,"Итог на день 04.02
1. Domcap: 07:26
    а) #3039 05:55
    б) rails book 00:44
    в) analysis 00:27
    г) документация 00:05
    д) отчётность 00:13"
2024-02-05,plan,2024-02-05T07:30:15+04:00,"План на день 05.02
1. Domcap: 
    а) #3039
    б) #3248
    в) analysis
    г) документация
    д) SlickGrid, thoughtbot(04.01 11:35)
    е) rails book
    ё) отчётность
    ж) связь с командой"
2024-02-05,result,2024-02-05T19:22:04+04:00,"Итог на день 05.02
1. Domcap: 10:20
    а) связь с командой 00:34
    б) #3248 09:15
    в) analysis 00:04
    г) документация 00:05
    д) отчётность 00:10
    е) rails book 00:10"
2024-02-06,plan,2024-02-06T16:02:18+04:00,"План на день 06.02
1. Domcap: 
    а) #3039
    б) #3248
    в) #3236
    г) документация
    д) SlickGrid, thoughtbot(04.01 11:35)
    е) rails book
    ё) отчётность
    ж) связь с командой
    з) analysis"
2024-02-06,result,2024-02-06T18:53:28+04:00,"Итог на день 06.02
1. Domcap:  09:14
    а) #3039 03:39
    б) #3248 01:32
    в) #3154 01:25
    г) документация 00:02
    д) SlickGrid 01:04
    е) rails book 00:11
    ё) отчётность 00:09
    ж) связь с командой 00:32
    з) analysis 01:14"
2024-02-07,plan,2024-02-07T09:02:20+04:00,"План на день 07.02
1. Domcap: 
    а) #3039
    б) #3154
    в) #2403
    г) документация
    д) thoughtbot(04.01 11:35)
    е) rails book
    ё) отчётность
    ж) связь с командой
    з) analysis"
2024-02-07,result,2024-02-07T19:04:34+04:00,"Итог на день 07.02
1. Domcap: 08:35
    а) #3039 00:51
    б) #3154 05:00
    в) #2403 00:58
    г) документация 00:13
    д) analysis 00:24
    е) rails book 00:34
    ё) отчётность 00:16
    ж) связь с командой 00:15"
2024-02-08,plan,2024-02-08T07:14:40+04:00,"План на день 08.02
1. Domcap: 
    а) #3039
    б) #3154
    в) #3295
    г) документация
    д) thoughtbot(04.01 11:35)
    е) rails book
    ё) отчётность
    ж) связь с командой
    з) analysis"
2024-02-08,result,2024-02-08T19:16:49+04:00,"Итог на день 08.02
1. Domcap: 10:13
    а) #3039 00:12
    б) #3154 02:17
    в) #3295 06:28
    г) документация 00:09
    д) analysis 00:14
    е) rails book 00:13
    ё) отчётность 00:10
    ж) связь с командой 00:28"
2024-02-09,plan,2024-02-09T08:22:21+04:00,"План на день 09.02
1. Domcap: 
    а) #3039
    б) #3310
    в) #3311
    г) документация
    д) thoughtbot(04.01 11:35), Timeouts for popular Ruby gems
    е) rails book
    ё) отчётность
    ж) связь с командой
    з) analysis"
2024-02-09,result,2024-02-09T19:01:44+04:00,"Итог на день 09.02
1. Domcap: 07:55
    а) #3310 06:34
    б) analysis 00:37
    в) связь с командой 00:12
    г) документация 00:08
    д) отчётность 00:13
    е) rails book 00:11"
2024-02-10,plan,2024-02-10T07:24:04+04:00,"План на день 10.02
1. Domcap: 
    а) #3039
    б) #3310
    в) #3311
    г) #3314
    д) thoughtbot(04.01 11:35), Timeouts for popular Ruby gems
    е) rails book
    ё) отчётность
    ж) связь с командой
    з) analysis
    и) документация"
2024-02-10,result,2024-02-10T18:47:56+04:00,"Итог на день 10.02
1. Domcap: 08:51
    а) #3310 07:33
    б) документация 00:05
    в) analysis 00:42
    г) rails book 00:16
    д) отчётность 00:14"
2024-02-11,plan,2024-02-11T06:02:59+04:00,"План на день 11.02
1. Domcap: 
    а) #3310
    б) #3314
    в) документация
    г) analysis
    д) thoughtbot(04.01 11:35), Timeouts for popular Ruby gems
    е) rails book
    ё) отчётность
    ж) связь с командой"
2024-02-11,result,2024-02-11T19:06:07+04:00,"Итог на день 11.02
1. Domcap: 09:48
    а) #3310 01:50
    б) #3311 05:34
    в) документация 00:08
    г) analysis 01:14
    д) отчётность 00:21
    е) rails book 00:38"
2024-02-12,plan,2024-02-12T09:02:25+04:00,"План на день 12.02
1. Domcap: 
    а) #3311
    б) #3314
    в) документация
    г) analysis
    д) thoughtbot(04.01 11:35), Timeouts for popular Ruby gems
    е) rails book
    ё) отчётность
    ж) связь с командой"
2024-02-12,result,2024-02-12T19:37:02+04:00,"Итог на день 12.02
1. Domcap: 09:15
    а) #3311 03:58
    б) #3314 02:58
    в) документация 00:07
    г) analysis 00:09
    д) thoughtbot(04.01 11:35), Timeouts for popular Ruby gems 00:37
    е) rails book 00:17
    ё) отчётность 00:16
    ж) связь с командой 00:48"
2024-02-13,plan,2024-02-13T10:26:15+04:00,"План на день 13.02
1. Domcap: 
    а) #3311
    б) #3310
    в) #3231
    г) analysis
    д) документация
    е) rails book
    ё) отчётность
    ж) связь с командой"
2024-02-13,result,2024-02-13T19:26:55+04:00,"Итог на день 13.02
1. Domcap: 09:13
    а) #3311 06:16
    б) #3310 00:30
    в) #3231 00:41
    г) analysis 00:23
    д) документация 00:10
    е) rails book 00:14
    ё) отчётность 00:10
    ж) связь с командой 00:46"
2024-02-14,plan,2024-02-14T09:31:52+04:00,"План на день 14.02
1. Domcap: 
    а) #3311
    б) #2471
    в) #3231
    г) #3341
    д) документация
    е) rails book
    ё) отчётность
    ж) связь с командой
    з) analysis"
2024-02-14,result,2024-02-14T19:10:00+04:00,"Итог на день 14.02
1. Domcap: 10:03
    а) #3311 00:50
    б) #2471 03:27
    в) #3231 00:33
    г) #3341 02:07
    д) документация 00:18
    е) rails book 01:24
    ё) отчётность 00:08
    ж) связь с командой 00:37
    з) analysis 00:35"
2024-02-15,plan,2024-02-15T06:32:50+04:00,"План на день 15.02
1. Domcap: 
    а) #3311
    б) #2471
    в) #3341
    г) analysis
    д) документация
    е) rails book
    ё) отчётность
    ж) связь с командой"
2024-02-15,result,2024-02-15T19:13:43+04:00,"Итог на день 15.02
1. Domcap:  07:43
    а) #3311 00:37
    б) #2471 02:56
    в) #3341 01:07
    г) #3354 00:49
    д) #3269 01:03
    е) rails book 00:09
    ё) отчётность 00:08
    ж) связь с командой 00:27
    з) analysis 00:13
    и) документация 00:09"
2024-02-16,plan,2024-02-16T09:07:54+04:00,"План на день 16.02
1. Domcap: 
    а) #3311
    б) #3269
    в) #3341
    г) analysis
    д) документация
    е) rails book
    ё) отчётность
    ж) связь с командой"
2024-02-16,result,2024-02-16T19:20:25+04:00,"Итог на день 16.02
1. Domcap: 09:46
    а) #3311 
    б) #3269 07:36
    в) #3341
    г) analysis 01:04
    д) документация 00:08
    е) rails book 00:12
    ё) отчётность 00:11
    ж) связь с командой 00:33"
2024-02-17,result,2024-02-17T18:18:11+04:00,"Итог на день 17.02
1. Domcap: 06:21
    а) #3269 05:30
    б) rails book 00:10
    в) отчётность 00:09
    г) analysis 00:09
    д) документация 00:21"
2024-02-18,plan,2024-02-18T07:43:32+04:00,"План на день 18.02
1. Domcap: 
    а) #3311
    б) #3269
    в) #3341
    г) analysis
    д) документация
    е) rails book
    ё) отчётность
    ж) Docusign"
2024-02-18,result,2024-02-18T19:05:27+04:00,"Итог на день 18.02
1. Domcap: 09:40
    а) #2700 04:42
    б) #3269 04:13
    в) analysis 00:14
    г) отчётность 00:10
    д) rails book 00:20"
2024-02-19,plan,2024-02-19T10:34:28+04:00,"План на день 19.02
1. Domcap: 
    а) #3311
    б) #2700
    в) #3341
    г) analysis
    д) документация
    е) rails book
    ё) отчётность
    ж) связь с командой"
2024-02-19,result,2024-02-19T19:41:54+04:00,"Итог на день 19.02
1. Domcap: 08:29
    а) #3341 01:19
    б) #2700 04:46
    в) связь с командой 00:49
    г) analysis 00:23
    д) документация 00:06
    е) rails book 00:17
    ё) отчётность 00:10"
2024-02-20,plan,2024-02-20T10:16:32+04:00,"План на день 20.02
1. Domcap: 
    а) #3311
    б) #2700
    в) #3341
    г) analysis
    д) документация
    е) rails book
    ё) отчётность
    ж) связь с командой"
2024-02-20,result,2024-02-20T19:19:49+04:00,"Итог на день 20.02
1. Domcap: 08:57
    а) #3341 01:01
    б) #2700 06:18
    в) связь с командой 00:33
    г) analysis 00:17
    д) отчётность 00:10
    е) rails book 00:36"
2024-02-21,plan,2024-02-21T10:10:41+04:00,"План на день 21.02
1. Domcap: 
    а) #3311
    б) #3231
    в) #3341
    г) #3269 
    д) документация
    е) rails book
    ё) отчётность
    ж) связь с командой
    з) analysis"
2024-02-21,result,2024-02-21T19:17:19+04:00,"Итог на день 21.02
1. Domcap: 09:05
    а) #3311 03:46
    б) #3231 00:54
    в) #3341 00:39
    г) #3269 02:17
    д) analysis 00:32
    е) rails book 00:09
    ё) отчётность 00:12
    ж) связь с командой 00:32"
2024-02-22,plan,2024-02-22T09:04:42+04:00,"План на день 22.02
1. Domcap: 
    а) #3311
    б) #3269 
    в) #3341
    г) analysis
    д) документация
    е) rails book
    ё) отчётность
    ж) связь с командой"
2024-02-22,result,2024-02-22T19:36:27+04:00,"Итог на день 22.02
1. Domcap: 08:48
    а) #3311 00:47
    б) #3269 03:55
    в) #3341 00:49
    г) #3397 00:51
    д) документация 00:08
    е) rails book 00:08
    ё) отчётность 00:10
    ж) связь с командой 00:48
    з) analysis 01:10"
2024-02-23,plan,2024-02-23T11:18:58+04:00,"План на день 23.02
1. Domcap: 
    а) #3311
    б) #3341
    в) связь с командой
    г) analysis
    д) документация
    е) rails book
    ё) отчётность"
2024-02-23,result,2024-02-23T19:37:29+04:00,"Итог на день 23.02
1. Domcap: 08:48
    а) #3311 06:51
    б) отчётность 00:10
    в) связь с командой 00:49
    г) analysis 00:31
    д) документация 00:15
    е) rails book 00:09"
2024-02-24,plan,2024-02-24T10:43:26+04:00,"План на день 24.02
1. Domcap: 
    а) #3311
    б) #3341
    в) отчётность
    г) analysis
    д) документация
    е) rails book"
2024-02-24,result,2024-02-24T19:16:08+04:00,"Итог на день 24.02
1. Domcap:  09:20
    а) #3311 06:11
    б) #3341 00:58
    в) отчётность 00:16
    г) analysis 00:36
    д) документация 00:17
    е) rails book 01:00"
2024-02-25,plan,2024-02-25T06:27:57+04:00,"План на день 25.02
1. Domcap: 
    а) #3311
    б) #3341
    в) отчётность
    г) analysis
    д) документация
    е) rails book"
2024-02-25,result,2024-02-25T18:57:30+04:00,"Итог на день 25.02
1. Domcap: 09:19
    а) #3311 06:02
    б) #3341 01:47
    в) отчётность 00:26
    г) analysis 00:09
    д) rails book 00:54"
2024-02-26,plan,2024-02-26T09:15:35+04:00,"План на день 26.02
1. Domcap: 
    а) #3239
    б) #3341
    в) #3118
    г) #3310
    д) документация
    е) rails book
    ё) отчётность
    ж) analysis"
2024-02-26,result,2024-02-26T19:48:38+04:00,"Итог на день 26.02
1. Domcap: 09:38
    а) #3239 00:26
    б) #3341 03:18
    в) #3118 00:34
    г) #3164 01:55
    д) документация 00:10
    е) rails book 00:10
    ё) отчётность 00:10
    ж) analysis 01:51
    з) связь с командой 01:00"
2024-02-27,plan,2024-02-27T10:03:29+04:00,"План на день 27.02
1. Domcap: 
    а) #3311
    б) #3341
    в) #3411
    г) #3164
    д) документация
    е) rails book
    ё) отчётность
    ж) analysis"
2024-02-27,result,2024-02-27T19:22:10+04:00,"Итог на день 27.02
1. Domcap: 09:28
    а) #3311 01:33
    б) #3341 01:23
    в) #3411 01:45
    г) #3164 01:12
    д) analysis 01:40
    е) rails book 00:11
    ё) отчётность 00:11
    ж) связь с командой 01:30"
2024-02-28,plan,2024-02-28T08:20:27+04:00,"План на день 28.02
1. Domcap: 
    а) #3311
    б) #3341
    в) #3411
    г) #3164
    д) #2700
    е) rails book
    ё) отчётность
    ж) analysis
    з) связь с командой
    и) документация"
2024-02-28,result,2024-02-29T12:37:52+04:00,"Итог на день 28.02
1. Domcap: 09:34
    а) #3311 01:42
    б) #3164 05:29
    в) #3410 00:14
    г) документация 00:16
    д) связь с командой 00:32
    е) rails book 00:10
    ё) отчётность 00:12
    ж) analysis 00:50"
2024-02-29,plan,2024-02-29T12:38:01+04:00,"План на день 29.02
1. Domcap: 
    а) #2700
    б) #3341
    в) #3410
    г) #3164
    д) документация
    е) rails book
    ё) отчётность
    ж) analysis
    з) связь с командой"
2024-02-29,result,2024-02-29T19:14:14+04:00,"Итог на день 29.02
1. Domcap: 07:59
    а) #3410 02:10
    б) #3164 03:29
    в) связь с командой 00:39
    г) analysis 00:19
    д) документация 00:07
    е) rails book 00:57
    ё) отчётность 00:14"
2024-03-01,plan,2024-03-01T09:30:24+04:00,"План на день 1.03
1. Domcap: 
    а) #2700
    б) #3341
    в) #3410
    г) связь с командой
    д) документация
    е) rails book
    ё) отчётность
    ж) analysis"
2024-03-01,result,2024-03-01T19:04:26+04:00,"Итог на день 1.03
1. Domcap: 08:16
    а) #2700 02:31
    б) #3341 00:46
    в) #3410 03:01
    г) связь с командой 00:29
    д) analysis 00:33
    е) rails book 00:16
    ё) отчётность 00:37"
2024-03-02,plan,2024-03-02T07:31:44+04:00,"План на день 2.03
1. Domcap: 
    а) #2700
    б) #3341
    в) #3410
    г) связь с командой
    д) документация
    е) rails book
    ё) отчётность
    ж) analysis"
2024-03-02,result,2024-03-02T20:57:24+04:00,"Итог на день 2.03
1. Domcap: 09:55
    а) #2700 00:35
    б) #3341 05:56
    в) #3410 02:25
    г) analysis 00:18
    д) документация 00:18
    е) rails book 00:11
    ё) отчётность 00:09"
2024-03-03,plan,2024-03-03T10:19:09+04:00,"План на день 3.03
1. Domcap: 
    а) #2700
    б) #3341
    в) #3410
    г) отчётность
    д) документация
    е) rails book
    ё) analysis"
2024-03-03,result,2024-03-03T19:03:53+04:00,"Итог на день 3.03
1. Domcap:  07:53
    а) #2700 06:25
    б) #3410 00:37
    в) analysis 00:22
    г) отчётность 00:10
    д) документация 00:06
    е) rails book 00:10"
2024-03-04,plan,2024-03-04T07:02:16+04:00,"План на день 4.03
1. Domcap: 
    а) #2700
    б) #3341
    в) #3410
    г) отчётность
    д) документация
    е) rails book
    ё) analysis
    ж) связь с командой"
2024-03-04,result,2024-03-04T19:08:01+04:00,"Итог на день 4.03
1. Domcap: 08:30
    а) #2700 05:22
    б) #3341 01:40
    в) #3410 00:10
    г) отчётность 00:08
    д) документация 00:11
    е) rails book 00:13
    ё) analysis 00:23
    ж) связь с командой 00:21"
2024-03-05,plan,2024-03-05T08:54:34+04:00,"План на день 5.03
1. Domcap: 
    а) #2700 
    б) #3341
    в) #3410
    г) отчётность
    д) документация
    е) rails book
    ё) analysis
    ж) связь с командой"
2024-03-05,result,2024-03-05T19:24:46+04:00,"Итог на день 5.03
1. Domcap: 10:39
    а) #2700 06:42
    б) #3410 01:25
    в) связь с командой 00:35
    г) отчётность 00:14
    д) документация 00:14
    е) rails book 00:45
    ё) analysis 00:40"
2024-03-06,plan,2024-03-06T07:53:30+04:00,"План на день 6.03
1. Domcap: 
    а) #2700 
    б) #3341
    в) #3410
    г) отчётность
    д) документация
    е) rails book
    ё) analysis
    ж) связь с командой"
2024-03-06,result,2024-03-06T19:42:58+04:00,"Итог на день 6.03
1. Domcap: 08:37
    а) #2700 05:33
    б) #3341 01:08
    в) #3410 00:05
    г) отчётность 00:13
    д) документация 00:15
    е) rails book 01:07
    ё) analysis 00:03
    ж) связь с командой 00:11"
2024-03-07,plan,2024-03-07T11:39:02+04:00,"План на день 7.03
1. Domcap: 
    а) #2700 
    б) #3341
    в) связь с командой
    г) отчётность
    д) документация
    е) rails book
    ё) analysis"
2024-03-07,result,2024-03-07T19:39:02+04:00,"Итог на день 7.03
1. Domcap:  07:48
    а) #2700 05:28
    б) #3341 00:53
    в) связь с командой 00:52
    г) отчётность 00:08
    д) analysis 00:16
    е) rails book 00:09"
2024-03-08,plan,2024-03-08T10:05:03+04:00,"План на день 8.03
1. Domcap: 
    а) #2700 
    б) #3341
    в) связь с командой
    г) отчётность
    д) документация
    е) rails book
    ё) analysis"
2024-03-08,result,2024-03-08T19:38:35+04:00,"Итог на день 8.03
1. Domcap: 08:44
    а) #2700 07:10
    б) #3410 00:14
    в) связь с командой 00:43
    г) отчётность 00:11
    д) документация 00:12
    е) rails book 00:14
    ё) analysis 00:05"
2024-03-09,plan,2024-03-09T10:01:23+04:00,"План на день 9.03
1. Domcap: 
    а) #2700 
    б) #3311
    в) #3410
    г) отчётность
    д) документация
    е) rails book
    ё) analysis
    ж) связь с командой"
2024-03-09,result,2024-03-09T18:57:40+04:00,"Итог на день 9.03
1. Domcap: 07:21
    а) #2700  00:14
    б) #3311 03:53
    в) #3410 00:54
    г) #3461 01:50
    д) документация 00:03
    е) rails book 00:10
    ё) analysis 00:06
    ж) отчётность 00:08"
2024-03-10,plan,2024-03-10T09:09:17+04:00,"План на день 10.03
1. Domcap: 
    а) #2700 
    б) #3311
    в) #3341
    г) отчётность
    д) документация
    е) rails book
    ё) analysis"
2024-03-10,result,2024-03-10T20:02:25+04:00,"Итог на день 10.03
1. Domcap: 08:49
    а) #2700 02:50
    б) #3311 03:31
    в) #3461 01:02
    г) отчётность 00:09
    д) документация 00:20
    е) rails book 00:10
    ё) analysis 00:44"
2024-03-11,plan,2024-03-11T08:48:59+04:00,"План на день 11.03
1. Domcap: 
    а) #2700 
    б) связь с командой
    в) analysis
    г) отчётность
    д) документация
    е) rails book"
2024-03-11,result,2024-03-11T20:20:21+04:00,"Итог на день 11.03
1. Domcap: 09:08
    а) #2700  06:02
    б) #3341 01:26
    в) analysis 00:08
    г) отчётность 00:10
    д) документация 00:10
    е) rails book 00:29
    ё) связь с командой 00:39"
2024-03-12,plan,2024-03-12T11:30:46+04:00,"План на день 12.03
1. Domcap: 
    а) #2700 
    б) #3311
    в) analysis
    г) отчётность
    д) документация
    е) rails book
    ё) связь с командой"
2024-03-12,result,2024-03-12T22:46:03+04:00,"Итог на день 12.03
1. Domcap: 08:50
    а) #2700 01:10
    б) #3311 05:51
    в) #3461 00:26
    г) отчётность 00:10
    д) документация 00:15
    е) rails book 00:10
    ё) связь с командой 00:28
    ж) analysis 00:40"
2024-03-13,plan,2024-03-13T06:11:22+04:00,"План на день 13.03
1. Domcap: 
    а) #2700 
    б) #3470 
    в) analysis
    г) отчётность
    д) документация
    е) rails book
    ё) связь с командой"
2024-03-13,result,2024-03-13T17:30:41+04:00,"Итог на день 13.03
1. Domcap: 09:20
    а) #2700 02:01
    б) #3470 06:15
    в) analysis 00:05
    г) отчётность 00:10
    д) документация 00:07
    е) rails book 00:10
    ё) связь с командой 00:28"
2024-03-14,plan,2024-03-14T08:23:29+04:00,"План на день 14.03
1. Domcap: 
    а) #2700 
    б) #3470 
    в) #3311
    г) отчётность
    д) документация
    е) rails book
    ё) связь с командой
    ж) analysis"
2024-03-14,result,2024-03-14T20:07:36+04:00,"Итог на день 14.03
1. Domcap:  09:40
    а) #2700 04:19
    б) #3470 02:24
    в) #3311 01:22
    г) отчётность 00:08
    д) документация 00:14
    е) rails book 00:09
    ё) связь с командой 00:29
    ж) analysis 00:31"
2024-03-15,plan,2024-03-15T06:28:23+04:00,"План на день 15.03
1. Domcap: 
    а) #2700 
    б) #3470
    в) связь с командой
    г) отчётность
    д) документация
    е) rails book
    ё) analysis"
2024-03-15,result,2024-03-15T23:07:03+04:00,"Итог на день 15.03
1. Domcap: 08:46
    а) #2700  04:04
    б) #3470 03:27
    в) связь с командой 00:19
    г) отчётность 00:10
    д) analysis 00:17
    е) rails book 00:27"
2024-03-16,plan,2024-03-16T04:34:50+04:00,"План на день 16.03
1. Domcap: 
    а) #2700 
    б) #3497
    в) связь с командой
    г) отчётность
    д) документация
    е) rails book
    ё) analysis"
2024-03-16,result,2024-03-16T20:22:52+04:00,"Итог на день 16.03
1. Domcap: 07:31
    а) #2700 06:15
    б) analysis 00:21
    в) rails book 00:15
    г) отчётность 00:11
    д) документация 00:22"
2024-03-17,plan,2024-03-17T08:31:12+04:00,"План на день 17.03
1. Domcap: 
    а) #2700 
    б) #3497
    в) analysis
    г) отчётность
    д) документация
    е) rails book"
2024-03-17,result,2024-03-17T20:53:00+04:00,"Итог на день 17.03
1. Domcap: 09:04
    а) #2700 05:22
    б) #3497 01:37
    в) #3289 01:04
    г) отчётность 00:14
    д) документация 00:03
    е) rails book 00:25
    ё) analysis 00:17"
2024-03-18,plan,2024-03-18T11:04:27+04:00,"План на день 18.03
1. Domcap: 
    а) #3497
    б) #3290
    в) analysis
    г) отчётность
    д) документация
    е) rails book"
2024-03-18,result,2024-03-18T19:34:24+04:00,"Итог на день 18.03
1. Domcap: 09:34
    а) #3497 06:54
    б) связь с командой 00:34
    в) analysis 01:08
    г) отчётность 00:23
    д) документация 00:19
    е) rails book 00:14"
2024-03-19,plan,2024-03-19T10:56:22+04:00,"План на день 19.03
1. Domcap: 
    а) #3497
    б) #3290
    в) analysis
    г) отчётность
    д) документация
    е) rails book"
2024-03-19,result,2024-03-19T18:56:18+04:00,"Итог на день 19.03
1. Domcap: 08:50
    а) #3497 03:33
    б) #3290 01:34
    в) #3233 00:05
    г) отчётность 02:28
    д) rails book 00:14
    е) связь с командой 00:13
    ж) analysis 00:40"
2024-03-20,plan,2024-03-20T09:33:00+04:00,"План на день 20.03
1. Domcap: 
    а) #3310
    б) #3290
    в) #3233
    г) отчётность
    д) документация
    е) rails book
    ё) analysis
    ж) связь с командой"
2024-03-20,result,2024-03-20T20:14:56+04:00,"Итог на день 20.03
1. Domcap: 08:44
    а) #3448 03:53
    б) #3290 00:33
    в) #3233 02:10
    г) отчётность 00:14
    д) связь с командой 00:51
    е) rails book 00:21
    ё) analysis 00:39"
2024-03-21,plan,2024-03-21T09:44:31+04:00,"План на день 21.03
1. Domcap: 
    а) #3310
    б) #3520
    в) #3523
    г) #3442
    д) документация
    е) rails book
    ё) analysis
    ж) связь с командой
    з) отчётность"
2024-03-21,result,2024-03-21T21:07:51+04:00,"Итог на день 21.03
1. Domcap: 08:52
    а) #3310 02:06
    б) #3520 01:54
    в) #3523 00:22
    г) #3442 02:49
    д) документация 00:10
    е) rails book 00:09
    ё) analysis 00:27
    ж) связь с командой 00:41
    з) отчётность 00:09"
2024-03-22,plan,2024-03-22T10:28:53+04:00,"План на день 22.03
1. Domcap: 
    а) #3310
    б) отчётность
    в) связь с командой
    г) analysis
    д) документация
    е) rails book"
2024-03-22,result,2024-03-22T20:17:47+04:00,"Итог на день 22.03
1. Domcap: 08:02
    а) #3310 06:14
    б) отчётность 00:08
    в) связь с командой 00:47
    г) analysis 00:32
    д) документация 00:05
    е) rails book 00:14"
2024-03-23,plan,2024-03-23T07:29:10+04:00,"План на день 23.03
1. Domcap: 
    а) #3310
    б) отчётность
    в) связь с командой
    г) analysis
    д) документация
    е) rails book"
2024-03-23,result,2024-03-24T09:14:39+04:00,"Итог на день 23.03
1. Domcap: 05:59
    а) #3310 04:53
    б) отчётность 00:05
    в) rails book 00:21
    г) analysis 00:35
    д) документация 00:03"
2024-03-24,plan,2024-03-24T14:18:22+04:00,"План на день 24.03
1. Domcap: 
    а) #3310
    б) отчётность
    в) rails book
    г) analysis
    д) документация"
2024-03-24,result,2024-03-24T22:24:19+04:00,"Итог на день 24.03
1. Domcap: 07:22
    а) #3310 04:58
    б) отчётность 00:17
    в) rails book 01:45
    г) analysis 00:20"
2024-03-25,plan,2024-03-25T13:12:35+04:00,"План на день 25.03
1. Domcap: 
    а) #3310
    б) отчётность
    в) rails book
    г) analysis
    д) документация
    е) связь с командой"
2024-03-25,result,2024-03-25T20:54:54+04:00,"Итог на день 25.03
1. Domcap: 09:06
    а) #3310 07:35
    б) отчётность 00:08
    в) rails book 00:14
    г) analysis 00:14
    д) документация 00:14
    е) связь с командой 00:38"
2024-03-26,plan,2024-03-26T10:21:08+04:00,"План на день 26.03
1. Domcap: 
    а) #3310
    б) отчётность
    в) rails book
    г) analysis
    д) документация
    е) связь с командой"
2024-03-26,result,2024-03-26T20:39:03+04:00,"Итог на день 26.03
1. Domcap:  10:03
    а) #3310 06:17
    б) отчётность 00:16
    в) rails book 00:11
    г) analysis 02:29
    д) документация 00:24
    е) связь с командой 00:24"
2024-03-27,plan,2024-03-27T10:24:56+04:00,"План на день 27.03
1. Domcap: 
    а) #3310
    б) #3537
    в) #2922
    г) #2956
    д) документация
    е) связь с командой
    ё) отчётность
    ж) rails book
    з) analysis"
2024-03-27,result,2024-03-27T21:22:28+04:00,"Итог на день 27.03
1. Domcap: 08:50
    а) #3310 02:19
    б) #3537 01:44
    в) #2922 02:08
    г) analysis 00:19
    д) документация 00:12
    е) связь с командой 01:07
    ё) отчётность 00:11
    ж) rails book 00:46"
2024-03-28,plan,2024-03-28T09:39:50+04:00,"План на день 28.03
1. Domcap: 
    а) #3003
    б) #3537
    в) analysis
    г) rails book
    д) документация
    е) связь с командой
    ё) отчётность"
2024-03-28,result,2024-03-28T20:38:43+04:00,"Итог на день 28.03
1. Domcap: 09:18
    а) #3003 03:50
    б) #3537 00:56
    в) #3558 01:20
    г) #3341 00:43
    д) документация 00:11
    е) связь с командой 00:56
    ё) отчётность 00:12
    ж) analysis 00:22
    з) rails book 00:45"
2024-03-29,plan,2024-03-29T09:09:31+04:00,"План на день 29.03
1. Domcap: 
    а) #3003
    б) #3558
    в) #3310
    г) #3538
    д) документация
    е) связь с командой
    ё) отчётность
    ж) analysis
    з) rails book"
2024-03-29,result,2024-03-29T22:41:03+04:00,"Итог на день 29.03
1. Domcap:  07:58
    а) #3003 00:39
    б) #3558 01:13
    в) #3310 00:33
    г) #3538 01:15
    д) #3195 02:15
    е) связь с командой 00:27
    ё) отчётность 00:11
    ж) analysis 00:54
    з) rails book 00:09
    и) документация 00:16"
2024-03-30,plan,2024-03-30T08:52:49+04:00,"План на день 30.03
1. Domcap: 
    а) #3003
    б) #3566
    в) #3195
    г) rails book
    д) документация
    е) связь с командой
    ё) отчётность
    ж) analysis"
2024-03-30,result,2024-03-30T20:56:14+04:00,"Итог на день 30.03
1. Domcap: 08:48
    а) #3003 02:29
    б) #3566 02:38
    в) #3195 01:18
    г) #3572 01:12
    д) документация 00:09
    е) rails book 00:16
    ё) отчётность 00:09
    ж) analysis 00:34"
2024-03-31,plan,2024-03-31T09:37:44+04:00,"План на день 31.03
1. Domcap: 
    а) #3003
    б) analysis
    в) отчётность
    г) rails book
    д) документация"
2024-03-31,result,2024-03-31T21:18:18+04:00,"Итог на день 31.03
1. Domcap: 07:17
    а) #3003 06:21
    б) analysis 00:19
    в) отчётность 00:07
    г) rails book 00:13
    д) документация 00:06
    е) связь с командой 00:02"
2024-04-01,plan,2024-04-01T12:08:49+04:00,"План на день 01.04
1. Domcap: 
    а) #3003
    б) analysis
    в) отчётность
    г) rails book
    д) документация
    е) связь с командой"
2024-04-01,result,2024-04-01T20:05:22+04:00,"Итог на день 01.04
1. Domcap: 08:16
    а) #3003 03:26
    б) #3449 01:39
    в) #3195 00:15
    г) #3567 00:14
    д) документация 00:11
    е) связь с командой 00:20
    ё) analysis 01:07
    ж) отчётность 00:43
    з) rails book 00:17"
2024-04-02,plan,2024-04-02T08:28:46+04:00,"План на день 02.04
1. Domcap: 
    а) #3567
    б) #3003
    в) #2922
    г) rails book
    д) документация
    е) связь с командой
    ё) analysis
    ж) отчётность"
2024-04-02,result,2024-04-02T19:36:27+04:00,"Итог на день 02.04
1. Domcap: 09:05
    а) #3567 06:59
    б) analysis 00:40
    в) отчётность 00:10
    г) rails book 00:10
    д) документация 00:04
    е) связь с командой 01:00"
2024-04-03,plan,2024-04-03T09:06:23+04:00,"План на день 03.04
1. Domcap: 
    а) #3567
    б) #3003
    в) #2922
    г) rails book
    д) документация
    е) связь с командой
    ё) analysis
    ж) отчётность"
2024-04-03,result,2024-04-03T19:02:11+04:00,"Итог на день 03.04
1. Domcap: 08:18
    а) #3567 03:47
    б) #3003 00:37
    в) #2922 01:39
    г) #3572 00:29
    д) документация 00:09
    е) связь с командой 00:44
    ё) analysis 00:28
    ж) отчётность 00:11
    з) rails book 00:09"
2024-04-04,plan,2024-04-04T08:59:26+04:00,"План на день 04.04
1. Domcap: 
    а) #3567
    б) #3003
    в) #3466
    г) rails book
    д) документация
    е) связь с командой
    ё) analysis
    ж) отчётность"
2024-04-04,result,2024-04-04T17:42:21+04:00,"Итог на день 04.04
1. Domcap: 09:22
    а) #3567 01:49
    б) #3003 00:38
    в) #3466 02:23
    г) #3138 01:56
    д) документация 00:12
    е) связь с командой 00:40
    ё) analysis 01:05
    ж) отчётность 00:11
    з) rails book 00:23"
2024-04-05,plan,2024-04-05T09:22:04+04:00,"План на день 05.04
1. Domcap: 
    а) #9 js-tools-api
    б) #3510
    в) #3138
    г) rails book
    д) документация
    е) связь с командой
    ё) analysis
    ж) отчётность"
2024-04-05,result,2024-04-05T18:45:00+04:00,"Итог на день 05.04
1. Domcap: 07:58
    а) #3601 04:07
    б) #3138 00:28
    в) отчётность 00:14
    г) rails book 01:09
    д) документация 00:13
    е) связь с командой 01:24
    ё) analysis 00:20"
2024-04-06,plan,2024-04-06T11:35:14+04:00,"План на день 06.04
1. Domcap: 
    а) #3310
    б) #3510
    в) отчётность
    г) rails book
    д) документация
    е) analysis"
2024-04-06,result,2024-04-06T20:33:56+04:00,"Итог на день 06.04
1. Domcap:  09:01
    а) #3310 06:10
    б) #3510 00:57
    в) отчётность 00:11
    г) rails book 00:12
    д) документация 00:11
    е) analysis 01:08
    ё) связь с командой 00:08"
2024-04-07,plan,2024-04-07T09:53:02+04:00,"План на день 07.04
1. Domcap: 
    а) #3310
    б) #3510
    в) отчётность
    г) rails book
    д) документация
    е) analysis"
2024-04-07,result,2024-04-07T20:08:53+04:00,"Итог на день 07.04
1. Domcap: 07:26
    а) #3310 05:09
    б) #2700 00:28
    в) отчётность 00:08
    г) rails book 00:20
    д) документация 00:12
    е) analysis 00:22
    ё) связь с командой 00:47"
2024-04-08,plan,2024-04-08T09:22:00+04:00,"План на день 08.04
1. Domcap: 
    а) #3310
    б) #3510
    в) #3608
    г) rails book
    д) документация
    е) analysis
    ё) отчётность"
2024-04-08,result,2024-04-08T19:26:35+04:00,"Итог на день 08.04
1. Domcap: 08:09
    а) #3310 05:20
    б) #3175 00:21
    в) #3608 00:58
    г) rails book 00:10
    д) документация 00:10
    е) analysis 00:25
    ё) отчётность 00:12
    ж) связь с командой 00:33"
2024-04-09,plan,2024-04-09T08:03:49+04:00,"План на день 09.04
1. Domcap: 
    а) #3310
    б) #3175
    в) #2492
    г) #3542
    д) #3583
    е) analysis
    ё) отчётность
    ж) rails book
    з) документация"
2024-04-09,result,2024-04-09T17:43:11+04:00,"Итог на день 09.04
1. Domcap: 09:44
    а) #3310 01:35
    б) #3542 03:37
    в) #2492 01:05
    г) rails book 00:41
    д) отчётность 00:08
    е) analysis 01:10
    ё) связь с командой 01:25"
2024-04-10,plan,2024-04-10T11:02:20+04:00,"План на день 10.04
1. Domcap: 
    а) #3542
    б) #3175
    в) #3510
    г) rails book
    д) отчётность
    е) analysis
    ё) документация"
2024-04-10,result,2024-04-10T17:49:48+04:00,"Итог на день 10.04
1. Domcap: 06:04
    а) #3542 03:43
    б) документация 00:20
    в) analysis 00:29
    г) rails book 00:16
    д) отчётность 00:15
    е) связь с командой 00:59"
2024-04-11,plan,2024-04-11T09:28:08+04:00,"План на день 11.04
1. Domcap: 
    а) #3542
    б) #3310
    в) #3510
    г) rails book
    д) отчётность
    е) analysis
    ё) документация"
2024-04-11,result,2024-04-11T18:44:07+04:00,"Итог на день 11.04
1. Domcap:  08:27
    а) #3542 04:34
    б) #3310 02:17
    в) #3510 00:12
    г) rails book 00:12
    д) отчётность 00:20
    е) analysis 00:20
    ё) документация 00:13
    ж) связь с командой 00:16"
2024-04-12,plan,2024-04-12T09:24:32+04:00,"План на день 12.04
1. Domcap: 
    а) #3542
    б) #10
    в) #11
    г) #12
    д) отчётность
    е) analysis
    ё) документация
    ж) rails book"
2024-04-12,result,2024-04-13T10:03:54+04:00,"Итог на день 12.04
1. Domcap: 06:46
    а) #3542 04:38
    б) #11 00:20
    в) rails book 00:14
    г) документация 00:13
    д) отчётность 00:12
    е) analysis 00:14
    ё) связь с командой 00:49"
2024-04-13,plan,2024-04-13T10:04:05+04:00,"План на день 13.04
1. Domcap: 
    а) #3542
    б) #11
    в) rails book
    г) документация
    д) отчётность
    е) analysis"
2024-04-13,result,2024-04-13T19:47:13+04:00,"Итог на день 13.04
1. Domcap: 08:08
    а) #3542 02:40
    б) #11 04:42
    в) rails book 00:09
    г) документация 00:03
    д) отчётность 00:19
    е) analysis 00:15"
2024-04-14,plan,2024-04-14T10:15:57+04:00,"План на день 14.04
1. Domcap: 
    а) #3310
    б) #11
    в) #10
    г) #12
    д) отчётность
    е) analysis
    ё) rails book
    ж) документация"
2024-04-14,result,2024-04-14T19:06:31+04:00,"Итог на день 14.04
1. Domcap: 07:17
    а) #3310 03:21
    б) #11 01:50
    в) #12 00:57
    г) документация 00:06
    д) отчётность 00:21
    е) analysis 00:15
    ё) rails book 00:15"
2024-04-15,plan,2024-04-15T10:33:48+04:00,"План на день 15.04
1. Domcap: 
    а) #3310
    б) #11
    в) #10
    г) #12
    д) отчётность
    е) analysis
    ё) rails book
    ж) документация
    з) связь с командой"
2024-04-15,result,2024-04-15T19:22:36+04:00,"Итог на день 15.04
1. Domcap: 06:21
    а) #11 04:39
    б) связь с командой 00:47
    в) документация 00:15
    г) rails book 00:12
    д) отчётность 00:12
    е) analysis 00:13"
2024-04-16,plan,2024-04-16T09:05:32+04:00,"План на день 16.04
1. Domcap: 
    а) #3310
    б) #11
    в) #3442
    г) #3538
    д) отчётность
    е) analysis
    ё) rails book
    ж) документация
    з) связь с командой"
2024-04-16,result,2024-04-16T18:35:27+04:00,"Итог на день 16.04
1. Domcap: 08:44
    а) #2700 02:05
    б) #11 02:35
    в) #3442 02:33
    г) #3538 00:53
    д) отчётность 00:08
    е) analysis 00:07
    ё) rails book 00:11
    ж) документация 00:07
    з) связь с командой 00:12"
2024-04-17,plan,2024-04-17T13:40:10+04:00,"План на день 17.04
1. Domcap: 
    а) #11
    б) отчётность
    в) analysis
    г) rails book
    д) документация
    е) связь с командой"
2024-04-17,result,2024-04-17T19:35:21+04:00,"Итог на день 17.04
1. Domcap: 09:23
    а) #11 03:25
    б) #12 01:12
    в) analysis 03:46
    г) rails book 00:15
    д) документация 00:10
    е) связь с командой 00:19
    ё) отчётность 00:13"
2024-04-18,plan,2024-04-18T11:06:00+04:00,"План на день 18.04
1. Domcap: 
    а) #11
    б) #12
    в) #10
    г) rails book
    д) документация
    е) связь с командой
    ё) отчётность
    ж) analysis"
2024-04-18,result,2024-04-18T20:13:45+04:00,"Итог на день 18.04
1. Domcap: 09:02
    а) #11 02:25
    б) #12 00:52
    в) #10 02:10
    г) #3655 00:49
    д) #1320 01:38
    е) связь с командой 00:17
    ё) отчётность 00:12
    ж) analysis 00:16
    з) rails book 00:20"
2024-04-19,plan,2024-04-19T12:35:02+04:00,"План на день 19.04
1. Domcap: 
    а) #1320
    б) отчётность
    в) analysis
    г) rails book
    д) документация
    е) связь с командой"
2024-04-19,result,2024-04-19T19:43:34+04:00,"Итог на день 19.04
1. Domcap: 06:42
    а) #1320 04:58
    б) отчётность 00:10
    в) analysis 00:35
    г) rails book 00:07
    д) документация 00:20
    е) связь с командой 00:19"
2024-04-20,plan,2024-04-20T08:16:14+04:00,"План на день 20.04
1. Domcap: 
    а) #1320
    б) отчётность
    в) analysis
    г) rails book
    д) документация"
2024-04-20,result,2024-04-20T19:54:36+04:00,"Итог на день 20.04
1. Domcap: 08:09
    а) #1320 07:16
    б) отчётность 00:08
    в) analysis 00:02
    г) rails book 00:43"
2024-04-21,plan,2024-04-21T10:35:55+04:00,"План на день 21.04
1. Domcap: 
    а) #1320
    б) отчётность
    в) analysis
    г) rails book
    д) документация"
2024-04-21,result,2024-04-21T19:18:29+04:00,"Итог на день 21.04
1. Domcap: 07:47
    а) #1320 07:09
    б) отчётность 00:14
    в) analysis 00:07
    г) rails book 00:09
    д) документация 00:07"
2024-04-22,plan,2024-04-22T09:16:54+04:00,"План на день 22.04
1. Domcap: 
    а) #1320
    б) отчётность
    в) analysis
    г) rails book
    д) документация
    е) связь с командой"
2024-04-22,result,2024-04-22T19:54:24+04:00,"Итог на день 22.04
1. Domcap: 06:19
    а) #1320 03:54
    б) отчётность 00:10
    в) analysis 00:55
    г) rails book 00:09
    д) документация 00:05
    е) связь с командой 01:09"
2024-04-23,plan,2024-04-23T09:04:33+04:00,"План на день 23.04
1. Domcap: 
    а) #1320
    б) отчётность
    в) analysis
    г) rails book
    д) документация
    е) связь с командой 
    ё) review"
2024-04-23,result,2024-04-23T18:30:02+04:00,"Итог на день 23.04
1. Domcap: 08:50
    а) #1320 06:36
    б) отчётность 00:11
    в) analysis 00:33
    г) rails book 00:19
    д) документация 00:10
    е) связь с командой 00:32
    ё) review 00:26"
2024-04-24,plan,2024-04-24T07:39:28+04:00,"План на день 24.04
1. Domcap: 
    а) #1320
    б) отчётность
    в) analysis
    г) rails book
    д) документация
    е) связь с командой"
2024-04-24,result,2024-04-24T19:01:09+04:00,"Итог на день 24.04
1. Domcap: 08:19
    а) #1320 06:42
    б) отчётность 00:08
    в) analysis 01:03
    г) rails book 00:12
    д) документация 00:05
    е) связь с командой 00:10"
2024-04-25,plan,2024-04-25T09:22:47+04:00,"План на день 25.04
1. Domcap: 
    а) #1320
    б) отчётность
    в) analysis
    г) rails book
    д) документация
    е) связь с командой"
2024-04-25,result,2024-04-25T20:23:08+04:00,"Итог на день 25.04
1. Domcap: 08:07
    а) #1320 06:38
    б) отчётность 00:10
    в) analysis 00:35
    г) rails book 00:08
    д) документация 00:05
    е) связь с командой 00:31"
2024-04-26,plan,2024-04-26T12:53:30+04:00,"План на день 26.04
1. Domcap: 
    а) #1320
    б) отчётность
    в) analysis
    г) rails book
    д) документация
    е) связь с командой"
2024-04-26,result,2024-04-26T19:06:54+04:00,"Итог на день 26.04
1. Domcap: 06:17
    а) #1320 04:13
    б) отчётность 00:08
    в) analysis 01:13
    г) rails book 00:04
    д) документация 00:08
    е) связь с командой 00:34"
2024-04-27,plan,2024-04-27T09:48:05+04:00,"План на день 27.04
1. Domcap: 
    а) #1320
    б) #3442
    в) #3538
    г) #3003
    д) #2922
    е) документация
    ё) отчётность
    ж) analysis
    з) rails book"
2024-04-27,result,2024-04-27T19:25:53+04:00,"Итог на день 27.04
1. Domcap: 08:39
    а) #1320 04:18
    б) #3442 00:39
    в) #3538 01:05
    г) #3003 00:32
    д) #2922 01:12
    е) rails book 00:10
    ё) отчётность 00:13
    ж) analysis 00:27"
2024-04-28,plan,2024-04-28T11:20:09+04:00,"План на день 28.04
1. Domcap: 
    а) #1320
    б) документация
    в) отчётность
    г) analysis
    д) rails book"
2024-04-28,result,2024-04-28T18:29:55+04:00,"Итог на день 28.04
1. Domcap: 07:02
    а) #1320 06:23
    б) документация 00:15
    в) отчётность 00:08
    г) analysis 00:02
    д) rails book 00:13"
2024-04-29,plan,2024-04-29T11:17:29+04:00,"План на день 29.04
1. Domcap: 
    а) #1320
    б) документация
    в) отчётность
    г) analysis
    д) rails book
    е) связь с командой"
2024-04-29,result,2024-04-29T18:36:48+04:00,"Итог на день 29.04
1. Domcap: 06:10
    а) #1320 04:44
    б) документация 00:05
    в) отчётность 00:10
    г) analysis 00:25
    д) rails book 00:06
    е) связь с командой 00:36"
2024-04-30,plan,2024-04-30T09:20:58+04:00,"План на день 30.04
1. Domcap: 
    а) #1320
    б) документация
    в) отчётность
    г) analysis
    д) rails book
    е) связь с командой"
2024-04-30,result,2024-04-30T18:54:09+04:00,"Итог на день 30.04
1. Domcap: 09:18
    а) #1320 08:18
    б) документация 00:05
    в) отчётность 00:08
    г) analysis 00:22
    д) rails book 00:07
    е) связь с командой 00:17"
2024-05-01,plan,2024-05-01T11:39:39+04:00,"План на день 01.05
1. Domcap: 
    а) #1320
    б) #3538
    в) отчётность
    г) analysis
    д) rails book
    е) связь с командой
    ё) документация"
2024-05-01,result,2024-05-01T20:06:01+04:00,"Итог на день 01.05
1. Domcap: 08:11
    а) #1320 03:48
    б) #3729 02:11
    в) отчётность 00:51
    г) analysis 00:23
    д) rails book 00:28
    е) связь с командой 00:20
    ё) документация 00:07"
2024-05-02,plan,2024-05-02T09:53:47+04:00,"План на день 02.05
1. Domcap: 
    а) #1320
    б) #3729
    в) отчётность
    г) analysis
    д) rails book
    е) связь с командой
    ё) документация"
2024-05-02,result,2024-05-02T20:31:15+04:00,"Итог на день 02.05
1. Domcap: 07:41
    а) #1320 02:50
    б) #3729 03:18
    в) отчётность 00:10
    г) analysis 00:17
    д) rails book 00:29
    е) связь с командой 00:29
    ё) документация 00:07"
2024-05-03,plan,2024-05-03T10:15:33+04:00,"План на день 03.05
1. Domcap: 
    а) #1320
    б) документация
    в) отчётность
    г) analysis
    д) rails book
    е) связь с командой"
2024-05-03,result,2024-05-03T20:29:43+04:00,"Итог на день 03.05
1. Domcap: 08:03
    а) #1320 06:11
    б) документация 00:11
    в) отчётность 00:12
    г) analysis 00:45
    д) rails book 00:16
    е) связь с командой 00:25"
2024-05-04,plan,2024-05-04T07:59:10+04:00,"План на день 04.05
1. Domcap: 
    а) #1320
    б) документация
    в) отчётность
    г) analysis
    д) rails book"
2024-05-04,result,2024-05-04T21:27:03+04:00,"Итог на день 04.05
1. Domcap: 08:03
    а) #1320 07:30
    б) rails book 00:08
    в) отчётность 00:08
    г) analysis 00:15"
2024-05-05,plan,2024-05-05T10:55:49+04:00,"План на день 05.05
1. Domcap: 
    а) #1320
    б) документация
    в) отчётность
    г) analysis
    д) rails book"
2024-05-05,result,2024-05-05T21:51:21+04:00,"Итог на день 05.05
1. Domcap: 06:06
    а) #1320 05:11
    б) документация 00:08
    в) отчётность 00:13
    г) analysis 00:13
    д) rails book 00:16
    е) связь с командой 00:04"
2024-05-06,plan,2024-05-06T08:09:10+04:00,"План на день 06.05
1. Domcap: 
    а) #1320
    б) #3310
    в) отчётность
    г) analysis
    д) rails book
    е) связь с командой
    ё) документация"
2024-05-06,result,2024-05-06T19:58:15+04:00,"Итог на день 06.05
1. Domcap: 10:03
    а) #1320 07:21
    б) документация 00:05
    в) отчётность 00:13
    г) analysis 00:23
    д) rails book 00:08
    е) связь с командой 01:45"
2024-05-07,plan,2024-05-07T12:03:33+04:00,"План на день 07.05
1. Domcap: 
    а) #1320
    б) #3538
    в) отчётность
    г) analysis
    д) rails book
    е) связь с командой
    ё) документация"
2024-05-07,result,2024-05-07T18:43:28+04:00,"Итог на день 07.05
1. Domcap: 07:31
    а) #1320 00:14
    б) #3538 02:57
    в) #3706 01:22
    г) analysis 00:49
    д) rails book 01:08
    е) связь с командой 00:34
    ё) документация 00:14
    ж) отчётность 00:09"
2024-05-08,plan,2024-05-08T10:13:51+04:00,"План на день 08.05
1. Domcap: 
    а) #3706
    б) #3538
    в) отчётность
    г) analysis
    д) rails book
    е) связь с командой
    ё) документация"
2024-05-08,result,2024-05-08T21:26:07+04:00,"Итог на день 08.05
1. Domcap: 07:58
    а) #3706 00:55
    б) #3538 05:02
    в) отчётность 00:18
    г) analysis 00:27
    д) rails book 00:18
    е) связь с командой 00:40
    ё) документация 00:14"
2024-05-09,plan,2024-05-09T09:33:18+04:00,"План на день 09.05
1. Domcap: 
    а) #3706
    б) #3538
    в) #1320
    г) analysis
    д) rails book
    е) связь с командой
    ё) документация
    з) отчётность"
2024-05-09,result,2024-05-09T20:24:58+04:00,"Итог на день 09.05
1. Domcap: 08:47
    а) #3706 04:41
    б) #3538 02:07
    в) #12 00:23
    г) analysis 00:31
    д) rails book 00:05
    е) связь с командой 00:33
    ё) документация 00:10
    з) отчётность 00:14"
2024-05-10,plan,2024-05-10T12:23:59+04:00,"План на день 10.05
1. Domcap: 
    а) #3706
    б) #1320
    в) #3729
    г) #11
    д) rails book
    е) связь с командой
    ё) документация
    з) отчётность
    и) analysis"
2024-05-10,result,2024-05-10T20:44:12+04:00,"Итог на день 10.05
1. Domcap: 08:33
    а) #3706 01:11
    б) #1320 02:22
    в) #3729 01:17
    г) #12 01:38
    д) rails book 00:07
    е) связь с командой 00:17
    ё) документация 00:09
    з) отчётность 00:09
    и) analysis 01:18"
2024-05-11,plan,2024-05-11T21:06:50+04:00,"План на день 11.05
1. Domcap: 
    а) #1320
    б) документация
    в) отчётность
    г) analysis
    д) rails book"
2024-05-11,result,2024-05-11T21:07:47+04:00,"Итог на день 11.05
1. Domcap: 07:59
    а) #1320 07:13
    б) документация 00:09
    в) отчётность 00:08
    г) analysis 00:06
    д) rails book 00:20"
2024-05-12,plan,2024-05-12T10:25:56+04:00,"План на день 12.05
1. Domcap: 
    а) #1320
    б) документация
    в) отчётность
    г) analysis
    д) rails book"
2024-05-12,result,2024-05-12T21:13:03+04:00,"Итог на день 12.05
1. Domcap: 07:05
    а) #1320 06:28
    б) документация 00:07
    в) отчётность 00:10
    г) analysis 00:12
    д) rails book 00:07"
2024-05-13,plan,2024-05-13T11:13:45+04:00,"План на день 13.05
1. Domcap: 
    а) #1320
    б) #3703
    в) analysis
    г) документация
    д) rails book
    е) связь с командой
    ё) отчётность"
2024-05-13,result,2024-05-13T20:08:24+04:00,"Итог на день 13.05
1. Domcap: 07:47
    а) #1320 05:12
    б) отчётность 00:10
    в) analysis 00:39
    г) связь с командой 01:41
    д) rails book 00:04"
2024-05-14,plan,2024-05-14T07:19:08+04:00,"План на день 14.05
1. Domcap: 
    а) #1320
    б) #3703
    в) analysis
    г) документация
    д) rails book
    е) связь с командой
    ё) отчётность"
2024-05-14,result,2024-05-14T20:29:48+04:00,"Итог на день 14.05
1. Domcap: 09:54
    а) #1320 07:00
    б) #3703 01:45
    в) analysis 00:25
    г) документация 00:05
    д) rails book 00:15
    е) связь с командой 00:13
    ё) отчётность 00:09"
2024-05-15,plan,2024-05-15T11:17:20+04:00,"План на день 15.05
1. Domcap: 
    а) #3703
    б) отчётность
    в) analysis
    г) документация
    д) rails book
    е) связь с командой"
2024-05-15,result,2024-05-15T20:28:15+04:00,"Итог на день 15.05
1. Domcap: 08:03
    а) #3703 06:17
    б) #3829 00:28
    в) analysis 00:17
    г) отчётность 00:10
    д) rails book 00:20
    е) связь с командой 00:25"
2024-05-16,plan,2024-05-16T11:32:25+04:00,"План на день 16.05
1. Domcap: 
    а) #3703
    б) #3538
    в) #1836
    г) документация
    д) rails book
    е) связь с командой
    ж) отчётность
    з) analysis"
2024-05-16,result,2024-05-16T20:22:25+04:00,"Итог на день 16.05
1. Domcap: 08:34
    а) #3703 03:29
    б) #3538 01:28
    в) #1836 01:49
    г) документация 00:14
    д) rails book 00:38
    е) связь с командой 00:13
    ж) отчётность 00:07
    з) analysis 00:33"
2024-05-17,plan,2024-05-17T11:04:26+04:00,"План на день 17.05
1. Domcap: 
    а) #3703
    б) #3538
    в) #1836
    г) документация
    д) rails book
    е) связь с командой
    ж) отчётность
    з) analysis"
2024-05-17,result,2024-05-17T20:36:32+04:00,"Итог на день 17.05
1. Domcap: 08:25
    а) #3703 00:56
    б) #3538 01:37
    в) #1836 03:32
    г) #3753 01:07
    д) rails book 00:12
    е) связь с командой 00:28
    ж) отчётность 00:09
    з) analysis 00:22"
2024-05-18,plan,2024-05-18T11:46:40+04:00,"План на день 18.05
1. Domcap: 
    а) #3703
    б) #3815
    в) #3706
    г) #3538
    д) #3542
    е) связь с командой
    ж) отчётность
    з) analysis
    и) документация
    й) Why you should nest modules in Ruby
    к) System tests have failed
    л) rails book"
2024-05-18,result,2024-05-18T19:56:20+04:00,"Итог на день 18.05
1. Domcap: 09:16
    а) #3753 03:13
    б) #3815 02:50
    в) #3706 00:40
    г) #3538 00:14
    д) #3542 00:34
    е) документация 00:10
    ж) отчётность 00:10
    з) analysis 00:33
    и) rails book 00:49"
2024-05-19,plan,2024-05-19T10:55:47+04:00,"План на день 19.05
1. Domcap: 
    а) #3703
    б) #3815
    в) Why you should nest modules in Ruby
    г) System tests have failed
    д) rails book
    е) документация
    ж) отчётность
    з) analysis"
2024-05-19,result,2024-05-19T20:38:09+04:00,"Итог на день 19.05
1. Domcap: 08:45
    а) #3730 01:17
    б) #3815 02:36
    в) #2877 02:58
    г) System tests have failed 00:23
    д) rails book 00:04
    е) документация 00:16
    ж) отчётность 00:15
    з) analysis 00:54"
2024-05-20,plan,2024-05-20T11:12:05+04:00,"План на день 20.05
1. Domcap: 
    а) #3730
    б) #2877
    в) #2362
    г) Why you should nest modules in Ruby
    д) rails book
    е) документация
    ж) отчётность
    з) analysis
    и) связь с командой"
2024-05-20,result,2024-05-20T20:13:29+04:00,"Итог на день 20.05
1. Domcap: 08:42
    а) #3730 04:48
    б) #3175 00:29
    в) #2362 01:13
    г) Why you should nest modules in Ruby 00:17
    д) rails book 00:11
    е) документация 00:05
    ж) отчётность 00:10
    з) analysis 00:58
    и) связь с командой 00:28"
2024-05-21,plan,2024-05-21T11:38:37+04:00,"План на день 21.05
1. Domcap: 
    а) #3538
    б) #2877
    в) #2362
    г) #1836
    д) #3542
    е) документация
    ж) отчётность
    з) analysis
    и) связь с командой
    й) rails book"
2024-05-21,result,2024-05-21T18:28:19+04:00,"Итог на день 21.05
1. Domcap: 07:13
    а) #3538 01:30
    б) #2877 00:18
    в) #2362 00:24
    г) #1836 01:16
    д) #3542 01:44
    е) документация 00:08
    ж) отчётность 00:09
    з) analysis 00:50
    и) связь с командой 00:25
    й) rails book 00:26"
2024-05-22,plan,2024-05-22T10:55:59+04:00,"План на день 22.05
1. Domcap: 
    а) #2362
    б) #1836
    в) #3542
    г) связь с командой
    д) rails book
    е) документация
    ж) отчётность
    з) analysis"
2024-05-22,result,2024-05-22T19:41:52+04:00,"Итог на день 22.05
1. Domcap: 07:38
    а) #2362 01:03
    б) #1836 01:32
    в) #3542 02:47
    г) #2877 00:46
    д) analysis 00:24
    е) документация 00:12
    ж) отчётность 00:09
    з) связь с командой 00:36"
2024-05-23,plan,2024-05-23T10:51:17+04:00,"План на день 23.05
1. Domcap: 
    а) #2362
    б) #1836
    в) https://rails.rubystyle.guide/
    г) связь с командой
    д) rails book
    е) документация
    ж) отчётность
    з) analysis"
2024-05-23,result,2024-05-23T20:15:23+04:00,"Итог на день 23.05
1. Domcap: 10:01
    а) #2362 02:28
    б) #1836 03:44
    в) https://rails.rubystyle.guide/ 00:53
    г) связь с командой 00:44
    д) rails book 01:05
    е) документация 00:14
    ж) отчётность 00:09
    з) analysis 00:41"
2024-05-24,plan,2024-05-24T12:07:02+04:00,"План на день 24.05
1. Domcap: 
    а) #2362
    б) #1836
    в)  analysis
    г) связь с командой
    д) rails book
    е) документация
    ж) отчётность"
2024-05-24,result,2024-05-24T20:14:48+04:00,"Итог на день 24.05
1. Domcap: 08:51
    а) #2362 02:23
    б) #1836 00:49
    в)  analysis 00:16
    г) связь с командой 04:03
    д) rails book 00:54
    е) документация 00:07
    ж) отчётность 00:16"
2024-05-25,plan,2024-05-25T06:40:15+04:00,"План на день 25.05
1. Domcap: 
    а) #3175
    б) отчётность
    в)  analysis
    г) документация
    д) rails book"
2024-05-25,result,2024-05-25T20:28:19+04:00,"Итог на день 25.05
1. Domcap: 06:32
    а) #3175 05:32
    б) отчётность 00:10
    в)  analysis 00:31
    г) документация 00:09
    д) rails book 00:08"
2024-05-26,plan,2024-05-26T10:05:02+04:00,"План на день 26.05
1. Domcap: 
    а) #3175
    б) отчётность
    в)  analysis
    г) документация
    д) rails book"
2024-05-26,result,2024-05-26T18:34:19+04:00,"Итог на день 26.05
1. Domcap: 07:03
    а) #3175 04:41
    б) #2835 01:01
    в)  analysis 00:28
    г) документация 00:09
    д) rails book 00:34
    е) отчётность 00:09"
2024-05-27,plan,2024-05-27T10:58:52+04:00,"План на день 27.05
1. Domcap: 
    а) #3175
    б) #3886
    в) #2835
    г) документация
    д) rails book
    е) связь с командой
    ж) analysis
    з) отчётность"
2024-05-27,result,2024-05-27T20:12:09+04:00,"Итог на день 27.05
1. Domcap: 08:29
    а) #3175 01:57
    б) #3886 04:25
    в) #2835 00:17
    г) документация 00:09
    д) rails book 00:05
    е) связь с командой 00:43
    ж) analysis 00:41
    з) отчётность 00:08"
2024-05-28,plan,2024-05-28T10:01:30+04:00,"План на день 28.05
1. Domcap: 
    а) #3175
    б) #3886
    в) https://blog.appsignal.com/2024/05/22/five-things-to-avoid-in-ruby.html
    г) документация
    д) rails book
    е) связь с командой
    ж) analysis
    з) отчётность"
2024-05-28,result,2024-05-28T19:30:02+04:00,"Итог на день 28.05
1. Domcap: 07:45
    а) #3175 01:00
    б) #3886 04:46
    в) https://blog.appsignal.com/2024/05/22/five-things-to-avoid-in-ruby.html 00:22
    г) документация 00:10
    д) rails book 00:16
    е) связь с командой 00:29
    ж) analysis 00:32
    з) отчётность 00:08"
2024-05-29,plan,2024-05-29T12:47:46+04:00,"План на день 29.05
1. Domcap: 
    а) #3175
    б) #3542
    в) #3703
    г) https://github.com/standardrb/standard
    д) rails book
    е) связь с командой
    ж) analysis
    з) отчётность
    и) документация"
2024-05-29,result,2024-05-29T20:09:06+04:00,"Итог на день 29.05
1. Domcap: 07:51
    а) #3175 02:56
    б) #3542 01:12
    в) #3703 00:58
    г) https://github.com/standardrb/standard 00:13
    д) rails book 00:09
    е) связь с командой 00:33
    ж) analysis 01:22
    з) отчётность 00:12
    и) документация 00:13"
2024-05-30,plan,2024-05-30T11:50:50+04:00,"План на день 30.05
1. Domcap: 
    а) #3175
    б) #3542
    в) New Useful Tools for Debug Turbo apps
    г) документация
    д) rails book
    е) связь с командой
    ж) analysis
    з) отчётность"
2024-05-30,result,2024-05-30T19:46:36+04:00,"Итог на день 30.05
1. Domcap: 07:50
    а) #3175 03:31
    б) #3542 01:06
    в) New Useful Tools for Debug Turbo apps 00:06
    г) #3897 00:48
    д) rails book 00:48
    е) связь с командой 00:28
    ж) analysis 00:40
    з) отчётность 00:12
    и) документация 00:09"
2024-05-31,plan,2024-05-31T11:30:09+04:00,"План на день 31.05
1. Domcap: 
    а) #2362
    б) #3542
    в) отчётность
    г) документация
    д) rails book
    е) связь с командой
    ж) analysis"
2024-05-31,result,2024-06-01T10:01:18+04:00,"Итог на день 31.05
1. Domcap: 06:30
    а) #2362 04:35
    б) #3542 00:27
    в) отчётность 00:09
    г) документация 00:15
    д) rails book 00:04
    е) связь с командой 00:18
    ж) analysis 00:38"
2024-06-01,plan,2024-06-01T10:01:29+04:00,"План на день 01.06
1. Domcap: 
    а) #2362
    б) analysis
    в) отчётность
    г) документация
    д) rails book
    е) связь с командой"
2024-06-01,result,2024-06-01T19:48:12+04:00,"Итог на день 01.06
1. Domcap: 07:26
    а) #2362 05:37
    б) #3886 00:11
    в) отчётность 00:39
    г) документация 00:08
    д) rails book 00:10
    е) analysis 00:37"
2024-06-02,plan,2024-06-02T07:29:33+04:00,"План на день 02.06
1. Domcap: 
    а) #3886
    б) #3897
    в) отчётность
    г) документация
    д) rails book
    е) analysis"
2024-06-02,result,2024-06-02T21:14:50+04:00,"Итог на день 02.06
1. Domcap: 10:23
    а) #3886 06:28
    б) #3897 02:37
    в) отчётность 00:10
    г) документация 00:09
    д) rails book 00:49
    е) analysis 00:10"
2024-06-03,plan,2024-06-03T11:56:33+04:00,"План на день 03.06
1. Domcap: 
    а) #3886
    б) #3897
    в) отчётность
    г) документация
    д) rails book
    е) analysis"
2024-06-03,result,2024-06-03T21:14:00+04:00,"Итог на день 03.06
1. Domcap: 08:19
    а) #3886 04:40
    б) #3897 01:20
    в) #3888 00:54
    г) документация 00:09
    д) rails book 00:07
    е) analysis 00:29
    ё) отчётность 00:14
    ж) связь с командой 00:23"
2024-06-04,plan,2024-06-04T11:28:16+04:00,"План на день 04.06
1. Domcap: 
    а) #3886
    б) #3888
    в) отчётность
    г) документация
    д) rails book
    е) analysis
    ё) связь с командой"
2024-06-04,result,2024-06-04T21:42:48+04:00,"Итог на день 04.06
1. Domcap: 10:05
    а) #3886 06:53
    б) #3888 01:10
    в) отчётность 00:13
    г) документация 00:11
    д) rails book 00:08
    е) analysis 00:41
    ё) связь с командой 00:47"
2024-06-05,plan,2024-06-05T11:34:26+04:00,"План на день 05.06
1. Domcap: 
    а) #3886
    б) #1320
    в) #1372
    г) документация
    д) rails book
    е) analysis
    ё) связь с командой
    ж) отчётность"
2024-06-05,result,2024-06-05T19:56:19+04:00,"Итог на день 05.06
1. Domcap: 08:24
    а) #3886 04:04
    б) #1320 02:09
    в) fix tests 00:25
    г) документация 00:15
    д) rails book 00:10
    е) analysis 00:34
    ё) связь с командой 00:40
    ж) отчётность 00:08"
2024-06-06,plan,2024-06-06T07:15:30+04:00,"План на день 06.06
1. Domcap: 
    а) #3886
    б) #1372
    в) отчётность
    г) документация
    д) rails book
    е) analysis
    ё) связь с командой"
2024-06-06,result,2024-06-06T20:23:48+04:00,"Итог на день 06.06
1. Domcap: 09:16
    а) #3886 08:09
    б) связь с командой 00:18
    в) отчётность 00:11
    г) документация 00:10
    д) rails book 00:05
    е) analysis 00:22"
2024-06-07,plan,2024-06-07T11:39:44+04:00,"План на день 07.06
1. Domcap: 
    а) #3886
    б) #1372
    в) отчётность
    г) документация
    д) rails book
    е) analysis
    ё) связь с командой"
2024-06-07,result,2024-06-07T20:16:23+04:00,"Итог на день 07.06
1. Domcap: 07:56
    а) #3886 06:03
    б) связь с командой 00:14
    в) отчётность 00:12
    г) документация 00:07
    д) rails book 00:54
    е) analysis 00:24"
2024-06-08,plan,2024-06-08T10:05:42+04:00,"План на день 08.06
1. Domcap: 
    а) #3886
    б) #1372
    в) отчётность
    г) документация
    д) rails book
    е) analysis
    ё) связь с командой"
2024-06-08,result,2024-06-08T20:35:35+04:00,"Итог на день 08.06
1. Domcap: 10:33
    а) #3886 05:57
    б) #3932 00:19
    в) #3936 00:34
    г) #3937 01:52
    д) rails book 00:05
    е) analysis 01:25
    ё) документация 00:09
    ж) отчётность 00:10"
2024-06-09,plan,2024-06-09T11:43:55+04:00,"План на день 09.06
1. Domcap: 
    а) #3937
    б) analysis
    в) отчётность
    г) документация
    д) rails book"
2024-06-09,result,2024-06-09T21:03:15+04:00,"Итог на день 09.06
1. Domcap: 08:25
    а) #3937 07:39
    б) analysis 00:23
    в) отчётность 00:10
    г) документация 00:08
    д) rails book 00:04"
2024-06-10,plan,2024-06-10T10:17:10+04:00,"План на день 10.06
1. Domcap: 
    а) #3937
    б) analysis
    в) отчётность
    г) документация
    д) rails book
    е) связь с командой"
2024-06-10,result,2024-06-10T20:11:00+04:00,"Итог на день 10.06
1. Domcap: 08:50
    а) #3937 07:39
    б) analysis 00:13
    в) отчётность 00:08
    г) документация 00:09
    д) rails book 00:05
    е) связь с командой 00:34"
2024-06-11,plan,2024-06-11T10:39:09+04:00,"План на день 11.06
1. Domcap: 
    а) #3937
    б) analysis
    в) отчётность
    г) документация
    д) rails book
    е) связь с командой"
2024-06-11,result,2024-06-11T19:58:37+04:00,"Итог на день 11.06
1. Domcap: 09:28
    а) #3937 02:22
    б) #3542 01:30
    в) #3933 00:16
    г) #1320 02:53
    д) rails book 00:17
    е) связь с командой 00:56
    ё) analysis 00:49
    ж) отчётность 00:09
    з)  документация 00:12"
2024-06-12,plan,2024-06-12T10:55:52+04:00,"План на день 12.06
1. Domcap: 
    а) #3937
    б) #1320
    в) отчётность
    г) документация
    д) rails book
    е) связь с командой
    ё) analysis"
2024-06-12,result,2024-06-13T09:09:52+04:00,"Итог на день 12.06
1. Domcap: 08:29
    а) #3937 01:21
    б) #1320 01:49
    в) #3933 01:58
    г) #1372 01:32
    д) rails book 00:09
    е) связь с командой 00:59
    ё) analysis 00:16
    ж) отчётность 00:14
    з)  документация 00:08"
2024-06-13,plan,2024-06-13T09:42:58+04:00,"План на день 13.06
1. Domcap: 
    а) #1372
    б) analysis
    в) отчётность
    г) документация
    д) rails book
    е) связь с командой"
2024-06-13,result,2024-06-13T19:25:20+04:00,"Итог на день 13.06
1. Domcap: 08:31
    а) #1372 07:36
    б) analysis 00:08
    в) отчётность 00:09
    г) документация 00:09
    д) rails book 00:04
    е) связь с командой 00:23"
2024-06-14,plan,2024-06-14T07:36:18+04:00,"План на день 14.06
1. Domcap: 
    а) #1372
    б) analysis
    в) отчётность
    г) документация
    д) rails book
    е) связь с командой"
2024-06-14,result,2024-06-14T20:13:24+04:00,"Итог на день 14.06
1. Domcap: 07:14
    а) #1372 05:39
    б) analysis 00:03
    в) отчётность 00:09
    г) документация 00:08
    д) rails book 00:30
    е) связь с командой 00:43"
2024-06-15,plan,2024-06-15T11:11:46+04:00,"План на день 15.06
1. Domcap: 
    а) #1372
    б) #4019
    в) отчётность
    г) документация
    д) rails book
    е) связь с командой
    ё) analysis"
2024-06-15,result,2024-06-15T20:46:29+04:00,"Итог на день 15.06
1. Domcap: 09:17
    а) #1372 04:00
    б) #4019 04:14
    в) отчётность 00:09
    г) analysis 00:40
    д) rails book 00:13"
2024-06-16,plan,2024-06-16T09:36:31+04:00,"План на день 16.06
1. Domcap: 
    а) #1372
    б) analysis
    в) отчётность
    г) документация
    д) rails book"
2024-06-16,result,2024-06-16T20:15:59+04:00,"Итог на день 16.06
1. Domcap: 05:13
    а) #1372 04:11
    б) analysis 00:28
    в) отчётность 00:10
    г) документация 00:12
    д) rails book 00:10"
2024-06-17,plan,2024-06-17T11:44:28+04:00,"План на день 17.06
1. Domcap: 
    а) #2835
    б) analysis
    в) отчётность
    г) документация
    д) rails book
    е) связь с командой"
2024-06-17,result,2024-06-17T21:01:21+04:00,"Итог на день 17.06
1. Domcap: 09:03
    а) #2835 04:33
    б) #3444 02:03
    в) отчётность 00:14
    г) документация 00:09
    д) rails book 00:07
    е) связь с командой 00:55
    ё) analysis 00:59"
2024-06-18,plan,2024-06-18T09:31:21+04:00,"План на день 18.06
1. Domcap: 
    а) #2835
    б) analysis
    в) отчётность
    г) документация
    д) rails book
    е) связь с командой"
2024-06-18,result,2024-06-18T19:08:56+04:00,"Итог на день 18.06
1. Domcap: 09:54
    а) #2835 00:21
    б) #3152 03:35
    в) #4034 03:09
    г) #1372 01:15
    д) rails book 00:13
    е) связь с командой 00:26
    ё) analysis 00:34
    ж) отчётность 00:09
    з) документация 00:09"
2024-06-19,plan,2024-06-19T12:05:03+04:00,"План на день 19.06
1. Domcap: 
    а) #3152
    б) analysis
    в) отчётность
    г) документация
    д) rails book
    е) связь с командой"
2024-06-19,result,2024-06-19T20:40:52+04:00,"Итог на день 19.06
1. Domcap: 08:29
    а) #3152 05:27
    б) #4034 00:43
    в) отчётность 00:11
    г) документация 00:09
    д) rails book 00:13
    е) связь с командой 01:05
    ё) analysis 00:39"
2024-06-20,plan,2024-06-20T11:07:46+04:00,"План на день 20.06
1. Domcap: 
    а) #3152
    б) analysis
    в) отчётность
    г) документация
    д) rails book
    е) связь с командой"
2024-06-20,result,2024-06-20T20:38:58+04:00,"Итог на день 20.06
1. Domcap: 08:13
    а) #3152 06:28
    б) analysis 00:42
    в) отчётность 00:09
    г) связь с командой 00:33
    д) rails book 00:20"
2024-06-21,plan,2024-06-21T12:08:40+04:00,"План на день 21.06
1. Domcap: 
    а) #3152
    б) #4060
    в) #4061
    г) #4064
    д) rails book
    е) связь с командой
    ё) analysis
    ж) отчётность
    з) документация"
2024-06-21,result,2024-06-21T19:43:23+04:00,"Итог на день 21.06
1. Domcap: 07:27
    а) #3152 00:15
    б) #4060 03:24
    в) #4061 01:35
    г) #4064 
    д) rails book 00:09
    е) связь с командой 00:53
    ё) analysis 00:44
    ж) отчётность 00:13
    з) документация 00:10"
2024-06-22,result,2024-06-22T19:55:54+04:00,"Итог на день 22.06
1. Domcap: 05:04
    а) #4061 03:34
    б) #4060 00:45
    в) документация 00:09
    г) отчётность 00:12
    д) rails book 00:05
    е) analysis 00:16"
2024-06-23,plan,2024-06-23T11:17:38+04:00,"План на день 23.06
1. Domcap: 
    а) #3152
    б) #4060
    в) #4064
    г) документация
    д) rails book
    е) отчётность
    ё) analysis"
2024-06-23,result,2024-06-23T22:42:06+04:00,"Итог на день 23.06
1. Domcap: 07:48
    а) #3152 00:21
    б) #4060 06:36
    в) analysis 00:20
    г) документация 00:09
    д) rails book 00:10
    е) отчётность 00:10"
2024-06-24,plan,2024-06-24T10:58:11+04:00,"План на день 24.06
1. Domcap: 
    а) #3152
    б) #4060
    в) #4064
    г) документация
    д) rails book
    е) отчётность
    ё) analysis"
2024-06-24,result,2024-06-24T22:22:09+04:00,"Итог на день 24.06
1. Domcap: 07:28
    а) #3152 00:18
    б) #4060 04:13
    в) #4061 01:03 
    г) документация 00:09
    д) rails book 00:21
    е) отчётность 00:11
    ё) analysis 00:33"
2024-06-25,plan,2024-06-25T11:42:59+04:00,"План на день 25.06
1. Domcap: 
    а) #3152
    б) #4061
    в) #4064
    г) документация
    д) rails book
    е) отчётность
    ё) analysis"
2024-06-25,result,2024-06-25T20:28:11+04:00,"Итог на день 25.06
1. Domcap: 08:45
    а) #3152 01:11
    б) #4061 05:22
    в) #4064 00:22
    г) #4060 00:22
    д) rails book 00:23
    е) отчётность 00:10
    ё) analysis 00:22
    ж) документация 00:09
    з) связь с командой 00:23"
2024-06-26,plan,2024-06-26T11:16:44+04:00,"План на день 26.06
1. Domcap: 
    а) #3152
    б) документация
    в) rails book
    г) отчётность
    д) analysis
    е) связь с командой"
2024-06-26,result,2024-06-26T20:24:16+04:00,"Итог на день 26.06
1. Domcap: 09:02
    а) #3152 07:43
    б) документация 00:09
    в) rails book 00:10
    г) отчётность 00:10
    д) analysis 00:17
    е) связь с командой 00:31"
2024-06-27,plan,2024-06-27T11:59:42+04:00,"План на день 27.06
1. Domcap: 
    а) #3152
    б) #3647
    в) #4091
    г) https://gorails.com/episodes/testing-emails-with-mailcatcher
    д) analysis
    е) связь с командой
    ё) документация
    ж) rails book
    з) отчётность"
2024-06-27,result,2024-06-27T20:16:58+04:00,"Итог на день 27.06
1. Domcap: 07:58
    а) #3152 05:05
    б) #3647 00:31
    в) #4091 00:31
    г) https://gorails.com/episodes/testing-emails-with-mailcatcher 00:26
    д) analysis 00:18
    е) связь с командой 00:30
    ё) документация 00:09
    ж) rails book 00:10
    з) отчётность 00:15"
2024-06-28,plan,2024-06-28T12:26:59+04:00,"План на день 28.06
1. Domcap: 
    а) #3152
    б) #4105
    в) #4092
    г) отчётность
    д) analysis
    е) связь с командой
    ё) документация
    ж) rails book"
2024-06-28,result,2024-06-28T20:30:33+04:00,"Итог на день 28.06
1. Domcap: 08:52
    а) #3152 01:22
    б) #4105 01:08
    в) #4092 01:13
    г) #4111 01:59
    д) analysis 00:56
    е) связь с командой 00:46
    ё) документация 00:09
    ж) rails book 01:04
    з) отчётность 00:11"
2024-06-29,plan,2024-06-29T10:49:26+04:00,"План на день 29.06
1. Domcap: 
    а) #3152
    б) #4105
    в) #4092
    г) отчётность
    д) analysis
    е) связь с командой
    ё) документация
    ж) rails book"
2024-06-29,result,2024-06-29T19:48:44+04:00,"Итог на день 29.06
1. Domcap: 05:59
    а) #3152 01:01
    б) #4105 01:13
    в) #4092 02:22
    г) отчётность 00:11
    д) analysis 00:45
    е) rails book 00:07
    ё) документация 00:09
    ж) связь с командой 00:08"
2024-06-30,plan,2024-06-30T11:30:42+04:00,"План на день 30.06
1. Domcap: 
    а) #4105
    б) документация
    в) rails book
    г) отчётность
    д) analysis"
2024-07-01,plan,2024-07-01T09:23:58+04:00,"План на день 01.07
1. Domcap: 
    а) #4105
    б) документация
    в) rails book
    г) отчётность
    д) analysis
    е) связь с командой"
2024-07-01,result,2024-07-01T20:36:24+04:00,"Итог на день 01.07
1. Domcap: 09:06
    а) #4105 06:02
    б) документация 00:08
    в) rails book 01:20
    г) отчётность 00:27
    д) analysis 00:26
    е) связь с командой 00:40"
2024-07-02,plan,2024-07-02T08:23:34+04:00,"План на день 02.07
1. Domcap: 
    а) #4105
    б) документация
    в) rails book
    г) отчётность
    д) analysis
    е) связь с командой"
2024-07-02,result,2024-07-02T19:59:02+04:00,"Итог на день 02.07
1. Domcap: 09:16
    а) #4105 07:31
    б) документация 00:08
    в) rails book 00:35
    г) отчётность 00:11
    д) analysis 00:22
    е) связь с командой 00:27"
2024-07-03,plan,2024-07-03T08:38:45+04:00,"План на день 03.07
1. Domcap: 
    а) #4105
    б) документация
    в) rails book
    г) отчётность
    д) analysis
    е) связь с командой"
2024-07-03,result,2024-07-03T19:14:29+04:00,"Итог на день 03.07
1. Domcap: 08:11
    а) #4105 06:48
    б) документация 00:08
    в) rails book 00:05
    г) отчётность 00:12
    д) analysis 00:25
    е) связь с командой 00:32"
2024-07-04,plan,2024-07-04T11:08:37+04:00,"План на день 04.07
1. Domcap: 
    а) #4105
    б) #4073
    в) rails book
    г) отчётность
    д) analysis
    е) связь с командой
    ё) документация"
2024-07-04,result,2024-07-04T20:54:14+04:00,"Итог на день 04.07
1. Domcap: 08:54
    а) #4105 06:36
    б)  документация 00:09
    в) rails book 00:19
    г) отчётность 00:10
    д) analysis 01:09
    е) связь с командой 00:29"
2024-07-05,plan,2024-07-05T12:17:41+04:00,"План на день 05.07
1. Domcap: 
    а) #4105
    б) https://once.com/writebook
    в) rails book
    г) отчётность
    д) analysis
    е) связь с командой
    ё) документация"
2024-07-05,result,2024-07-05T20:31:50+04:00,"Итог на день 05.07
1. Domcap: 07:18
    а) #4105 05:55
    б) https://once.com/writebook
    в) rails book 00:07
    г) отчётность 00:10
    д) analysis 00:23
    е) связь с командой 00:31
    ё) документация 00:10"
2024-07-06,plan,2024-07-06T08:30:37+04:00,"План на день 06.07
1. Domcap: 
    а) #4105
    б) https://once.com/writebook
    в) https://www.githubstatus.com
    г) отчётность
    д) analysis
    е) связь с командой
    ё) документация
    ж) rails book"
2024-07-06,result,2024-07-06T19:04:22+04:00,"Итог на день 06.07
1. Domcap: 09:33
    а) #4105 08:42
    б) rails book 00:14
    в) документация 00:09
    г) отчётность 00:09
    д) analysis 00:17"
2024-07-07,plan,2024-07-07T09:57:30+04:00,"План на день 07.07
1. Domcap: 
    а) #4105
    б) https://once.com/writebook
    в) https://www.githubstatus.com
    г) отчётность
    д) analysis
    е) rails book
    ё) документация"
2024-07-07,result,2024-07-07T20:31:44+04:00,"Итог на день 07.07
1. Domcap: 08:58
    а) #4105 07:19
    б) https://once.com/writebook 00:56
    в) https://www.githubstatus.com 00:06
    г) отчётность 00:12
    д) analysis 00:05
    е) rails book 00:07
    ё) документация 00:09"
2024-07-08,result,2024-07-08T19:04:20+04:00,"Итог на день 08.07
1. Domcap: 08:50
    а) #4105 06:52
    б) https://once.com/writebook
    в) связь с командой 00:46
    г) отчётность 00:11
    д) analysis 00:45
    е) rails book 00:03
    ё) документация 00:10"
2024-07-09,plan,2024-07-09T08:31:19+04:00,"План на день 09.07
1. Domcap: 
    а) #4105
    б) #1372
    в) #3815
    г) отчётность
    д) analysis
    е) rails book
    ё) документация
    ж) связь с командой"
2024-07-09,result,2024-07-09T19:15:28+04:00,"Итог на день 09.07
1. Domcap: 08:50
    а) #4105 05:51
    б) #1372 00:57
    в) связь с командой 00:46
    г) отчётность 00:10
    д) analysis 00:43
    е) rails book 00:11
    ё) документация 00:10"
2024-07-10,plan,2024-07-10T10:18:06+04:00,"План на день 10.07
1. Domcap: 
    а) #4105
    б) #3815
    в) связь с командой
    г) отчётность
    д) analysis
    е) rails book
    ё) документация"
2024-07-10,result,2024-07-10T19:25:44+04:00,"Итог на день 10.07
1. Domcap: 08:49
    а) #4105 03:41
    б) #3815 03:10
    в) связь с командой 00:51
    г) отчётность 00:14
    д) analysis 00:32
    е) rails book 00:09
    ё) документация 00:10"
2024-07-11,plan,2024-07-11T11:18:31+04:00,"План на день 11.07
1. Domcap: 
    а) #1372
    б) #4061
    в) #4153
    г) отчётность
    д) analysis
    е) rails book
    ё) документация
    ж) связь с командой"
2024-07-11,result,2024-07-11T22:10:01+04:00,"Итог на день 11.07
1. Domcap: 05:39
    а) #1372 00:30
    б) #4061 00:39
    в) #4153 01:26
    г) #4184 00:51
    д) analysis 00:36
    е) rails book 01:03
    ё) документация 00:09
    ж) связь с командой 00:15
    з) отчётность 00:10"
2024-07-12,plan,2024-07-12T08:16:29+04:00,"План на день 12.07
1. Domcap: 
    а) #3934
    б) #4199
    в) #4198
    г) отчётность
    д) analysis
    е) rails book
    ё) документация
    ж) связь с командой"
2024-07-12,result,2024-07-13T07:24:17+04:00,"Итог на день 12.07
1. Domcap: 08:32
    а) #3934 00:15
    б) #4199 03:35
    в) #4198 01:30
    г) #1372 01:02
    д) analysis 00:21
    е) rails book 00:46
    ё) документация 00:08
    ж) связь с командой 00:42
    з) отчётность 00:09"
2024-07-13,plan,2024-07-13T11:02:40+04:00,"План на день 13.07
1. Domcap: 
    а) #1372
    б) #4180
    в) документация
    г) отчётность
    д) analysis
    е) rails book"
2024-07-13,result,2024-07-14T08:07:23+04:00,"Итог на день 13.07
1. Domcap: 07:57
    а) #1372 03:43
    б) #4180 02:42
    в) документация 00:10
    г) отчётность 00:12
    д) analysis 00:20
    е) rails book 00:47"
2024-07-14,plan,2024-07-14T09:54:22+04:00,"План на день 14.07
1. Domcap: 
    а) #4180
    б) rails book
    в) документация
    г) отчётность
    д) analysis"
2024-07-14,result,2024-07-15T06:41:13+04:00,"Итог на день 14.07
1. Domcap: 08:54
    а) #4180 08:20
    б) rails book 00:10
    в) документация 00:09
    г) отчётность 00:10
    д) analysis 00:05"
2024-07-15,plan,2024-07-15T09:54:11+04:00,"План на день 15.07
1. Domcap: 
    а) #4180
    б) rails book
    в) документация
    г) отчётность
    д) analysis
    е) связь с командой"
2024-07-15,result,2024-07-16T09:31:00+04:00,"Итог на день 15.07
1. Domcap: 08:20
    а) #4180 06:58
    б) rails book 00:03
    в) документация 00:09
    г) отчётность 00:04
    д) analysis 00:19
    е) связь с командой 00:40"
2024-07-16,plan,2024-07-16T10:44:28+04:00,"План на день 16.07
1. Domcap: 
    а) #4180
    б) #3937
    в) документация
    г) отчётность
    д) analysis
    е) связь с командой
    ё) rails book"
2024-07-16,result,2024-07-17T06:42:09+04:00,"Итог на день 16.07
1. Domcap: 07:26
    а) #4180 01:16
    б) #3937 04:15
    в) документация 00:07
    г) отчётность 00:10
    д) analysis 00:25
    е) связь с командой 00:55
    ё) rails book 00:16"
2024-07-17,plan,2024-07-17T09:50:29+04:00,"План на день 17.07
1. Domcap: 
    а) #4180
    б) #3937
    в) #3932
    г) отчётность
    д) analysis
    е) связь с командой
    ё) rails book
    ж) документация"
2024-07-17,result,2024-07-18T11:40:28+04:00,"Итог на день 17.07
1. Domcap: 08:20
    а) #4180 02:18
    б) #3937 02:01
    в) #3932 02:14
    г) отчётность 00:05
    д) analysis 00:31
    е) связь с командой 00:55
    ё) rails book 00:04
    ж) документация 00:09"
2024-07-18,plan,2024-07-18T11:40:29+04:00,"План на день 18.07
1. Domcap: 
    а) #4180
    б) документация
    в) rails book
    г) отчётность
    д) analysis
    е) связь с командой"
2024-07-18,result,2024-07-19T10:02:49+04:00,"Итог на день 18.07
1. Domcap: 07:15
    а) #4180 04:00
    б) #4235 01:38
    в) rails book 00:03
    г) отчётность 00:07
    д) analysis 00:24
    е) связь с командой 00:46
    ё) документация 00:13"
2024-07-19,plan,2024-07-19T10:02:58+04:00,"План на день 19.07
1. Domcap: 
    а) #4180
    б) #4060
    в) #1372
    г) отчётность
    д) analysis
    е) связь с командой
    ё) документация
    ж) rails book"
2024-07-19,result,2024-07-19T18:23:02+04:00,"Итог на день 19.07
1. Domcap: 08:49
    а) #4180 03:00
    б) #4060 02:11
    в) #1372 01:53
    г) отчётность 00:17
    д) analysis 00:34
    е) связь с командой 00:34
    ё) документация 00:10
    ж) rails book 00:07"
2024-07-20,plan,2024-07-20T10:24:41+04:00,"План на день 20.07
1. Domcap: 
    а) #4180
    б) #3934
    в) rails book
    г) отчётность
    д) analysis
    е) документация"
2024-07-20,result,2024-07-20T19:28:18+04:00,"Итог на день 20.07
1. Domcap: 08:25
    а) #4180 01:06
    б) #3934 06:30
    в) rails book 00:10
    г) отчётность 00:10
    д) analysis 00:17
    е) документация 00:10"
2024-07-21,plan,2024-07-21T07:45:00+04:00,"План на день 21.07
1. Domcap: 
    а) #3934
    б) документация
    в) rails book
    г) отчётность
    д) analysis"
2024-07-21,result,2024-07-21T18:16:22+04:00,"Итог на день 21.07
1. Domcap: 06:59
    а) #3934 06:15
    б) документация 00:09
    в) rails book 00:04
    г) отчётность 00:11
    д) analysis 00:17"
2024-07-22,plan,2024-07-22T11:02:09+04:00,"План на день 22.07
1. Domcap: 
    а) #3934
    б) #3932
    в) rails book
    г) отчётность
    д) analysis
    е) документация
    ё) связь с командой"
2024-07-22,result,2024-07-22T21:08:39+04:00,"Итог на день 22.07
1. Domcap: 07:25
    а) #3934 02:06
    б) #3932 00:33
    в) #4178 00:54
    г) #4221 01:32
    д) analysis 00:26
    е) документация 00:09
    ё) связь с командой 00:31
    ж) rails book 00:59
    з) отчётность 00:12"
2024-07-23,plan,2024-07-23T09:36:40+04:00,"План на день 23.07
1. Domcap: 
    а) #4221
    б) связь с командой
    в) rails book
    г) отчётность
    д) analysis
    е) документация"
2024-07-23,result,2024-07-23T19:09:12+04:00,"Итог на день 23.07
1. Domcap: 08:44
    а) #4221 07:30
    б) связь с командой 00:20
    в) rails book 00:05
    г) отчётность 00:09
    д) analysis 00:29
    е) документация 00:09"
2024-07-24,plan,2024-07-24T11:06:25+04:00,"План на день 24.07
1. Domcap: 
    а) #4270
    б) #4184
    в) rails book
    г) отчётность
    д) analysis
    е) документация
    ё) связь с командой"
2024-07-24,result,2024-07-24T20:11:44+04:00,"Итог на день 24.07
1. Domcap: 08:59
    а) #4270 06:11
    б) #4273 01:47 
    в) rails book 00:05
    г) отчётность 00:11
    д) analysis 00:18
    е) документация 00:08
    ё) связь с командой 00:17"
2024-07-25,plan,2024-07-25T09:30:17+04:00,"План на день 25.07
1. Domcap: 
    а) #4270
    б) #3934
    в) #1372
    г) #4273
    д) analysis
    е) документация
    ё) связь с командой
    ж) rails book
    з) отчётность"
2024-07-25,result,2024-07-25T18:07:22+04:00,"Итог на день 25.07
1. Domcap: 09:00
    а) #4270 00:19
    б) #3934 02:37
    в) #1372 00:09
    г) #4273 01:25
    д) #4184 02:27
    е) документация 00:09
    ё) связь с командой 00:33
    ж) rails book 00:53
    з) отчётность 00:10
    и) analysis 00:15"
2024-07-26,plan,2024-07-26T11:34:35+04:00,"План на день 26.07
1. Domcap: 
    а) #4184
    б) отчётность
    в) rails book
    г) связь с командой
    д) analysis
    е) документация"
2024-07-26,result,2024-07-27T08:01:11+04:00,"Итог на день 26.07
1. Domcap: 05:28
    а) #4184 03:44
    б) отчётность 00:07
    в) rails book 00:03
    г) связь с командой 00:41
    д) analysis 00:43
    е) документация 00:09"
2024-07-27,plan,2024-07-27T08:16:27+04:00,"План на день 27.07
1. Domcap: 
    а) #4184
    б) #4082
    в) rails book
    г) документация
    д) analysis
    е) отчётность"
2024-07-27,result,2024-07-27T19:19:57+04:00,"Итог на день 27.07
1. Domcap: 09:56
    а) #4184 08:38
    б) #4082
    в) rails book 00:49
    г) документация 
    д) analysis 00:18
    е) отчётность 00:09"
2024-07-28,plan,2024-07-28T10:52:47+04:00,"План на день 28.07
1. Domcap: 
    а) #4184
    б) #4082
    в) rails book
    г) документация
    д) analysis
    е) отчётность"
2024-07-28,result,2024-07-29T06:51:07+04:00,"Итог на день 28.07
1. Domcap: 06:42
    а) #4184 06:13
    б) #4082
    в) rails book 00:07
    г) документация 00:08
    д) analysis 00:07
    е) отчётность 00:06"
2024-07-28,plan,2024-07-29T07:00:47+04:00,"План на день 28.07
1. Domcap: 
    а) #4184
    б) #4082
    в) rails book
    г) документация
    д) analysis
    е) отчётность9"
2024-07-29,result,2024-07-29T20:32:22+04:00,"Итог на день 29.07
1. Domcap: 07:58
    а) #4184 04:44
    б) #4082 00:58
    в) #3886 00:29
    г) документация 00:09
    д) analysis 00:08
    е) отчётность 00:09
    ё) связь с командой 00:59
    ж) rails book 00:19"
2024-07-30,plan,2024-07-30T10:20:25+04:00,"План на день 30.07
1. Domcap: 
    а) #4105
    б) #4298
    в) https://danielabaron.me/blog/activerecord-json-mysql-mariadb/
    г) документация
    д) analysis
    е) отчётность
    ё) связь с командой
    ж) rails book"
2024-07-30,result,2024-07-30T18:15:13+04:00,"Итог на день 30.07
1. Domcap: 07:12
    а) #4105 04:02
    б) #4298 00:28
    в) https://danielabaron.me/blog/activerecord-json-mysql-mariadb/ 00:16
    г) документация 00:09
    д) analysis 00:57
    е) отчётность 00:10
    ё) связь с командой 00:59
    ж) rails book 00:06"
2024-07-31,plan,2024-07-31T11:50:07+04:00,"План на день 31.07
1. Domcap: 
    а) #4316
    б) #4298
    в) #4184
    г) документация
    д) analysis
    е) отчётность
    ё) связь с командой
    ж) rails book"
2024-07-31,result,2024-07-31T17:31:29+04:00,"Итог на день 31.07
1. Domcap: 05:02
    а) #4316 01:57
    б) #4298 
    в) #4184 01:24
    г) документация 00:05
    д) analysis 00:51
    е) отчётность 00:14
    ё) связь с командой 00:31
    ж) rails book 00:03"
2024-08-01,plan,2024-08-01T11:10:08+04:00,"План на день 01.08
1. Domcap: 
    а) #4184
    б) #4298
    в) rails book
    г) документация
    д) analysis
    е) отчётность
    ё) связь с командой"
2024-08-01,result,2024-08-01T19:29:35+04:00,"Итог на день 01.08
1. Domcap: 07:20
    а) #4184 04:51
    б) #4298
    в) rails book 00:03
    г) документация 00:09
    д) analysis 00:39
    е) отчётность 00:31
    ё) связь с командой 00:59"
2024-08-02,plan,2024-08-02T08:51:51+04:00,"План на день 02.08
1. Domcap: 
    а) #4184
    б) #4298
    в) #4105
    г) документация
    д) analysis
    е) отчётность
    ё) связь с командой
    ж) rails book"
2024-08-02,result,2024-08-02T18:33:37+04:00,"Итог на день 02.08
1. Domcap: 09:15
    а) #4184 07:02
    б) #4105 00:57
    в) rails book 00:03
    г) документация 00:08
    д) analysis 00:35
    е) отчётность 00:10
    ё) связь с командой 00:17"
2024-08-03,plan,2024-08-03T09:47:02+04:00,"План на день 03.08
1. Domcap: 
    а) #4298
    б) #4338
    в) rails book
    г) документация
    д) analysis
    е) отчётность"
2024-08-03,result,2024-08-03T18:57:11+04:00,"Итог на день 03.08
1. Domcap: 08:10
    а) #4338 01:56
    б) #4298 03:18
    в) #4179 00:39
    г) документация 00:07
    д) analysis 01:19
    е) отчётность 00:08
    ё) rails book 00:41"
2024-08-04,plan,2024-08-04T10:32:42+04:00,"План на день 04.08
1. Domcap: 
    а) #4179
    б) отчётность
    в) rails book
    г) документация
    д) analysis"
2024-08-04,result,2024-08-04T19:50:43+04:00,"Итог на день 04.08
1. Domcap: 08:40
    а) #4179 06:52
    б) #4343 00:54
    в) rails book 00:04
    г) документация 00:09
    д) analysis 00:30
    е) отчётность 00:09"
2024-08-05,plan,2024-08-05T09:47:12+04:00,"План на день 05.08
1. Domcap: 
    а) #4179
    б) #4073
    в) rails book
    г) документация
    д) analysis
    е) отчётность"
2024-08-05,result,2024-08-05T18:42:32+04:00,"Итог на день 05.08
1. Domcap: 08:11
    а) #4179 01:05
    б) #4073 05:14
    в) rails book 00:05
    г) документация 00:09
    д) analysis 00:37
    е) отчётность 00:10
    ё) связь с командой 00:49"
2024-08-06,plan,2024-08-06T11:29:31+04:00,"План на день 06.08
1. Domcap: 
    а) #4092
    б) #4073
    в) #4270
    г) #4270
    д) analysis
    е) отчётность
    ё) связь с командой 
    ж) rails book
    ж) документация"
2024-08-06,result,2024-08-06T20:10:22+04:00,"Итог на день 06.08
1. Domcap: 08:32
    а) #4073 05:28
    б) #4270 01:07
    в) документация 00:09
    г) rails book 00:09
    д) analysis 00:45
    е) отчётность 00:09
    ё) связь с командой 00:37"
2024-08-07,plan,2024-08-07T09:42:10+04:00,"План на день 07.08
1. Domcap: 
    а) #4092
    б) #4298
    в) rails book
    г) документация
    д) analysis
    е) отчётность
    ё) связь с командой"
2024-08-07,result,2024-08-07T19:12:54+04:00,"Итог на день 07.08
1. Domcap: 09:07
    а) #4092 05:12
    б) #4298 00:55
    в) #4105 01:40
    г) документация 00:09
    д) analysis 00:14
    е) отчётность 00:12
    ё) связь с командой 00:38
    ж) rails book 00:05"
2024-08-08,plan,2024-08-08T10:39:34+04:00,"План на день 08.08
1. Domcap: 
    а) #4092
    б) #4073
    в) rails book
    г) документация
    д) analysis
    е) отчётность
    ё) связь с командой 
\"
2024-08-08,result,2024-08-08T19:25:51+04:00,"Итог на день 08.08
1. Domcap: 08:26
    а) #4092 05:55
    б) #4073 01:07
    в) rails book 00:11
    г) документация 00:08
    д) analysis 00:35
    е) отчётность 00:10
    ё) связь с командой 00:18"
2024-08-09,plan,2024-08-09T08:17:23+04:00,"План на день 09.08
1. Domcap: 
    а) #4092
    б) #4373
    в) #4372
    г) документация
    д) analysis
    е) отчётность
    ё) связь с командой 
    ж) rails book"
2024-08-09,result,2024-08-09T20:33:54+04:00,"Итог на день 09.08
1. Domcap: 08:16
    а) #4092 04:01
    б) #4373 00:32
    в) #4372 00:17
    г) #4378 01:47
    д) analysis 00:35
    е) отчётность 00:08
    ё) связь с командой 00:19
    ж) rails book 00:38"
2024-08-10,plan,2024-08-10T08:53:53+04:00,"План на день 10.08
1. Domcap: 
    а) #4092
    б) #4199
    в) rails book
    г) документация
    д) analysis
    е) отчётность
    ё) связь с командой"
2024-08-10,result,2024-08-10T18:40:45+04:00,"Итог на день 10.08 
1. Domcap: 08:13
    а) #4092 05:02
    б) отчётность 00:09
    в) rails book 02:25
    г) analysis 00:35"
2024-08-11,plan,2024-08-11T11:25:48+04:00,"План на день 11.08
1. Domcap: 
    а) #4092
    б) #4199
    в) https://github.com/rails/rails/releases/tag/v7.2.0
    г) документация
    д) analysis
    е) отчётность
    ё) rails book"
2024-08-11,result,2024-08-11T21:01:45+04:00,"Итог на день 11.08
1. Domcap: 07:55
    а) #4092 05:57
    б) #4199 00:12
    в) https://github.com/rails/rails/releases/tag/v7.2.0 00:51
    г) документация 00:15
    д) analysis 00:19
    е) отчётность 00:10
    ё) rails book 00:09"
2024-08-12,plan,2024-08-12T10:02:33+04:00,"План на день 12.08
1. Domcap: 
    а) #4092
    б) #4073
    в) #4221
    г) #3152
    д) analysis
    е) отчётность
    ё) rails book
    ж) документация
    з) связь с командой"
2024-08-12,result,2024-08-12T20:17:06+04:00,"Итог на день 12.08
1. Domcap: 08:45
    а) #4092 03:01
    б) #4073 03:46
    в) #4316 00:55
    г) связь с командой 00:22
    д) analysis 00:13
    е) отчётность 00:12
    ё) rails book 00:05
    ж) документация 00:08"
2024-08-13,plan,2024-08-13T11:44:58+04:00,"План на день 13.08
1. Domcap: 
    а) #4092
    б) #4073
    в) #4221
    г) #3152
    д) analysis
    е) отчётность
    ё) rails book
    ж) документация
    з) связь с командой"
2024-08-13,result,2024-08-13T18:09:29+04:00,"Итог на день 13.08
1. Domcap: 08:19
    а) #4092 01:43
    б) #4073 01:07
    в) #4221 00:38
    г) #3152 00:56
    д) analysis 01:10
    е) отчётность 00:13
    ё) rails book 00:59
    ж) документация 00:10
    з) связь с командой 01:24"
2024-08-14,plan,2024-08-14T10:13:23+04:00,"План на день 14.08
1. Domcap: 
    а) #4092
    б) #1372
    в) связь с командой
    г) документация
    д) analysis
    е) отчётность
    ё) rails book"
2024-08-14,result,2024-08-14T19:08:12+04:00,"Итог на день 14.08
1. Domcap: 09:35
    а) #4092 01:16
    б) #1372 05:01
    в) #4409 00:33
    г) документация 00:13
    д) analysis 00:42
    е) отчётность 00:10
    ё) rails book 00:04
    ж) связь с командой 01:32"
2024-08-15,plan,2024-08-15T11:29:07+04:00,"План на день 15.08
1. Domcap: 
    а) #4092
    б) #1372
    в) #4414
    г) #4316
    д) analysis
    е) отчётность
    ё) rails book
    ж) связь с командой
    з) документация"
2024-08-15,result,2024-08-15T18:30:04+04:00,"Итог на день 15.08
1. Domcap: 08:51
    а) #4092 01:45
    б) #1372 01:59
    в) #4414 00:52
    г) #4316 01:21
    д) analysis 00:55
    е) отчётность 00:10
    ё) rails book 00:08
    ж) связь с командой 01:29
    з) документация 00:08"
2024-08-16,plan,2024-08-16T10:31:33+04:00,"План на день 16.08
1. Domcap: 
    а) #4092
    б) #1372
    в) #4422
    г) #3152
    д) analysis
    е) отчётность
    ё) rails book
    ж) связь с командой
    з) документация"
2024-08-16,result,2024-08-16T20:22:21+04:00,"Итог на день 16.08
1. Domcap: 08:42
    а) #4092 00:49
    б) #1372 00:52
    в) #4422 02:44
    г) #3152 01:30
    д) analysis 00:33
    е) отчётность 00:11
    ё) rails book 00:55
    ж) связь с командой 00:57
    з) документация 00:09"
2024-08-17,plan,2024-08-17T10:52:00+04:00,"План на день 17.08
1. Domcap: 
    а) #4092
    б) документация
    в) rails book
    г) отчётность
    д) analysis"
2024-08-17,result,2024-08-17T20:21:53+04:00,"Итог на день 17.08
1. Domcap: 06:13
    а) #4092 05:15
    б) документация 00:10
    в) rails book 00:04
    г) отчётность 00:12
    д) analysis 00:35"
2024-08-18,plan,2024-08-18T10:45:43+04:00,"План на день 18.08
1. Domcap: 
    а) #4092
    б) документация
    в) rails book
    г) отчётность
    д) analysis"
2024-08-18,result,2024-08-18T18:59:49+04:00,"Итог на день 18.08
1. Domcap:  08:30
    а) #4092 07:32
    б) документация 00:09
    в) rails book 00:09
    г) отчётность 00:04
    д) analysis 00:29"
2024-08-19,plan,2024-08-19T09:52:05+04:00,"План на день 19.08
1. Domcap: 
    а) #4092
    б) #4246
    в) #4373
    г) отчётность
    д) analysis
    е) документация
    ё) rails book
    ж) связь с командой"
2024-08-19,result,2024-08-19T21:10:25+04:00,"Итог на день 19.08
1. Domcap: 10:44
    а) #4092 02:12
    б) #4246 01:18
    в) #4373 02:22
    г) #3175 02:36
    д) analysis 00:23
    е) документация 00:06
    ё) rails book 01:05
    ж) связь с командой 00:20
    з) отчётность 00:17"
2024-08-20,plan,2024-08-20T11:59:38+04:00,"План на день 20.08
1. Domcap: 
    а) #3175
    б) связь с командой
    в) rails book
    г) отчётность
    д) analysis
    е) документация"
2024-08-20,result,2024-08-20T20:58:13+04:00,"Итог на день 20.08
1. Domcap: 08:18
    а) #3175 06:53
    б) связь с командой 00:18
    в) rails book 00:21
    г) отчётность 00:13
    д) analysis 00:19
    е) документация 00:11"
2024-08-21,plan,2024-08-21T10:25:54+04:00,"План на день 21.08
1. Domcap: 
    а) #3175
    б) #4444
    в) rails book
    г) отчётность
    д) analysis
    е) документация
    ё) связь с командой"
2024-08-21,result,2024-08-21T22:29:07+04:00,"Итог на день 21.08
1. Domcap: 08:01
    а) #3175 02:37
    б) #4444 00:36
    в) #4092 00:36
    г) #4450 00:23
    д) #4083 01:35
    е) документация 00:06
    ё) связь с командой 
    ж) rails book 00:41
    з) отчётность 00:13
    и) analysis 01:11"
2024-08-22,plan,2024-08-22T09:09:19+04:00,"План на день 22.08
1. Domcap: 
    а) #4414
    б) #4453
    в) #4083
    г) #3886
    д) analysis
    е) документация
    ё) связь с командой
    ж) rails book
    з) отчётность"
2024-08-22,result,2024-08-22T20:05:13+04:00,"Итог на день 22.08
1. Domcap: 11:04
    а) #4414 06:01
    б) #4453 01:04
    в) #4083 00:10
    г) #3886 00:26
    д) #1372 00:50
    е) документация 00:07
    ё) связь с командой 00:40
    ж) rails book 00:48
    з) отчётность 00:15
    и) analysis 00:38"
2024-08-23,plan,2024-08-23T09:47:20+04:00,"План на день 23.08
1. Domcap: 
    а) #4414
    б) #1372
    в) #4083
    г) отчётность
    д) analysis
    е) документация
    ё) связь с командой
    ж) rails book"
2024-08-23,result,2024-08-23T20:37:33+04:00,"Итог на день 23.08
1. Domcap: 08:07
    а) #1372 06:19
    б) связь с командой 01:05
    в) rails book 00:10
    г) отчётность 00:12
    д) analysis 00:09
    е) документация 00:10"
2024-08-24,plan,2024-08-24T11:12:01+04:00,"План на день 24.08
1. Domcap: 
    а) #4414
    б) #1372
    в) #4463
    г) отчётность
    д) analysis
    е) документация
    ё) rails book"
2024-08-24,result,2024-08-24T20:33:04+04:00,"Итог на день 24.08
1. Domcap: 08:37
    а) #4414 00:41
    б) #1372 01:38
    в) #4463 04:44
    г) #4476 00:32
    д) analysis 00:11
    е) документация 00:07
    ё) rails book 00:29
    ж) отчётность 00:13"
2024-08-25,plan,2024-08-25T10:12:35+04:00,"План на день 25.08
1. Domcap: 
    а) #4142
    б) #4463
    в) rails book
    г) отчётность
    д) analysis
    е) документация"
2024-08-25,result,2024-08-25T19:16:43+04:00,"Итог на день 25.08
1. Domcap: 08:15
    а) #4142 03:51
    б) #4463 00:34
    в) #4483 00:27
    г) #2835 00:37
    д) analysis 01:08
    е) документация 00:08
    ё) rails book 01:14
    ж) отчётность 00:12"
2024-08-26,plan,2024-08-26T11:21:46+04:00,"План на день 26.08
1. Domcap: 
    а) #2835
    б) связь с командой
    в) rails book
    г) отчётность
    д) analysis
    е) документация"
2024-08-26,result,2024-08-26T21:08:52+04:00,"Итог на день 26.08
1. Domcap: 07:14
    а) #2835 06:16
    б) связь с командой 00:15
    в) rails book 00:04
    г) отчётность 00:11
    д) analysis 00:20
    е) документация 00:06"
2024-08-27,plan,2024-08-27T11:47:32+04:00,"План на день 27.08
1. Domcap: 
    а) #2835
    б) #1372
    в) rails book
    г) отчётность
    д) analysis
    е) документация
    ё) связь с командой"
2024-08-27,result,2024-08-27T21:06:11+04:00,"Итог на день 27.08
1. Domcap: 07:14
    а) #2835 03:17
    б) #1372 01:09
    в) #4491 01:20
    г) отчётность 00:08
    д) analysis 00:25
    е) документация 00:08
    ё) связь с командой 00:36
    ж) rails book 00:06"
2024-08-28,plan,2024-08-28T10:47:54+04:00,"План на день 28.08
1. Domcap: 
    а) #2835
    б) #4497
    в) rails book
    г) отчётность
    д) analysis
    е) документация
    ё) связь с командой"
2024-08-28,result,2024-08-28T20:31:17+04:00,"Итог на день 28.08
1. Domcap: 08:36
    а) #2835 01:24
    б) #4497 05:38
    в) rails book 00:05
    г) отчётность 00:10
    д) analysis 00:42
    е) документация 00:08
    ё) связь с командой 00:27"
2024-08-29,plan,2024-08-29T08:25:14+04:00,"План на день 29.08
1. Domcap: 
    а) #4497
    б) связь с командой
    в) rails book
    г) отчётность
    д) analysis
    е) документация"
2024-08-29,result,2024-08-29T21:13:27+04:00,"Итог на день 29.08
1. Domcap: 09:14
    а) #4497 05:58
    б) #4453 00:21
    в) rails book 01:32
    г) отчётность 00:09
    д) analysis 00:23
    е) документация 00:06
    ё) связь с командой 00:42"
2024-08-30,plan,2024-08-30T12:20:00+04:00,"План на день 30.08
1. Domcap: 
    а) #4497
    б) связь с командой
    в) rails book
    г) отчётность
    д) analysis
    е) документация"
2024-08-30,result,2024-08-30T20:58:44+04:00,"Итог на день 30.08
1. Domcap: 08:23
    а) #4497 07:28
    б) связь с командой 00:12
    в) rails book 00:25
    г) отчётность 00:08 
    д) analysis 00:10
    е) документация 00:06"
2024-08-31,plan,2024-08-31T15:13:49+04:00,"План на день 31.08
1. Domcap: 
    а) #4497
    б) #4414
    в) rails book
    г) отчётность
    д) analysis
    е) документация"
2024-08-31,result,2024-08-31T21:10:15+04:00,"Итог на день 31.08
1. Domcap: 06:19
    а) #4497 05:09
    б) #4414
    в) rails book 00:29
    г) отчётность 00:09
    д) analysis 00:25
    е) документация 00:06"
2024-09-01,plan,2024-09-01T12:10:37+04:00,"План на день 01.09
1. Domcap: 
    а) #4497
    б) #4414
    в) rails book
    г) отчётность
    д) analysis
    е) документация"
2024-09-01,result,2024-09-02T09:24:26+04:00,"Итог на день 01.09
1. Domcap: 08:52
    а) #4497 08:01
    б) #4414 00:05
    в) rails book 00:06
    г) отчётность 00:22
    д) analysis 00:09
    е) документация 00:08"
2024-09-02,plan,2024-09-02T09:42:51+04:00,"План на день 02.09
1. Domcap: 
    а) #4497
    б) связь с командой
    в) rails book
    г) отчётность
    д) analysis
    е) документация"
2024-09-02,result,2024-09-02T19:33:40+04:00,"Итог на день 02.09
1. Domcap: 08:57
    а) #4497 07:15
    б) связь с командой 00:18
    в) rails book 00:21
    г) отчётность 00:40
    д) analysis 00:13
    е) документация 00:08"
2024-09-03,result,2024-09-03T20:08:17+04:00,"Итог на день 03.09
1. Domcap: 06:54
    а) #4497 05:58
    б) связь с командой 00:21
    в) rails book 00:04
    г) отчётность 00:12
    д) analysis 00:13
    е) документация 00:08"
2024-09-04,plan,2024-09-04T11:36:00+04:00,"План на день 04.09
1. Domcap: 
    а) #4497
    б) #4073
    в) Free Turbo course
    г) отчётность
    д) analysis
    е) документация
    ё) связь с командой
    ж) rails book"
2024-09-04,result,2024-09-04T20:54:08+04:00,"Итог на день 04.09
1. Domcap: 08:55
    а) #4497 03:06
    б) #4073 03:37
    в) Free Turbo course 00:14
    г) отчётность 00:12
    д) analysis 00:30
    е) документация 00:08
    ё) связь с командой 00:57
    ж) rails book 00:08"
2024-09-05,plan,2024-09-05T10:42:35+04:00,"План на день 05.09
1. Domcap: 
    а) #4497
    б) #4551
    в) #1372
    г) Free Turbo course
    д) analysis
    е) документация
    ё) связь с командой
    ж) rails book
    з) отчётность"
2024-09-05,result,2024-09-05T20:34:34+04:00,"Итог на день 05.09
1. Domcap: 09:31
    а) #4497 03:00
    б) #4551 00:24
    в) #1372 03:58
    г) Free Turbo course 00:12
    д) analysis 00:35
    е) документация 00:05
    ё) связь с командой 01:02
    ж) rails book 00:04
    з) отчётность 00:08"
2024-09-06,plan,2024-09-06T11:30:57+04:00,"План на день 06.09
1. Domcap: 
    а) #4497
    б) #4394
    в) Free Turbo course
    г) отчётность
    д) analysis
    е) документация
    ё) связь с командой
    ж) rails book"
2024-09-06,result,2024-09-07T07:51:18+04:00,"Итог на день 06.09
1. Domcap: 08:41
    а) #4497 07:39
    б) #4394 
    в) Free Turbo course
    г) отчётность 00:10
    д) analysis 00:22
    е) документация 
    ё) связь с командой 00:29
    ж) rails book 00:04"
2024-09-07,plan,2024-09-07T07:51:39+04:00,"План на день 07.09
1. Domcap: 
    а) #4497
    б) #4394
    в) Free Turbo course
    г) отчётность
    д) analysis
    е) документация
    ё) rails book"
2024-09-07,result,2024-09-07T20:08:15+04:00,"Итог на день 07.09
1. Domcap: 07:32
    а) #4497 06:16
    б) #4394
    в) Free Turbo course 00:22
    г) отчётность 00:10
    д) analysis 00:27
    е) документация 00:09
    ё) rails book 00:03"
2024-09-08,plan,2024-09-08T18:33:47+04:00,"План на день 08.09
1. Domcap: 
    а) #4497
    б) #4394
    в) Free Turbo course
    г) отчётность
    д) analysis
    е) документация
    ё) rails book"
2024-09-09,result,2024-09-08T18:33:56+04:00,"Итог на день 09.09
1. Domcap: 09:13
    а) #4497 07:19
    б) #4394 01:34
    в) rails book 00:04
    г) отчётность 00:07
    д) analysis 00:04
    е) документация 00:04"
2024-09-08,plan,2024-09-09T11:52:37+04:00,"План на день 08.09
1. Domcap: 
    а) #4394
    б) Free Turbo course
    в) связь с командой
    г) отчётность
    д) analysis
    е) документация
    ё) rails book"
2024-09-09,result,2024-09-09T19:47:17+04:00,"Итог на день 09.09
1. Domcap: 08:39
    а) #4394 07:25
    б) rails book 00:04
    в) связь с командой 00:29
    г) отчётность 00:09
    д) analysis 00:20
    е) документация 00:09"
2024-09-10,plan,2024-09-10T10:53:03+04:00,"План на день 10.09
1. Domcap: 
    а) #4394
    б) Free Turbo course
    в) связь с командой
    г) отчётность
    д) analysis
    е) документация
    ё) rails book"
2024-09-10,result,2024-09-10T19:30:00+04:00,"Итог на день 10.09
1. Domcap: 08:52
    а) #4394 07:21
    б) rails book 00:06
    в) связь с командой 00:14
    г) документация 00:40
    д) analysis 00:19
    е) отчётность 00:09"
2024-09-11,plan,2024-09-11T11:52:11+04:00,"План на день 11.09
1. Domcap: 
    а) #4394
    б) Free Turbo course
    в) связь с командой
    г) отчётность
    д) analysis
    е) документация
    ё) rails book"
2024-09-11,result,2024-09-11T20:06:07+04:00,"Итог на день 11.09
1. Domcap: 08:16
    а) #4394 06:07
    б) bug fix 00:48
    в) связь с командой 00:30
    г) отчётность 00:08
    д) analysis 00:26
    е) документация 00:10
    ё) rails book 00:04"
2024-09-12,plan,2024-09-12T10:11:24+04:00,"План на день 12.09
1. Domcap: 
    а) #4394
    б) Free Turbo course
    в) связь с командой
    г) отчётность
    д) analysis
    е) документация
    ё) rails book"
2024-09-12,result,2024-09-12T19:30:57+04:00,"Итог на день 12.09
1. Domcap: 09:12
    а) #4394 06:49
    б) #4589 01:02
    в) связь с командой 00:32
    г) отчётность 00:08
    д) analysis 00:20
    е) документация 00:05
    ё) rails book 00:13"
2024-09-13,plan,2024-09-13T09:43:59+04:00,"План на день 13.09
1. Domcap: 
    а) #4394
    б) #4598
    в) Free Turbo course
    г) отчётность
    д) analysis
    е) документация
    ё) rails book
    ё) связь с командой"
2024-09-13,result,2024-09-13T17:58:10+04:00,"Итог на день 13.09
1. Domcap: 12:54
    а) #4394 06:17
    б) #4598 00:21
    в) #4606 02:51
    г) отчётность 00:15
    д) analysis 00:19
    е) документация 00:34
    ё) rails book 01:33
    ё) связь с командой 00:41"
2024-09-14,plan,2024-09-14T07:38:57+04:00,"План на день 14.09
1. Domcap: 
    а) #4394
    б) #4589
    в) Free Turbo course
    г) отчётность
    д) analysis
    е) документация
    ё) rails book
    ё) связь с командой"
2024-09-14,result,2024-09-15T09:47:16+04:00,"Итог на день 14.09
1. Domcap: 07:03
    а) #4394 02:12
    б) #4589 04:15
    в) rails book 00:04
    г) отчётность 00:10
    д) analysis 00:18
    е) документация 00:03"
2024-09-15,plan,2024-09-15T09:47:24+04:00,"План на день 15.09
1. Domcap: 
    а) #4394
    б) rails book
    в) Free Turbo course
    г) отчётность
    д) analysis
    е) документация"
2024-09-15,result,2024-09-15T19:55:02+04:00,"Итог на день 15.09
1. Domcap: 07:07
    а) #4394 05:42
    б) rails book 00:07
    в) документация 00:20
    г) отчётность 00:08
    д) analysis 00:47"
2024-09-16,plan,2024-09-16T08:47:48+04:00,"План на день 16.09
1. Domcap: 
    а) #4394
    б) rails book
    в) Free Turbo course
    г) отчётность
    д) analysis
    е) документация
    ё) связь с командой"
2024-09-16,result,2024-09-16T20:31:27+04:00,"Итог на день 16.09
1. Domcap: 09:46
    а) #4394 07:26
    б) rails book 00:05
    в) связь с командой 01:05
    г) отчётность 00:10
    д) analysis 00:43
    е) документация 00:15"
2024-09-17,plan,2024-09-17T09:06:51+04:00,"План на день 17.09
1. Domcap: 
    а) #4394
    б) #4606
    в) Free Turbo course
    г) отчётность
    д) analysis
    е) документация
    ё) связь с командой
    ж) rails book"
2024-09-17,result,2024-09-17T20:07:15+04:00,"Итог на день 17.09
1. Domcap: 08:10
    а) #4606 06:11
    б) rails book 00:03
    в) связь с командой 00:37
    г) отчётность 00:09
    д) analysis 00:54
    е) документация 00:14"
2024-09-18,plan,2024-09-18T09:50:57+04:00,"План на день 18.09
1. Domcap: 
    а) #4394
    б) #4606
    в) Free Turbo course
    г) отчётность
    д) analysis
    е) документация
    ё) связь с командой
    ж) rails book"
2024-09-18,result,2024-09-18T19:38:50+04:00,"Итог на день 18.09
1. Domcap: 08:59
    а) #4394 01:21
    б) #4606 05:54
    в) rails book 00:09
    г) отчётность 00:12
    д) analysis 00:43
    е) связь с командой 00:38"
2024-09-19,plan,2024-09-19T08:49:21+04:00,"План на день 19.09
1. Domcap: 
    а) #4394
    б) #4606
    в) Free Turbo course
    г) отчётность
    д) analysis
    е) документация
    ё) связь с командой
    ж) rails book"
2024-09-19,result,2024-09-19T20:30:02+04:00,"Итог на день 19.09
1. Domcap: 08:38
    а) #4394 05:58
    б) #4606 00:27
    в) rails book 00:04
    г) отчётность 00:14
    д) analysis 00:51
    е) документация 00:09
    ё) связь с командой 00:53"
2024-09-20,plan,2024-09-20T12:26:53+04:00,"План на день 20.09
1. Domcap: 
    а) #4394
    б) #4606
    в) #4637
    г) Free Turbo course
    д) analysis
    е) документация
    ё) связь с командой
    ж) rails book
    з) отчётность"
2024-09-20,result,2024-09-20T19:23:33+04:00,"Итог на день 20.09
1. Domcap: 07:47
    а) #4394 02:16
    б) #3886 00:49
    в) #4596 01:21
    г) #4522 00:38
    д) #4185 00:56
    е) документация 00:05
    ё) связь с командой 00:54
    ж) rails book 00:06
    з) отчётность 00:09
    и) analysis 00:26"
2024-09-21,plan,2024-09-21T11:36:30+04:00,"План на день 21.09
1. Domcap: 
    а) #4185
    б) #4637
    в) #4596
    г) Free Turbo course
    д) analysis
    е) документация
    ё) связь с командой
    ж) rails book
    з) отчётность"
2024-09-21,result,2024-09-21T22:13:10+04:00,"Итог на день 21.09
1. Domcap: 07:26
    а) #4185 05:11
    б) #4596 00:57
    в) rails book 00:30
    г) отчётность 00:10
    д) analysis 00:17
    е) документация 00:18"
2024-09-22,plan,2024-09-22T09:44:35+04:00,"План на день 22.09
1. Domcap: 
    а) #4185
    б) #4637
    в) Free Turbo course
    г) отчётность
    д) analysis
    е) документация
    ё) rails book"
2024-09-22,result,2024-09-22T18:57:43+04:00,"Итог на день 22.09
1. Domcap: 08:22
    а) #4185 07:45
    б) rails book 00:04
    в) документация 00:09
    г) отчётность 00:12
    д) analysis 00:15"
2024-09-23,plan,2024-09-23T10:44:25+04:00,"План на день 23.09
1. Domcap: 
    а) #4185
    б) #4637
    в) #4394
    г) Free Turbo course
    д) analysis
    е) документация
    ё) rails book
    ж) связь с командой 
    з) отчётность"
2024-09-23,result,2024-09-23T21:31:30+04:00,"Итог на день 23.09
1. Domcap: 08:56
    а) #4185 00:46
    б) #4637 01:07
    в) #4394 04:50
    г) Free Turbo course 00:36
    д) analysis 00:03
    е) документация 00:07
    ё) rails book 00:03
    ж) связь с командой 01:11
    з) отчётность 00:09"
2024-09-24,plan,2024-09-24T10:37:23+04:00,"План на день 24.09
1. Domcap: 
    а) #4185
    б) #4596
    в) #4394
    г) #4589
    д) Free Turbo course
    е) документация
    ё) rails book
    ж) связь с командой 
    з) отчётность
    и) analysis"
2024-09-24,result,2024-09-24T18:32:02+04:00,"Итог на день 24.09
1. Domcap: 08:31
    а) #4596 01:44
    б) #4589 01:32
    в) #4394 02:10
    г) analysis 00:33
    д) отчётность 00:11
    е) документация 00:06
    ё) rails book 00:04
    ж) связь с командой 02:06"
2024-09-25,plan,2024-09-25T12:33:18+04:00,"План на день 25.09
1. Domcap: 
    а) #4596
    б) #4658
    в) #4394
    г) Free Turbo course
    д) analysis
    е) документация
    ё) rails book
    ж) связь с командой 
    з) отчётность"
2024-09-25,result,2024-09-25T19:27:29+04:00,"Итог на день 25.09
1. Domcap: 08:41
    а) #4596 01:21
    б) #4658 04:12
    в) #4394 01:30
    г) отчётность 00:08
    д) analysis 00:30
    е) связь с командой 00:50
    ё) rails book 00:07"
2024-09-26,plan,2024-09-26T10:40:36+04:00,"План на день 26.09
1. Domcap: 
    а) #4596
    б) #4394
    в) Free Turbo course
    г) отчётность
    д) analysis
    е) документация
    ё) rails book
    ж) связь с командой"
2024-09-26,result,2024-09-26T19:04:24+04:00,"Итог на день 26.09
1. Domcap: 09:25
    а) #4596 01:33
    б) #4394 05:24
    в) связь с командой 01:13
    г) отчётность 00:13
    д) analysis 00:41
    е) документация 00:13
    ё) rails book 00:04"
2024-09-27,plan,2024-09-27T10:14:06+04:00,"План на день 27.09
1. Domcap: 
    а) #4596
    б) #4394
    в) Free Turbo course
    г) отчётность
    д) analysis
    е) документация
    ё) rails book
    ж) связь с командой"
2024-09-27,result,2024-09-27T19:27:05+04:00,"Итог на день 27.09
1. Domcap: 07:12
    а) #4596 01:20
    б) #4394 03:33
    в) Free Turbo course 00:36
    г) отчётность 00:09
    д) analysis 00:13
    е) документация 00:12
    ё) rails book 00:03
    ж) связь с командой 01:03"
2024-09-28,plan,2024-09-28T10:38:31+04:00,"План на день 28.09
1. Domcap: 
    а) #4394
    б) Free Turbo course
    в) rails book
    г) отчётность
    д) analysis
    е) документация"
2024-09-28,result,2024-09-28T20:41:49+04:00,"Итог на день 28.09
1. Domcap: 06:47
    а) #4394 06:05
    б) документация 00:09
    в) rails book 00:05
    г) отчётность 00:10
    д) analysis 00:16"
2024-09-29,plan,2024-09-29T11:53:54+04:00,"План на день 29.09
1. Domcap: 
    а) #4394
    б) #4185
    в) Free Turbo course
    г) отчётность
    д) analysis
    е) документация
    ё) rails book"
2024-09-29,result,2024-09-29T18:58:46+04:00,"Итог на день 29.09
1. Domcap: 06:45
    а) #4394 06:06
    б) rails book 00:04
    в) документация 00:11
    г) отчётность 00:07
    д) analysis 00:17"
2024-09-30,plan,2024-09-30T09:52:14+04:00,"План на день 30.09
1. Domcap: 
    а) #4394
    б) #4185
    в) #4637
    г) Free Turbo course
    д) analysis
    е) документация
    ё) rails book
    ж) связь с командой 
    з) отчётность"
2024-09-30,result,2024-09-30T18:52:59+04:00,"Итог на день 30.09
1. Domcap: 07:37
    а) #4394 02:56
    б) #4185 01:53
    в) #4637 01:08
    г) отчётность 00:09
    д) analysis 00:23
    е) документация 00:05
    ё) rails book 00:04
    ж) связь с командой 00:55"
2024-10-01,plan,2024-10-01T13:09:52+04:00,"План на день 01.10
1. Domcap: 
    а) #4394
    б) #4185
    в) #4637
    г) #3175
    д) Free Turbo course
    е) документация
    ё) rails book
    ж) связь с командой 
    з) отчётность
    и) analysis"
2024-10-01,result,2024-10-01T21:09:32+04:00,"Итог на день 01.10
1. Domcap: 07:33
    а) #4394 02:29
    б) #4185 01:21
    в) #4637 00:10
    г) #3175 00:30
    д) Free Turbo course 00:38
    е) документация 00:13
    ё) rails book 00:03
    ж) связь с командой 00:59
    з) отчётность 00:32
    и) analysis 00:32"
2024-10-02,plan,2024-10-02T10:42:16+04:00,"План на день 02.10
1. Domcap: 
    а) #4394
    б) #4185
    в) #4637
    г) #3175
    д) Free Turbo course
    е) документация
    ё) rails book
    ж) связь с командой 
    з) отчётность
    и) analysis"
2024-10-02,result,2024-10-02T19:35:37+04:00,"Итог на день 02.10
1. Domcap: 08:54
    а) #4394 03:50
    б) #4185 00:10
    в) #3175 02:39
    г) отчётность 00:18
    д)  analysis 00:31
    е) документация 00:06
    ё) rails book 00:14
    ж) связь с командой 01:01"
2024-10-03,plan,2024-10-03T11:17:08+04:00,"План на день 03.10
1. Domcap: 
    а) #4394
    б) #4185
    в) #4637
    г) Free Turbo course
    д) analysis
    е) документация
    ё) rails book
    ж) связь с командой 
    з) отчётность"
2024-10-04,plan,2024-10-04T10:03:17+04:00,"План на день 04.10
1. Domcap: 
    а) #4394
    б) #4185
    в) #4637
    г) Free Turbo course
    д) analysis
    е) документация
    ё) rails book
    ж) связь с командой 
    з) отчётность"
2024-10-03,result,2024-10-04T10:03:24+04:00,"Итог на день 03.10
1. Domcap: 08:16
    а) #4394 01:20
    б) #4185 01:48
    в) #4637 03:19
    г) отчётность 00:09
    д) analysis 00:15
    е) документация 00:08
    ё) rails book 00:23
    ж) связь с командой 00:50"
2024-10-04,result,2024-10-04T19:46:55+04:00,"Итог на день 04.10
1. Domcap: 08:41
    а) #4637 01:01
    б) #4185 06:02
    в) отчётность 00:12
    г) связь с командой 00:34
    д) analysis 00:26
    е) документация 00:07
    ё) rails book 00:15"
2024-10-05,plan,2024-10-05T10:29:32+04:00,"План на день 05.10
1. Domcap: 
    а) #4185
    б) #4637
    в) Free Turbo course
    г) отчётность
    д) analysis
    е) документация
    ё) rails book"
2024-10-05,result,2024-10-05T19:36:35+04:00,"Итог на день 05.10
1. Domcap: 08:04
    а) #4185 07:20
    б) rails book 00:05
    в) документация 00:08
    г) отчётность 00:07
    д) analysis 00:23"
2024-10-06,plan,2024-10-06T11:12:22+04:00,"План на день 06.10
1. Domcap: 
    а) #4185
    б) #4637
    в) #4490
    г) Free Turbo course
    д) analysis
    е) документация
    ё) rails book
    ж)  отчётность"
2024-10-06,result,2024-10-06T20:06:12+04:00,"Итог на день 06.10
1. Domcap: 07:47
    а) #4185 03:07
    б) #4490 02:35
    в) Free Turbo course 00:30
    г) отчётность 00:09
    д) analysis 00:13
    е) документация 00:08
    ё) rails book 01:03"
2024-10-07,plan,2024-10-07T08:17:23+04:00,"План на день 07.10
1. Domcap: 
    а) #4185
    б) #4637
    в) #4490
    г) связь с командой 
    д) analysis
    е) документация
    ё) rails book
    ж)  отчётность"
2024-10-07,result,2024-10-07T19:57:12+04:00,"Итог на день 07.10
1. Domcap: 08:04
    а) #4185 05:12
    б) отчётность 00:11
    в) #4490 00:38
    г) связь с командой 00:48
    д) analysis 00:13
    е) документация 00:05
    ё) rails book 00:53"
2024-10-08,plan,2024-10-08T10:49:39+04:00,"План на день 08.10
1. Domcap: 
    а) #4185
    б) #4637
    в) #4490
    г) #4394
    д) #4497
    е) документация
    ё) rails book
    ж)  отчётность
    з) связь с командой 
    и) analysis"
2024-10-08,result,2024-10-08T21:22:58+04:00,"Итог на день 08.10
1. Domcap: 08:22
    а) #4185 02:37
    б) #4637 00:45
    в) #4490 02:08
    г) #4394 00:30
    д) #4497 00:31
    е) документация 00:12
    ё) rails book 00:12
    ж)  отчётность 00:10
    з) связь с командой 00:49
    и) analysis 00:20"
2024-10-09,plan,2024-10-09T09:45:05+04:00,"План на день 09.10
1. Domcap: 
    а) #4490 
    б) #4637
    в) analysis
    г) связь с командой 
    д) отчётность
    е) документация
    ё) rails book"
2024-10-09,result,2024-10-09T20:33:36+04:00,"Итог на день 09.10
1. Domcap: 07:44
    а) #4490 02:43
    б) #4637 02:31
    в) analysis 00:24
    г) связь с командой 00:44
    д) отчётность 00:11
    е) документация 00:08
    ё) rails book 00:59"
2024-10-10,plan,2024-10-10T10:40:46+04:00,"План на день 10.10
1. Domcap: 
    а) #4745
    б) #1372
    в) #4184
    г) #4092
    д) #2835
    е) документация
    ё) rails book
    ж) analysis
    з) связь с командой 
    и) отчётность"
2024-10-10,result,2024-10-11T08:21:07+04:00,"Итог на день 10.10
1. Domcap: 07:58
    а) #2835 00:47
    б) #1372 01:43
    в) #4184 01:44
    г) #4092 01:43
    д) отчётность 00:04
    е) документация 00:10
    ё) rails book 00:09
    ж) analysis 00:53
    з) связь с командой 00:41"
2024-10-11,plan,2024-10-11T09:53:45+04:00,"План на день 11.10
1. Domcap: 
    а) #4745
    б) #183
    в) #4246
    г) #4073
    д) #3703
    е) документация
    ё) rails book
    ж) analysis
    з) связь с командой 
    и) отчётность"
2024-10-11,result,2024-10-11T19:13:08+04:00,"Итог на день 11.10
1. Domcap: 09:12
    а) #4745 01:27
    б) #183 01:20
    в) #4246 02:13
    г) #4073 00:46
    д) #3703 00:52
    е) отчётность 00:11
    ё) rails book 00:46
    ж) analysis 01:17
    з) связь с командой 00:16"
2024-10-12,plan,2024-10-12T10:51:43+04:00,"План на день 12.10
1. Domcap: 
    а) #4745
    б) #4761
    в) отчётность
    г) analysis
    д) rails book
    е) документация"
2024-10-12,result,2024-10-12T20:27:12+04:00,"Итог на день 12.10
1. Domcap: 08:26
    а) #4761 06:24
    б) документация 00:15
    в) отчётность 00:11
    г) analysis 00:31
    д) rails book 01:03"
2024-10-13,plan,2024-10-13T09:56:49+04:00,"План на день 13.10
1. Domcap: 
    а) #4745
    б) #4761
    в) отчётность
    г) analysis
    д) rails book
    е) документация"
2024-10-13,result,2024-10-13T18:28:39+04:00,"Итог на день 13.10
1. Domcap: 08:18
    а) #4761 07:27
    б) документация 00:06
    в) отчётность 00:12
    г) analysis 00:28
    д) rails book 00:03"
2024-10-14,plan,2024-10-14T08:28:29+04:00,"План на день 14.10
1. Domcap: 
    а) #4745
    б) #4761
    в) #4751
    г) analysis
    д) rails book
    е) документация
    ё)  отчётность
    ж) связь с командой"
2024-10-14,result,2024-10-14T18:32:48+04:00,"Итог на день 14.10
1. Domcap: 09;44
    а) #4745 01:08
    б) #4761 05:53
    в) #4751 01:08
    г) analysis 00:31
    д) rails book 00:07
    е) документация 00:08
    ё)  отчётность 00:11
    ж) связь с командой 00:34"
2024-10-15,plan,2024-10-15T10:36:49+04:00,"План на день 15.10
1. Domcap: 
    а) #4751
    б) связь с командой
    в) отчётность
    г) analysis
    д) rails book
    е) документация"
2024-10-15,result,2024-10-15T18:49:34+04:00,"Итог на день 15.10
1. Domcap: 08:17
    а) #4751 06:56
    б) связь с командой 00:17
    в) отчётность 00:12
    г) analysis 00:34
    д) rails book 00:05
    е) документация 00:11"
2024-10-16,result,2024-10-16T19:30:32+04:00,"Итог на день 16.10
1. Domcap: 08:16
    а) #4751 03:20
    б) #4509 01:33
    в) отчётность 00:14
    г) analysis 00:24
    д) rails book 01:19
    е) документация 00:11
    ё) связь с командой 01:13"
2024-10-17,plan,2024-10-17T11:10:18+04:00,"План на день 17.10
1. Domcap: 
    а) #4751
    б) #4772
    в) отчётность
    г) analysis
    д) rails book
    е) документация
    ё) связь с командой"
2024-10-17,result,2024-10-17T18:51:45+04:00,"Итог на день 17.10
1. Domcap: 08:07
    а) #4751 05:27
    б) #4497 01:11
    в) отчётность 00:09
    г) analysis 00:27
    д) rails book 00:05
    е) документация 00:07
    ё) связь с командой 00:39"
2024-10-18,plan,2024-10-18T14:29:16+04:00,"План на день 18.10
1. Domcap: 
    а) #4751
    б) #4772
    в) #4497
    г) #4185
    д) rails book
    е) документация
    ё) связь с командой
    ж) отчётность
    з)  analysis"
2024-10-18,result,2024-10-18T21:51:10+04:00,"Итог на день 18.10
1. Domcap: 07:29
    а) #4751 01:46
    б) #4791 01:07
    в) #4497 01:34
    г) #4185 00:21
    д) rails book 01:13
    е) документация 00:05
    ё) связь с командой 00:43
    ж) отчётность 00:04
    з)  analysis 00:26"
2024-10-19,plan,2024-10-19T11:39:40+04:00,"План на день 19.10
1. Domcap: 
    а) #4751
    б) #4772
    в) #4791
    г) analysis
    д) rails book
    е) документация
    ё) отчётность"
2024-10-19,result,2024-10-20T11:48:12+04:00,"Итог на день 19.10
1. Domcap: 06:57
    а) #4751 04:20
    б) #4791  01:24
    в) отчётность 00:09
    г) analysis 00:46
    д) rails book 00:04
    е) документация 00:11"
2024-10-20,plan,2024-10-20T12:33:13+04:00,"План на день 20.10
1. Domcap: 
    а) #4751
    б) #4800
    в) #4812
    г) analysis
    д) rails book
    е) документация
    ё) отчётность"
2024-10-20,result,2024-10-20T20:04:51+04:00,"Итог на день 20.10
1. Domcap: 08:03
    а) #4751 04:34
    б) #4800 02:07
    в) отчётность 00:14
    г) analysis 00:44
    д) rails book 00:16
    е) документация 00:04"
2024-10-21,plan,2024-10-21T09:04:20+04:00,"План на день 21.10
1. Domcap: 
    а) #4751
    б) отчётность
    в) документация
    г) analysis
    д) rails book"
2024-10-21,result,2024-10-21T18:40:13+04:00,"Итог на день 21.10
1. Domcap: 08:22
    а) #4751 05:33
    б) отчётность 00:10
    в) документация 00:07
    г) analysis 00:11
    д) rails book 01:33
    е) связь с командой 00:45"
2024-10-22,plan,2024-10-22T10:23:15+04:00,"План на день 22.10
1. Domcap: 
    а) #4751
    б) отчётность
    в) документация
    г) analysis
    д) rails book"
2024-10-22,result,2024-10-22T19:15:20+04:00,"Итог на день 22.10
1. Domcap: 09:06
    а) #4751 07:41
    б) отчётность 00:12
    в) документация 00:07
    г) analysis 00:23
    д) rails book 00:04
    е) связь с командой 00:38"
2024-10-23,plan,2024-10-23T09:43:06+04:00,"План на день 23.10
1. Domcap: 
    а) #4751
    б) #4394
    в) #4497
    г) #1372
    д) #4761
    е) связь с командой
    ё) отчётность
    ж) документация
    з) analysis
    и) rails book"
2024-10-23,result,2024-10-23T19:55:47+04:00,"Итог на день 23.10
1. Domcap: 08:04
    а) #4751 01:40
    б) #4394 02:51
    в) #4497 00:44
    г) #1372 01:00
    д) #4761 00:24
    е) связь с командой 00:14
    ё) отчётность 00:08
    ж) документация 00:08
    з) analysis 00:29
    и) rails book 00:21"
2024-10-24,plan,2024-10-24T10:08:55+04:00,"План на день 24.10
1. Domcap: 
    а) #4751
    б) #4497
    в) rails book
    г) analysis
    д) документация
    е) связь с командой
    ё) отчётность"
2024-10-24,result,2024-10-24T20:03:54+04:00,"Итог на день 24.10
1. Domcap: 09:12
    а) #4751 05:51
    б) #4497 00:55
    в) rails book 00:58
    г) analysis 00:30
    д) документация 00:05
    е) связь с командой 00:38
    ё) отчётность 00:13"
2024-10-25,plan,2024-10-25T10:54:22+04:00,"План на день 25.10
1. Domcap: 
    а) #4751
    б) #4497
    в) #4184
    г) #4185
    д) документация
    е) связь с командой
    ё) отчётность
    ж) rails book
    з) analysis"
2024-10-25,result,2024-10-25T20:57:28+04:00,"Итог на день 25.10
1. Domcap: 09:30
    а) #4751 00:16
    б) #4497 07:27
    в) rails book 00:18
    г) analysis 00:24
    д) документация 00:06
    е) связь с командой 00:47
    ё) отчётность 00:09"
2024-10-26,plan,2024-10-26T12:09:28+04:00,"План на день 26.10
1. Domcap: 
    а) #4751
    б) #4497
    в) #4184
    г) #4185
    д) документация
    е) analysis
    ё) отчётность
    ж) rails book"
2024-10-26,result,2024-10-26T20:22:10+04:00,"Итог на день 26.10
1. Domcap: 08:03
    а) #4751 01:24
    б) #4497 03:34
    в) #4184 00:47
    г) #4185 00:55
    д) документация 00:06
    е) analysis 00:39
    ё) отчётность 00:14
    ж) rails book 00:21"
2024-10-27,plan,2024-10-27T09:58:43+04:00,"План на день 27.10
1. Domcap: 
    а) #4751
    б) rails book
    в) отчётность
    г) analysis
    д) документация"
2024-10-27,result,2024-10-27T20:43:22+04:00,"Итог на день 27.10
1. Domcap: 08:13
    а) #4751 06:02
    б) #4772 01:04
    в) отчётность 00:11
    г) analysis 00:05
    д) документация 00:46
    е) rails book 00:04"
2024-10-28,plan,2024-10-28T09:38:35+04:00,"План на день 28.10
1. Domcap: 
    а) #4772
    б) #4497
    в) отчётность
    г) analysis
    д) документация
    е) rails book
    ё) связь с командой"
2024-10-28,result,2024-10-28T19:13:12+04:00,"Итог на день 28.10
1. Domcap: 08:35
    а) #4772 06:11
    б) #4497 01:10
    в) отчётность 00:06
    г) analysis 00:24
    д) документация 00:02
    е) rails book 00:14
    ё) связь с командой 00:20"
2024-10-29,plan,2024-10-29T10:22:43+04:00,"План на день 29.10
1. Domcap: 
    а) #4772
    б) #4861
    в) отчётность
    г) analysis
    д) документация
    е) rails book
    ё) связь с командой"
2024-10-29,result,2024-10-29T19:38:18+04:00,"Итог на день 29.10
1. Domcap: 08:20
    а) #4772 01:08
    б) #4861 03:07
    в) #3886 01:50
    г) analysis 00:25
    д) документация 00:30
    е) rails book 00:21
    ё) связь с командой 00:45
    ж) отчётность 00:11"
2024-10-30,plan,2024-10-30T09:33:55+04:00,"План на день 30.10
1. Domcap: 
    а) #3886
    б) #4860
    в) #4745
    г) #4761
    д) документация
    е) rails book
    ё) связь с командой
    ж) отчётность
    з) analysis"
2024-10-30,result,2024-10-30T18:50:16+04:00,"Итог на день 30.10
1. Domcap: 08:15
    а) #3886 02:14
    б) #4868 00:43
    в) #4745 01:26
    г) #4761 02:12
    д) документация 00:03
    е) rails book 00:04
    ё) связь с командой 00:43
    ж) отчётность 00:12
    з) analysis 00:35"
2024-10-31,plan,2024-10-31T09:33:06+04:00,"План на день 31.10
1. Domcap: 
    а) #3886
    б) #4860
    в) #4497
    г) analysis
    д) документация
    е) rails book
    ё) связь с командой
    ж) отчётность"
2024-10-31,result,2024-10-31T17:35:04+04:00,"Итог на день 31.10
1. Domcap: 08:17
    а) #3886 01:37
    б) #4497 05:23
    в) отчётность 00:10
    г) analysis 00:25
    д) документация 00:03
    е) rails book 00:04
    ё) связь с командой 00:33"
2024-11-01,plan,2024-11-01T11:08:08+04:00,"План на день 01.11
1. Domcap: 
    а) #4866
    б) #4860
    в) отчётность
    г) analysis
    д) документация
    е) rails book
    ё) связь с командой"
2024-11-01,result,2024-11-01T20:41:28+04:00,"Итог на день 01.11
1. Domcap: 08:14
    а) #4866 01:09
    б) #4860 03:07
    в) #4898 01:33
    г) analysis 00:27
    д) документация 00:02
    е) rails book 00:25
    ё) связь с командой 01:09
    ж) отчётность 00:20"
2024-11-02,plan,2024-11-02T11:22:22+04:00,"План на день 02.11
1. Domcap: 
    а) #4497
    б) #4860
    в) отчётность
    г) analysis
    д) документация
    е) rails book
    ё) связь с командой"
2024-11-02,result,2024-11-02T22:06:41+04:00,"Итог на день 02.11
1. Domcap: 07:27
    а) #4497 00:20
    б) #4860 00:39
    в) #4907 03:20
    г) analysis 00:40
    д) документация 00:02
    е) rails book 02:03
    ё) отчётность 00:22"
2024-11-03,plan,2024-11-03T11:12:42+04:00,"План на день 03.11
1. Domcap: 
    а) #4497
    б) #4860
    в) отчётность
    г) analysis
    д) документация
    е) rails book"
2024-11-03,result,2024-11-03T19:50:14+04:00,"Итог на день 03.11
1. Domcap: 08:18
    а) #4497 00:32
    б) #4860 03:04
    в) #4866 02:02
    г) #4912 02:07
    д) документация 00:04
    е) rails book 00:04
    ё) отчётность 00:11
    ж) analysis 00:10"
2024-11-04,plan,2024-11-04T11:32:49+04:00,"План на день 04.11
1. Domcap: 
    а) #4866
    б) #4860
    в) #4092
    г) analysis
    д) документация
    е) rails book
    ё) отчётность
    ж) связь с командой"
2024-11-04,result,2024-11-04T20:32:47+04:00,"Итог на день 04.11
1. Domcap: 09:12
    а) #4866 03:11
    б) #4860 01:09
    в) #4092 02:21
    г) #4916 01:12
    д) документация 00:10
    е) rails book 00:07
    ё) отчётность 00:12
    ж) связь с командой 00:17
    з) analysis 00:28"
2024-11-05,plan,2024-11-05T06:46:31+04:00,"План на день 05.11
1. Domcap: 
    а) #4866
    б) связь с командой
    в) отчётность
    г) analysis
    д) документация
    е) rails book"
2024-11-05,result,2024-11-05T21:37:02+04:00,"Итог на день 05.11
1. Domcap: 08:46
    а) #4866 03:11
    б) #4909 01:06
    в) #4883 00:51
    г) #4926 01:37
    д) документация 00:02
    е) rails book 01:31
    ё) связь с командой 00:10
    ж) отчётность 00:10
    з) analysis 00:06"
2024-11-06,plan,2024-11-06T10:58:43+04:00,"План на день 06.11
1. Domcap: 
    а) #4866
    б) #4921
    в) #4909
    г) #4184
    д) документация
    е) rails book
    ё) связь с командой
    ж) отчётность
    з) analysis"
2024-11-06,result,2024-11-06T21:49:52+04:00,"Итог на день 06.11
1. Domcap: 09:18
    а) #4866 03:31
    б) #4921 01:24
    в) #4909 00:12
    г) #4184 01:36
    д) #4938 01:42
    е) rails book 00:04
    ё) связь с командой 00:20
    ж) отчётность 00:08
    з) analysis 00:16
    и) документация 00:03"
2024-11-07,plan,2024-11-07T11:14:39+04:00,"План на день 07.11
1. Domcap: 
    а) #4942
    б) #4938
    в) #4883
    г) #4940
    д) документация
    е) rails book
    ё) связь с командой
    ж) отчётность
    з) analysis"
2024-11-07,result,2024-11-07T22:19:24+04:00,"Итог на день 07.11
1. Domcap: 08:42
    а) #4942 01:00
    б) #4938 05:11
    в) #4883 01:01
    г) #4866 00:23
    д) документация 00:03
    е) rails book 00:18
    ё) связь с командой 00:19
    ж) отчётность 00:09
    з) analysis 00:13"
2024-11-08,plan,2024-11-08T10:26:01+04:00,"План на день 08.11
1. Domcap: 
    а) #4772
    б) #4938
    в) #4745
    г) #4497
    д) #4092
    е) rails book
    ё) связь с командой
    ж) отчётность
    з) analysis
    и) документация"
2024-11-08,result,2024-11-08T22:28:19+04:00,"Итог на день 08.11
1. Domcap: 08:40
    а) #4772 03:56
    б) #4497 00:21
    в) #4092 02:36
    г) документация 00:04
    д) analysis 00:28
    е) rails book 00:28
    ё) связь с командой 00:35
    ж) отчётность 00:08"
2024-11-09,plan,2024-11-09T11:18:25+04:00,"План на день 09.11
1. Domcap: 
    а) #4883
    б) #4938
    в) #3886
    г) #4916
    д) #4092
    е) rails book
    ё) связь с командой
    ж) отчётность
    з) analysis
    и) документация"
2024-11-09,result,2024-11-09T22:13:05+04:00,"Итог на день 09.11
1. Domcap: 09:07
    а) #4883 02:04
    б) #4938 02:01
    в) #3886 02:12
    г) #4916 00:26
    д) #4092 01:24
    е) rails book 00:05
    ё) документация 00:09
    ж) отчётность 00:10
    з) analysis 00:33"
2024-11-10,plan,2024-11-10T23:08:08+04:00,"План на день 10.11
1. Domcap: 
    а) #4184 
    б) #4938
    в) #2835
    г) #4860
    д) #4092
    е) rails book
    ё) документация
    ж) отчётность
    з) analysis"
2024-11-10,result,2024-11-10T23:08:11+04:00,"Итог на день 10.11
1. Domcap: 08:31
    а) #4184 00:55
    б) #4938 03:00
    в) #2835 01:04
    г) #4860 01:09
    д) #4092 01:23
    е) rails book 00:09
    ё) документация 00:07
    ж) отчётность 00:08
    з) analysis 00:32"
2024-11-11,plan,2024-11-11T08:59:25+04:00,"План на день 11.11
1. Domcap: 
    а) #4185
    б) #4938
    в) #4940
    г) связь с командой
    д) analysis
    е) rails book
    ё) документация
    ж) отчётность"
2024-11-11,result,2024-11-11T23:07:43+04:00,"Итог на день 11.11
1. Domcap: 09:22
    а) #4185 03:16
    б) #4976 04:33 
    в) отчётность 00:10
    г) связь с командой 00:36
    д) analysis 00:33
    е) rails book 00:04
    ё) документация 00:09"
2024-11-12,plan,2024-11-12T14:02:54+04:00,"План на день 12.11
1. Domcap: 
    а) #4185
    б) #4976
    в) #4940
    г) связь с командой
    д) analysis
    е) rails book
    ё) документация
    ж) отчётность"
2024-11-12,result,2024-11-12T22:23:04+04:00,"Итог на день 12.11
1. Domcap: 08:57
    а) #4185 02:34
    б) #4976 05:00
    в) #4981 00:22
    г) связь с командой 00:23
    д) analysis 00:14
    е) rails book 00:05
    ё) документация 00:07
    ж) отчётность 00:09"
2024-11-13,plan,2024-11-13T12:11:15+04:00,"План на день 13.11
1. Domcap: 
    а) #4998
    б) #4976
    в) #4940
    г) связь с командой
    д) analysis
    е) rails book
    ё) документация
    ж) отчётность"
2024-11-13,result,2024-11-13T22:56:34+04:00,"Итог на день 13.11
1. Domcap: 08:27
    а) #4998 00:22
    б) #4976 05:16
    в) #5007 00:46
    г) #5008 00:42
    д) analysis 00:45
    е) rails book 00:04
    ё) документация 00:12
    ж) отчётность 00:10
    з) связь с командой 00:08"
2024-11-14,plan,2024-11-14T12:31:33+04:00,"План на день 14.11
1. Domcap: 
    а) #4940
    б) #4976
    в) review
    г) связь с командой
    д) analysis
    е) rails book
    ё) документация
    ж) отчётность"
2024-11-14,result,2024-11-14T23:15:35+04:00,"Итог на день 14.11
1. Domcap: 08:33
    а) #4940 03:18
    б) #4976 03:13
    в) отчётность 00:14
    г) связь с командой 00:31
    д) analysis 00:43
    е) rails book 00:29
    ё) документация 00:03"
2024-11-15,plan,2024-11-15T08:46:29+04:00,"План на день 15.11
1. Domcap: 
    а) #2890
    б) отчётность 
    в) документация
    г) rails book
    д) analysis"
2024-11-15,result,2024-11-15T22:14:40+04:00,"Итог на день 15.11
1. Domcap: 09:07
    а) #2890 06:34
    б) отчётность 00:08
    в) документация 00:06
    г) rails book 01:58
    д) analysis 00:20"
2024-11-16,plan,2024-11-16T11:14:14+04:00,"План на день 16.11
1. Domcap: 
    а) #2890
    б) #4092
    в) документация
    г) rails book
    д) analysis
    е) отчётность"
2024-11-16,result,2024-11-16T19:22:53+04:00,"Итог на день 16.11
1. Domcap: 08:15
    а) #2890 07:25
    б) отчётность 00:09
    в) документация 00:03
    г) rails book 00:03
    д) analysis 00:28"
2024-11-17,plan,2024-11-17T11:29:03+04:00,"План на день 17.11
1. Domcap: 
    а) #2890
    б) #4092
    в) документация
    г) rails book
    д) analysis
    е) отчётность"
2024-11-17,result,2024-11-17T20:10:29+04:00,"Итог на день 17.11
1. Domcap: 08:24
    а) #2890 04:17
    б) #4092 01:29
    в) #5037 01:16
    г) #5039 00:45
    д) analysis 00:11
    е) отчётность 00:09
    ё) документация 00:02
    ж) rails book 00:12"
2024-11-18,plan,2024-11-18T13:08:39+04:00,"План на день 18.11
1. Domcap: 
    а) #2890
    б) #5039 
    в) связь с командой
    г) rails book
    д) analysis
    е) отчётность 
    ё) документация"
2024-11-18,result,2024-11-18T19:10:28+04:00,"Итог на день 18.11
1. Domcap: 08:29
    а) #2890 02:28
    б) #5039 03:27
    в) связь с командой 01:04
    г) rails book 00:44
    д) analysis 00:25
    е) отчётность 00:12
    ё) документация 00:07"
2024-11-19,plan,2024-11-19T10:49:48+04:00,"План на день 19.11
1. Domcap: 
    а) #2890
    б) #5039 
    в) #5037
    г) #4860
    д) analysis
    е) отчётность 
    ё) документация 
    ж) связь с командой
    з) rails book"
2024-11-19,result,2024-11-19T19:07:18+04:00,"Итог на день 19.11
1. Domcap: 08:49
    а) #2890 03:02
    б) #5039 00:57
    в) #5037 00:42
    г) #4860 00:29
    д) #4976 01:04
    е) отчётность 00:14
    ё) документация 00:06
    ж) связь с командой 00:27
    з) rails book 00:39
    и) analysis 01:05"
2024-11-20,plan,2024-11-20T11:58:18+04:00,"План на день 20.11
1. Domcap: 
    а) #2890
    б) #4751 
    в) #4976
    г) rails book
    д) analysis
    е) отчётность 
    ё) документация 
    ж) связь с командой"
2024-11-20,result,2024-11-20T19:08:19+04:00,"Итог на день 20.11
1. Domcap: 08:38
    а) #2890 01:07
    б) #4751 03:19
    в) #4976 01:20
    г) #4790 01:18
    д) #5055 00:21
    е) отчётность 00:08
    ё) документация 00:07
    ж) связь с командой 00:27
    з) rails book 00:05
    и) analysis 00:27"
2024-11-21,plan,2024-11-21T11:53:03+04:00,"План на день 21.11
1. Domcap: 
    а) #5037
    б) #4882 
    в) #4867
    г) rails book
    д) analysis
    е) отчётность 
    ё) документация 
    ж) связь с командой"
2024-11-21,result,2024-11-21T20:49:42+04:00,"Итог на день 21.11
1. Domcap: 08:31
    а) #5037 01:30
    б) #4882 02:34
    в) #4867 02:36
    г) rails book 00:56
    д) analysis 00:15
    е) отчётность 00:07
    ё) документация 00:09
    ж) связь с командой 00:21"
2024-11-22,plan,2024-11-22T11:55:19+04:00,"План на день 22.11
1. Domcap: 
    а) #4976
    б) #5069
    в) #4867
    г) #4938
    д) analysis
    е) отчётность 
    ё) документация 
    ж) связь с командой
    з) review
    и) rails book"
2024-11-22,result,2024-11-22T20:11:27+04:00,"Итог на день 22.11
1. Domcap: 08:23
    а) #4867 06:54
    б) rails book 00:07
    в) связь с командой 00:22
    г) документация 00:07
    д) analysis 00:45
    е) отчётность 00:10"
2024-11-23,plan,2024-11-23T11:03:01+04:00,"План на день 23.11
1. Domcap: 
    а) #4976
    б) #5069
    в) #4867
    г) #4938
    д) #5074
    е) отчётность 
    ё) документация 
    ж) analysis
    з) review
    и) rails book"
2024-11-23,result,2024-11-23T21:21:13+04:00,"Итог на день 23.11
1. Domcap: 08:22
    а) #4976 00:49
    б) #5069 00:16
    в) #4867 00:11
    г) #4938 00:57
    д) #5074 02:00
    е) rails book 02:50
    ё) документация 00:03
    ж) analysis 00:20
    з) review 00:41
    и) отчётность 00:11"
2024-11-24,plan,2024-11-24T10:21:40+04:00,"План на день 24.11
1. Domcap: 
    а) #4745
    б) #3986
    в) #4566
    г) rails book
    д) analysis
    е) отчётность 
    ё) документация"
2024-11-24,result,2024-11-24T20:27:42+04:00,"Итог на день 24.11
1. Domcap: 09:02
    а) #4745 01:28
    б) #3986 01:57
    в) #4566 00:12
    г) #2890 03:41
    д) #5043 00:45
    е) отчётность 00:09
    ё) документация 00:02
    ж) rails book 00:09
    з) analysis 00:34"
2024-11-25,plan,2024-11-25T12:20:04+04:00,"План на день 25.11
1. Domcap: 
    а) #4745
    б) #4962
    в) #5043
    г) rails book
    д) analysis
    е) отчётность 
    ё)  документация"
2024-11-25,result,2024-11-25T20:54:46+04:00,"Итог на день 25.11
1. Domcap: 08:30
    а) #4745 00:47
    б) #4962 04:44
    в) #5043 00:30
    г) rails book 01:29
    д) analysis 00:18
    е) отчётность 00:12
    ё)  документация 00:02
    ж) связь с командой 00:25"
2024-11-26,plan,2024-11-26T11:23:18+04:00,"План на день 26.11
1. Domcap: 
    а) #4962
    б) документация
    в) отчётность
    г) rails book
    д) analysis"
2024-11-26,result,2024-11-26T20:44:37+04:00,"Итог на день 26.11
1. Domcap: 09:40
    а) #4962 05:01
    б) #878 02:59
    в) отчётность 00:09
    г) rails book 00:12
    д) analysis 00:45
    е) документация 00:03
    ё) связь с командой 00:28"
2024-11-27,plan,2024-11-27T10:43:23+04:00,"План на день 27.11
1. Domcap: 
    а) #5094
    б) #878
    в) отчётность
    г) rails book
    д) analysis
    е) документация
    ё) связь с командой"
2024-11-27,result,2024-11-27T20:38:06+04:00,"Итог на день 27.11
1. Domcap: 08:38
    а) #5094 02:36
    б) #878 02:21
    в) #5069 00:42
    г) #5096 00:41
    д) analysis 00:14
    е) документация 00:09
    ё) связь с командой 00:32
    ж) отчётность 00:12
    з) rails book 01:07"
2024-11-28,plan,2024-11-28T12:26:39+04:00,"План на день 28.11
1. Domcap: 
    а) #5096
    б) #878
    в) #4867
    г) rails book
    д) analysis
    е) документация
    ё) связь с командой
    ж) отчётность"
2024-11-28,result,2024-11-28T20:49:36+04:00,"Итог на день 28.11
1. Domcap: 09:32
    а) #5096 02:57
    б) #878 03:21
    в) отчётность 00:09
    г) rails book 01:44
    д) analysis 00:23
    е) документация 00:10
    ё) связь с командой 00:51"
2024-11-29,plan,2024-11-29T11:04:12+04:00,"План на день 29.11
1. Domcap: 
    а) #4092
    б) #878
    в) #4867
    г) #2890
    д) analysis
    е) документация
    ё) связь с командой
    ж) отчётность
    з) rails book"
2024-11-29,result,2024-11-29T19:58:32+04:00,"Итог на день 29.11
1. Domcap: 08:09
    а) #4092 01:56
    б) #5106 01:46
    в) #4867 01:37
    г) rails book 00:56
    д) analysis 00:39
    е) документация 00:06
    ё) связь с командой 00:56
    ж) отчётность 00:10"
2024-11-30,plan,2024-11-30T10:28:19+04:00,"План на день 30.11
1. Domcap: 
    а) #2890
    б) #878
    в) #4867
    г) rails book
    д) analysis
    е) документация
    ё) отчётность"
2024-11-30,result,2024-11-30T18:59:11+04:00,"Итог на день 30.11
1. Domcap: 08:50
    а) #2890 04:27
    б) #4867 03:33
    в) отчётность 00:09
    г) rails book 00:04
    д) analysis 00:33
    е) документация 00:02"
2024-12-01,plan,2024-12-01T09:21:34+04:00,"План на день 01.12
1. Domcap: 
    а) #2890
    б) #878
    в) отчётность
    г) rails book
    д) analysis
    е) документация"
2024-12-01,result,2024-12-01T17:55:26+04:00,"Итог на день 01.12
1. Domcap: 08:35
    а) #2890 03:58
    б) #878 03:51
    в) отчётность 00:24
    г) rails book 00:05
    д) analysis 00:04
    е) документация 00:12"
2024-12-02,plan,2024-12-02T10:39:31+04:00,"План на день 02.12
1. Domcap: 
    а) #4328
    б) #878
    в) отчётность
    г) rails book
    д) analysis
    е) документация"
2024-12-02,result,2024-12-02T19:53:09+04:00,"Итог на день 02.12
1. Domcap: 08:46
    а) #4328 02:44
    б) #878 04:53
    в) отчётность 00:15
    г) rails book 00:05
    д) analysis 00:18
    е) документация 00:11
    ё) связь с командой 00:17"
2024-12-03,plan,2024-12-03T07:02:54+04:00,"План на день 03.12
1. Domcap: 
    а) #4328
    б) #5130
    в) #2835
    г) rails book
    д) analysis
    е) документация
    ё) связь с командой
    з) отчётность"
2024-12-03,result,2024-12-03T20:31:46+04:00,"Итог на день 03.12
1. Domcap: 11:39
    а) #4328 03:14
    б) #5130 06:36
    в) отчётность 00:08
    г) rails book 00:08
    д) analysis 00:35
    е) документация 00:09
    ё) связь с командой 00:47"
2024-12-04,plan,2024-12-04T11:36:39+04:00,"План на день 04.12
1. Domcap: 
    а) #4328
    б) #4962
    в) #5132
    г) #4883
    д) #5149
    е) #2835
    ё) связь с командой
    ж) analysis
    з) отчётность
    и) rails book
    й) документация"
2024-12-04,result,2024-12-05T10:05:11+04:00,"Итог на день 04.12
1. Domcap: 08:06
    а) #4328 00:56
    б) #4962 01:15
    в) #5132 02:18
    г) #4883 00:37
    д) #5149 00:51
    е) документация 00:06
    ё) связь с командой 00:17
    ж) analysis 01:25
    з) отчётность 00:12
    и) rails book 00:04"
2024-12-05,plan,2024-12-05T11:18:15+04:00,"План на день 05.12
1. Domcap: 
    а) #4328
    б) #5148
    в) #5164
    г) #3886
    д) #2835
    е) документация
    ё) связь с командой
    ж) analysis
    з) отчётность
    и) rails book"
2024-12-05,result,2024-12-05T19:10:28+04:00,"Итог на день 05.12
1. Domcap: 08:54
    а) #4328 02:20
    б) #5148 00:43
    в) #5164 00:34
    г) #3886 02:34
    д) rails book 01:04
    е) документация 00:08
    ё) связь с командой 00:31
    ж) analysis 00:45
    з) отчётность 00:05"
2024-12-06,plan,2024-12-06T11:46:06+04:00,"План на день 06.12
1. Domcap: 
    а) #4328
    б) #5148
    в) #4962
    г) #3886
    д) #4751
    е) документация
    ё) связь с командой
    ж) analysis
    з) отчётность
    и) rails book"
2024-12-06,result,2024-12-06T20:21:07+04:00,"Итог на день 06.12
1. Domcap: 09:15
    а) #5174 04:49
    б) #4751 00:32
    в) #4962 00:50
    г) #3886 00:11
    д) rails book 00:04
    е) документация 00:09
    ё) связь с командой 01:23
    ж) analysis 01:01
    з) отчётность 00:12"
2024-12-07,plan,2024-12-07T10:07:50+04:00,"План на день 07.12
1. Domcap: 
    а) #4328
    б) #5148
    в) #4962
    г) #5174
    д) #4751
    е) документация
    ё) rails book 
    ж) analysis
    з) отчётность"
2024-12-07,result,2024-12-07T20:58:26+04:00,"Итог на день 07.12
1. Domcap: 08:09
    а) #5180 00:26
    б) #4751 03:02
    в) #5174 03:00
    г) отчётность 00:10
    д) analysis 00:33
    е) документация 00:08
    ё) rails book 00:47"
2024-12-08,plan,2024-12-08T11:16:47+04:00,"План на день 08.12
1. Domcap: 
    а) #4328
    б) #5148
    в) #4751
    г) отчётность
    д) analysis
    е) документация
    ё) rails book"
2024-12-08,result,2024-12-08T19:51:57+04:00,"Итог на день 08.12
1. Domcap: 08:32
    а) #4328 01:01
    б) #5148 01:52
    в) #4751 04:40
    г) отчётность 00:13
    д) analysis 00:33
    е) документация 00:07
    ё) rails book 00:04"
2024-12-09,plan,2024-12-09T07:21:47+04:00,"План на день 09.12
1. Domcap: 
    а) #4328
    б) #5148
    в) rails book 
    г) отчётность
    д) analysis
    е) документация
    ё) связь с командой"
2024-12-09,result,2024-12-09T19:01:31+04:00,"Итог на день 09.12
1. Domcap: 11:31
    а) #4328 00:31
    б) #5148 09:15
    в) rails book 00:04
    г) отчётность 00:13
    д) analysis 00:27
    е) документация 00:08
    ё) связь с командой 00:50"
2024-12-10,plan,2024-12-10T07:52:11+04:00,"План на день 10.12
1. Domcap: 
    а) #4328
    б) #5148
    в) #4751
    г) отчётность
    д) analysis
    е) документация
    ё) связь с командой
    ж) rails book
    з) review"
2024-12-10,result,2024-12-10T19:13:43+04:00,"Итог на день 10.12
1. Domcap: 09:21
    а) #5148 06:35
    б) rails book 00:46
    в) связь с командой 01:28
    г) отчётность 00:10
    д) analysis 00:13
    е) документация 00:07"
2024-12-11,plan,2024-12-11T09:35:39+04:00,"План на день 11.12
1. Domcap: 
    а) #4328
    б) #5148
    в) #4751
    г) #5192
    д) analysis
    е) документация
    ё) связь с командой
    ж) rails book
    з) review
    и) отчётность"
2024-12-11,result,2024-12-12T10:15:03+04:00,"Итог на день 11.12
1. Domcap: 11:20
    а) #4751 02:34
    б) #5148 05:34
    в) отчётность 00:03
    г) rails book 02:00
    д) analysis 00:37
    е) документация 00:09
    ё) связь с командой 00:20"
2024-12-12,plan,2024-12-12T10:15:03+04:00,"План на день 12.12
1. Domcap: 
    а) #4328
    б) #5192
    в) #5148
    г) отчётность
    д) analysis
    е) документация
    ё) связь с командой
    ж) rails book
    з) review"
2024-12-12,result,2024-12-12T23:06:08+04:00,"Итог на день 12.12
1. Domcap: 08:41
    а) #4328 03:57
    б) #5148 03:05
    в) rails book 00:41
    г) отчётность 00:14
    д) analysis 00:21
    е) связь с командой 00:21"
2024-12-13,plan,2024-12-13T12:45:27+04:00,"План на день 13.12
1. Domcap: 
    а) #4328
    б) #5192
    в) review
    г) отчётность
    д) analysis
    е) документация
    ё) связь с командой
    ж) rails book"
2024-12-13,result,2024-12-13T23:32:18+04:00,"Итог на день 13.12
1. Domcap: 08:02
    а) #4328 04:19
    б) #5192 01:51
    в) #5237 00:50
    г) отчётность 00:08
    д) analysis 00:20
    е) документация 00:06
    ё) связь с командой 00:19
    ж) rails book 00:05"
2024-12-14,plan,2024-12-14T12:58:24+04:00,"План на день 14.12
1. Domcap: 
    а) #2835
    б) #5192
    в) #5127
    г) отчётность
    д) analysis
    е) документация
    ё) rails book"
2024-12-14,result,2024-12-14T22:58:46+04:00,"Итог на день 14.12
1. Domcap: 09:02
    а) #2835 06:36
    б) #5192 01:45
    в) rails book 00:05
    г) отчётность 00:09
    д) analysis 00:17
    е) документация 00:07"
2024-12-15,plan,2024-12-15T11:37:05+04:00,"План на день 15.12
1. Domcap: 
    а) #2835
    б) #5192
    в) #5127
    г) отчётность
    д) analysis
    е) документация
    ё) rails book"
2024-12-15,result,2024-12-15T22:57:19+04:00,"Итог на день 15.12
1. Domcap: 08:19
    а) #2835 06:07
    б) #5192 00:37
    в) #5127 01:00
    г) отчётность 00:10
    д) analysis 00:09
    е) документация 00:07
    ё) rails book 00:08"
2024-12-16,plan,2024-12-16T11:38:24+04:00,"План на день 16.12
1. Domcap: 
    а) #2835
    б) #5127
    в) #4328
    г) #4751
    д) #5162
    е) документация
    ё) rails book
    ж) связь с командой
    з) отчётность
    и) analysis"
2024-12-16,result,2024-12-16T22:58:51+04:00,"Итог на день 16.12
1. Domcap: 08:16
    а) #2835 01:02
    б) #5127 00:29
    в) #4328 00:20
    г) #4751 00:16
    д) #5162 04:57
    е) документация 00:07
    ё) rails book 00:08
    ж) связь с командой 00:29
    з) отчётность 00:08
    и) analysis 00:15"
2024-12-17,plan,2024-12-17T12:11:58+04:00,"План на день 17.12
1. Domcap: 
    а) #5160
    б) #5238
    в) #2835
    г) #5162
    д) analysis
    е) документация
    ё) rails book
    ж) связь с командой
    з) отчётность"
2024-12-17,result,2024-12-17T23:04:41+04:00,"Итог на день 17.12
1. Domcap: 08:10
    а) #2835 00:52
    б) #5162 05:22
    в) отчётность 00:09
    г) связь с командой 00:44
    д) analysis 00:46
    е) документация 00:07
    ё) rails book 00:06"
2024-12-18,plan,2024-12-18T10:11:47+04:00,"План на день 18.12
1. Domcap: 
    а) #2835
    б) #5238
    в) #5160
    г) отчётность
    д) analysis
    е) документация
    ё) rails book
    ж) связь с командой"
2024-12-18,result,2024-12-18T22:15:38+04:00,"Итог на день 18.12
1. Domcap: 08:44
    а) #2835 03:09
    б) #5160 04:13
    в) связь с командой 00:35
    г) отчётность 00:10
    д) analysis 00:21
    е) документация 00:07
    ё) rails book 00:06"
2024-12-19,plan,2024-12-19T11:44:17+04:00,"План на день 19.12
1. Domcap: 
    а) #5160
    б) #5238
    в) связь с командой
    г) отчётность
    д) analysis
    е) документация
    ё) rails book"
2024-12-19,result,2024-12-19T21:55:53+04:00,"Итог на день 19.12
1. Domcap: 08:18
    а) #5160 07:06
    б) rails book 00:06
    в) связь с командой 00:28
    г) отчётность 00:10
    д) analysis 00:18
    е) документация 00:08"
2024-12-20,plan,2024-12-20T11:38:05+04:00,"План на день 20.12
1. Domcap: 
    а) #5160
    б) #5238
    в) #5162
    г) отчётность
    д) analysis
    е) документация
    ё) rails book
    з) связь с командой"
2024-12-20,result,2024-12-20T22:38:38+04:00,"Итог на день 20.12
1. Domcap: 08:57
    а) #5160 07:09
    б) #5162 00:35
    в) связь с командой 00:30
    г) отчётность 00:08
    д) analysis 00:26
    е) rails book 00:07"
2024-12-21,plan,2024-12-21T10:29:13+04:00,"План на день 21.12
1. Domcap: 
    а) #5160
    б) #5238
    в) rails book
    г) отчётность
    д) analysis
    е) документация"
2024-12-21,result,2024-12-21T22:02:15+04:00,"Итог на день 21.12
1. Domcap: 08:27
    а) #5160 05:57
    б) #5238 01:27
    в) rails book 00:16
    г) отчётность 00:08
    д) analysis 00:27
    е) документация 00:09"
2024-12-22,plan,2024-12-22T11:32:03+04:00,"План на день 22.12
1. Domcap: 
    а) #5238
    б) #5285
    в) #5281
    г) отчётность
    д) analysis
    е) документация
    ё) rails book"
2024-12-22,result,2024-12-23T11:28:10+04:00,"Итог на день 22.12
1. Domcap: 09:08
    а) #5238 06:39
    б) #5281 00:10
    в) rails book 01:33
    г) отчётность 00:06
    д) analysis 00:29
    е) документация 00:08"
2024-12-23,plan,2024-12-23T20:46:39+04:00,"План на день 23.12
1. Domcap: 
    а) #5238
    б) #5281
    в) связь с командой
    г) отчётность
    д) analysis
    е) документация
    ё) rails book



Итог на день 23.12
1. Domcap: 08:25
    а) #5238 05:05
    б) rails book 00:51
    в) связь с командой 00:38
    г) отчётность 00:18
    д) analysis 01:26
    е) документация 00:06"
2024-12-24,plan,2024-12-24T10:27:59+04:00,"План на день 24.12
1. Domcap: 
    а) #5238
    б) #5281
    в) связь с командой
    г) отчётность
    д) analysis
    е) документация
    ё) rails book"
2024-12-24,result,2024-12-24T21:20:00+04:00,"Итог на день 24.12
1. Domcap: 08:10
    а) #5238 05:59
    б) rails book 00:59
    в) связь с командой 00:41
    г) отчётность 00:13
    д) analysis 00:10
    е) документация 00:06"
2024-12-25,plan,2024-12-25T11:33:11+04:00,"План на день 25.12
1. Domcap: 
    а) #5238
    б) #5281
    в) #5160
    г) отчётность
    д) analysis
    е) документация
    ё) rails book
    з) связь с командой"
2024-12-25,result,2024-12-25T20:49:29+04:00,"Итог на день 25.12
1. Domcap: 08:16
    а) #5238 02:53
    б) #5281 02:11
    в) #5160 00:35
    г) #5298 01:50
    д) analysis 00:16
    е) документация 00:05
    ё) rails book 00:06
    з) связь с командой 00:05
    и) отчётность 00:11"
2024-12-26,plan,2024-12-26T12:06:18+04:00,"План на день 26.12
1. Domcap: 
    а) #5281
    б) #5285
    в) связь с командой
    г) отчётность
    д) analysis
    е) документация
    ё) rails book"
2024-12-26,result,2024-12-26T19:49:12+04:00,"Итог на день 26.12
1. Domcap: 08:11
    а) #5281 04:12
    б) #5285 00:39
    в) #4329 01:19
    г) отчётность 00:09
    д) analysis 00:05
    е) связь с командой 00:37
    ё) rails book 01:08"
2024-12-27,plan,2024-12-28T10:20:07+04:00,"План на день 27.12
1. Domcap: 
    а) #5281
    б) #4329
    в) связь с командой
    г) отчётность
    д) analysis
    е) документация
    ё) rails book"
2024-12-28,result,2024-12-28T10:20:20+04:00,"Итог на день 28.12
1. Domcap: 08:05
    а) #5281 07:14
    б) rails book 00:04
    в) связь с командой 00:29
    г) отчётность 00:06
    д) analysis 00:11"
2024-12-28,plan,2024-12-28T10:31:09+04:00,"План на день 28.12
1. Domcap: 
    а) #5281
    б) #4329
    в) #2835
    г) #5298
    д) analysis
    е) документация
    ё) rails book
    з) отчётность"
2024-12-28,result,2024-12-28T19:59:05+04:00,"Итог на день 28.12
1. Domcap: 08:05
    а) #5281 02:22
    б) #4329 01:24
    в) #2835 02:02
    г) #5298 01:11
    д) analysis 00:25
    е) документация 00:15
    ё) rails book 00:06
    з) отчётность 00:12"
2024-12-29,plan,2024-12-29T10:57:07+04:00,"План на день 29.12
1. Domcap: 
    а) #4329
    б) отчётность
    в) rails book
    г) документация
    д) analysis"
2024-12-29,result,2024-12-29T19:10:52+04:00,"Итог на день 29.12
1. Domcap: 08:24
    а) #4329 07:35
    б) отчётность 00:13
    в) rails book 00:05
    г) документация 00:05
    д) analysis 00:24"
2024-12-30,plan,2024-12-30T10:10:58+04:00,"План на день 30.12
1. Domcap: 
    а) #4329
    б) отчётность
    в) rails book
    г) документация
    д) analysis"
2024-12-30,result,2024-12-30T18:53:52+04:00,"Итог на день 30.12
1. Domcap: 08:33
    а) #4329 07:31
    б) отчётность 00:13
    в) rails book 00:03
    г) документация 00:04
    д) analysis 00:12
    е) связь с командой 00:28"
2024-12-31,plan,2024-12-31T11:15:53+04:00,"План на день 31.12
1. Domcap: 
    а) #5179
    б) #5285
    в) rails book
    г) документация
    д) analysis
    е) связь с командой 
    ё) отчётность"
2024-12-31,result,2024-12-31T19:16:51+04:00,"Итог на день 31.12
1. Domcap: 09:03
    а) #5298 06:47
    б) отчётность 00:12
    в) rails book 00:05
    г) документация 00:06
    д) analysis 01:02
    е) связь с командой 00:49"
2025-01-01,plan,2025-01-01T13:06:44+04:00,"План на день 01.01
1. Domcap: 
    а) #5179
    б) #5285
    в) #4329
    г) #5281
    д) analysis
    е) rails book
    ё) отчётность
    з) документация"
2025-01-01,result,2025-01-01T21:36:34+04:00,"Итог на день 01.01
1. Domcap: 08:07
    а) #5160 00:40
    б) #5281 02:35
    в) #4329 03:01
    г) отчётность 00:43
    д) analysis 00:29
    е) rails book 00:31"
2025-01-02,plan,2025-01-03T09:41:47+04:00,"План на день 02.01
1. Domcap: 
    а) #5179
    б) #5285
    в) #5160
    г) #5314
    д) analysis
    е) rails book
    ё) отчётность
    ж) документация"
2025-01-02,result,2025-01-03T09:41:57+04:00,"Итог на день 02.01
1. Domcap: 08:42
    а) #5179 01:07
    б) #5285 02:12
    в) #5160 02:27
    г) #5314 01:25
    д) analysis 00:23
    е) rails book 00:04
    ё) отчётность 00:23
    ж) связь с командой 00:30
    з) документация 00:09"
2025-01-03,plan,2025-01-03T09:42:40+04:00,"План на день 03.01
1. Domcap: 
    а) #5285
    б) документация
    в) отчётность
    г) связь с командой
    д) analysis
    е) rails book"
2025-01-03,result,2025-01-03T19:46:17+04:00,"Итог на день 03.01
1. Domcap: 09:37
    а) #5285 08:43
    б) документация 00:06
    в) отчётность 00:09
    г) связь с командой 00:14
    д) analysis 00:19
    е) rails book 00:04"
2025-01-04,plan,2025-01-04T12:02:11+04:00,"План на день 04.01
1. Domcap: 
    а) #5285
    б) #2835
    в) #5160
    г) rails book
    д) analysis
    е) документация
    ё) отчётность
    ж) review"
2025-01-04,result,2025-01-04T20:51:28+04:00,"Итог на день 04.01
1. Domcap: 08:32
    а) #5285 06:59
    б) отчётность 00:12
    в) документация 00:09
    г) rails book 00:39
    д) analysis 00:30"
2025-01-05,plan,2025-01-05T10:55:57+04:00,"План на день 05.01
1. Domcap: 
    а) #5324
    б) #2835
    в) #5160
    г) rails book
    д) analysis
    е) документация
    ё) отчётность
    ж) review"
2025-01-05,result,2025-01-05T20:16:19+04:00,"Итог на день 05.01
1. Domcap: 08:13
    а) #5324 02:25
    б) #2835 00:28
    в) #5160 02:12
    г) #5250 01:14
    д) analysis 00:13
    е) документация 00:07
    ё) отчётность 00:08
    ж) review 00:14
    з) rails book 01:08"
2025-01-06,plan,2025-01-06T11:34:34+04:00,"План на день 06.01
1. Domcap: 
    а) #5316
    б) #5182
    в) связь с командой
    г) rails book
    д) analysis
    е) документация
    ё) отчётность"
2025-01-06,result,2025-01-06T20:42:16+04:00,"Итог на день 06.01
1. Domcap: 09:07
    а) #5316 06:47
    б) отчётность 00:09
    в) связь с командой 00:51
    г) rails book 00:36
    д) analysis 00:36
    е) документация 00:06"
2025-01-07,plan,2025-01-07T08:10:32+04:00,"План на день 07.01
1. Domcap: 
    а) #5324
    б) #5160
    в) #5350
    г) rails book
    д) analysis
    е) документация
    ё) отчётность
    ж) связь с командой"
2025-01-07,result,2025-01-07T20:26:19+04:00,"Итог на день 07.01
1. Domcap: 09:30
    а) #5324 04:50
    б) #5160 00:55
    в) #5351 01:49
    г) rails book 00:58
    д) analysis 00:06
    е) связь с командой 00:41
    ё) отчётность 00:08"
2025-01-08,plan,2025-01-08T10:52:10+04:00,"План на день 08.01
1. Domcap: 
    а) #5324
    б) #5356
    в) #5285
    г) #4184
    д) https://blog.arkency.com/replace-aasm-with-rails-enum-today/, https://guides.rubyonrails.org/security.html
    е) документация
    ё) отчётность
    ж) связь с командой
    ж) rails book
    з) analysis"
2025-01-08,result,2025-01-08T20:37:28+04:00,"Итог на день 08.01
1. Domcap: 09:35
    а) #5324 05:41
    б) #5356 01:23
    в) #5285 00:15
    г) #4184 00:15
    д) https://guides.rubyonrails.org/security.html 00:35
    е) документация 00:04
    ё) отчётность 00:09
    ж) связь с командой 00:28
    ж) rails book 00:04
    з) analysis 00:36"
2025-01-09,plan,2025-01-09T10:03:22+04:00,"План на день 09.01
1. Domcap: 
    а) #5285
    б) #4184
    в) https://blog.arkency.com/replace-aasm-with-rails-enum-today/, https://guides.rubyonrails.org/security.html
    г) analysis
    д) rails book
    е) документация
    ё) отчётность
    ж) связь с командой"
2025-01-10,plan,2025-01-10T10:52:05+04:00,"План на день 10.01
1. Domcap: 
    а) #4184
    б) #4949
    в) связь с командой
    г) analysis
    д) rails book
    е) документация
    ё) отчётность"
2025-01-10,result,2025-01-11T11:37:23+04:00,"Итог на день 10.01
1. Domcap: 09:23
    а) #4184 04:13
    б) #4949 01:53
    в) связь с командой 00:34
    г) analysis 00:19
    д) rails book 02:04
    е) документация 00:08
    ё) отчётность 00:08


План на день 11.01
1. Domcap: 
    а) #4949
    б) отчётность
    в) связь с командой
    г) analysis
    д) rails book
    е) документация"
2025-01-11,result,2025-01-11T21:38:48+04:00,"Итог на день 11.01
1. Domcap: 08:04
    а) #4949 06:25
    б) отчётность 00:08
    в) документация 00:09
    г) analysis 00:15
    д) rails book 01:05"
2025-01-12,plan,2025-01-12T12:53:25+04:00,"План на день 12.01
1. Domcap: 
    а) #4949
    б) отчётность
    в) документация
    г) analysis
    д) rails book"
2025-01-12,result,2025-01-13T11:28:20+04:00,"Итог на день 12.01
1. Domcap: 08:00
    а) #4949 03:54
    б) #5326 02:09
    в) документация 00:08
    г) analysis 00:21
    д) rails book 01:15
    е) отчётность 00:09"
2025-01-13,plan,2025-01-13T11:28:27+04:00,"План на день 13.01
1. Domcap: 
    а) #5373
    б) отчётность
    в) документация
    г) analysis
    д) rails book
    е) связь с командой"
2025-01-13,result,2025-01-14T06:55:30+04:00,"Итог на день 13.01
1. Domcap: 08:38
    а) #5373 03:20
    б) #5326 00:41
    в) #5327 02:21
    г) https://guides.rubyonrails.org/security.html 00:51
    д) rails book 00:04
    е) связь с командой 00:42
    ё) отчётность 00:08
    ж) analysis 00:24"
2025-01-14,plan,2025-01-14T12:08:16+04:00,"План на день 14.01
1. Domcap: 
    а) #5373
    б) #5324
    в) #4184
    г) analysis
    д) rails book
    е) связь с командой
    ё) отчётность
    ж) документация"
2025-01-14,result,2025-01-14T21:22:34+04:00,"Итог на день 14.01
1. Domcap: 08:20
    а) #5373 05:05
    б) #5324 00:21
    в) #4184 00:25
    г) https://guides.rubyonrails.org/security.html 00:59
    д) rails book 00:04
    е) связь с командой 00:21
    ё) отчётность 00:12
    ж) документация 00:08
    з) analysis 00:40"
2025-01-15,plan,2025-01-15T10:55:11+04:00,"План на день 15.01
1. Domcap: 
    а) #5327
    б) #5357
    в) #5353
    г) #5350
    д) #5386
    е) связь с командой
    ё) отчётность
    ж) документация
    з) analysis
    и) rails book"
2025-01-15,result,2025-01-15T20:29:19+04:00,"Итог на день 15.01
1. Domcap: 08:20
    а) #5327 03:21
    б) #5386 03:37
    в) rails book 00:08
    г) analysis 00:22
    д) документация 00:07
    е) связь с командой 00:34
    ё) отчётность 00:08"
2025-01-16,plan,2025-01-16T11:19:29+04:00,"План на день 16.01
1. Domcap: 
    а) #5350
    б) #5357
    в) #5353
    г) #4952
    д) https://guides.rubyonrails.org/security.html
    е) связь с командой
    ё) отчётность
    ж) документация
    з) analysis
    и) rails book"
2025-01-16,result,2025-01-16T20:25:27+04:00,"Итог на день 16.01
1. Domcap: 08:12
    а) #5350 03:53
    б) #5357 00:20
    в) #5353 01:52
    г) rails book 00:10
    д) https://guides.rubyonrails.org/security.html 00:25
    е) связь с командой 00:28
    ё) отчётность 00:09
    ж) документация 00:10
    з) analysis 00:41"
2025-01-17,plan,2025-01-17T11:27:30+04:00,"План на день 17.01
1. Domcap: 
    а) #5182
    б) #5316
    в) #5327
    г) #4952
    д) https://guides.rubyonrails.org/security.html
    е) связь с командой
    ё) отчётность
    ж) документация
    з) analysis
    и) rails book"
2025-01-17,result,2025-01-17T20:11:45+04:00,"Итог на день 17.01
1. Domcap: 08:02
    а) #5182 02:43
    б) #5316 02:25
    в) #5327 00:24
    г) https://guides.rubyonrails.org/security.html 00:42
    д) rails book 00:04
    е) связь с командой 00:37
    ё) отчётность 00:09
    ж) документация 00:07
    з) analysis 00:48"
2025-01-18,plan,2025-01-18T10:56:53+04:00,"План на день 18.01
1. Domcap: 
    а) #5393
    б) rails book
    в) analysis
    г) документация
    д) отчётность"
2025-01-18,result,2025-01-18T22:46:41+04:00,"Итог на день 18.01
1. Domcap: 08:44
    а) #5393 06:09
    б) rails book 01:34
    в) analysis 00:39
    г) документация 00:07
    д) отчётность 00:13"
2025-01-19,plan,2025-01-19T10:45:29+04:00,"План на день 19.01
1. Domcap: 
    а) #5393
    б) rails book
    в) analysis
    г) документация
    д) отчётность"
2025-01-19,result,2025-01-20T01:29:38+04:00,"Итог на день 19.01
1. Domcap: 10:03
    а) #5393 08:40
    б) rails book 01:13
    в) analysis 00:04
    г) отчётность 00:04"
2025-01-20,plan,2025-01-20T18:32:39+04:00,"План на день 20.01
1. Domcap: 
    а) #5393
    б) rails book
    в) analysis
    г) документация
    д) отчётность
    д) связь с командой"
2025-01-20,result,2025-01-20T18:33:03+04:00,"Итог на день 20.01
1. Domcap: 08:53
    а) #5393 08:06
    б) rails book 00:17
    в) analysis 00:10
    г) документация 00:09
    д) отчётность 00:09"
2025-01-21,result,2025-01-21T17:19:38+04:00,"Итог на день 21.01
1. Domcap: 08:23
    а) #5393 07:32
    б) rails book 00:05
    в) analysis 00:17
    г) документация 00:07
    д) отчётность 00:19"
2025-01-22,plan,2025-01-22T04:32:42+04:00,"План на день 22.01
1. Domcap: 
    а) #5393
    б) rails book
    в) analysis
    г) документация
    д) отчётность    
    е) связь с командой"
2025-01-22,result,2025-01-22T17:13:40+04:00,"Итог на день 22.01
1. Domcap: 08:58
    а) #5393 08:20
    б) rails book 00:05
    в) analysis 00:11
    г) документация 00:08
    д) отчётность 00:12"
2025-01-23,result,2025-01-23T16:58:59+04:00,"Итог на день 23.01
1. Domcap: 09:14
    а) #5393 06:14
    б) #5429 02:17
    в) analysis 00:10
    г) rails book 00:04
    д) отчётность 00:17
    е) связь с командой 00:06"
2025-01-24,plan,2025-01-24T15:04:53+04:00,"План на день 24.01
1. Domcap: 
    а) #5393
    б) rails book
    в) analysis
    г) документация
    д) отчётность    
    е) связь с командой"
2025-01-24,result,2025-01-24T15:05:01+04:00,"Итог на день 24.01
1. Domcap: 09:02
    а) #5393 06:51
    б) rails book 00:55
    в) analysis 00:29
    г) документация 00:09
    д) отчётность 00:11  
    е) связь с командой 00:31"
2025-01-25,plan,2025-01-25T05:56:29+04:00,"План на день 25.01
1. Domcap: 
    а) #5393
    б) rails book
    в) analysis
    г) документация
    д) отчётность"
2025-01-25,result,2025-01-25T16:10:20+04:00,"Итог на день 25.01
1. Domcap: 08:04
    а) #5393 06:04
    б) rails book 00:04
    в) analysis 00:22
    г) документация 00:09
    д) отчётность 00:09
    е) https://guides.rubyonrails.org/security.html 01:13"
2025-01-26,plan,2025-01-26T07:09:10+04:00,"План на день 26.01
1. Domcap: 
    а) #5393
    б) #5370
    в) analysis
    г) документация
    д) отчётность
    е) rails book"
2025-01-26,result,2025-01-26T15:52:27+04:00,"Итог на день 26.01
1. Domcap: 08:12
    а) #5393 02:15
    б) #5370 04:27
    в) analysis 00:42
    г) документация 00:11
    д) отчётность 00:09
    е) rails book 00:05"
2025-01-27,plan,2025-01-27T08:00:00+04:00,"План на день 27.01
1. Domcap: 
    а) #5393
    б) #5370
    в) analysis
    г) документация
    д) отчётность
    е) rails book"
2025-01-27,result,2025-01-27T17:09:30+04:00,"Итог на день 27.01
1. Domcap: 08:13
    а) #5393 04:19
    б) #5370 02:35
    в) https://guides.rubyonrails.org/security.html 00:31
    г) документация 00:08
    д) отчётность 00:09
    е) rails book 00:05
    ё) analysis 00:24"
2025-01-28,plan,2025-01-28T05:24:08+04:00,"План на день 28.01
1. Domcap: 
    а) #5393
    б) #5466
    в)  https://guides.rubyonrails.org/security.html
    г) документация
    д) отчётность
    е) rails book
    ё) analysis"
2025-01-28,result,2025-01-28T15:12:47+04:00,"Итог на день 28.01
1. Domcap: 08:45
    а) #5393 07:49
    б) #5466 00:10
    в) analysis 00:20
    г) документация 00:07
    д) отчётность 00:10
    е) rails book 00:07"
2025-01-29,plan,2025-01-29T05:41:10+04:00,"План на день 29.01
1. Domcap: 
    а) #5393
    б) #5370
    в)  https://guides.rubyonrails.org/security.html
    г) документация
    д) отчётность
    е) rails book
    ё) analysis"
2025-01-29,result,2025-01-30T06:06:04+04:00,"Итог на день 29.01
1. Domcap: 08:47
    а) #5393 07:04
    б) analysis 00:38
    в)  https://guides.rubyonrails.org/security.html 00:43
    г) документация 00:07
    д) отчётность 00:08
    е) rails book 00:06"
2025-01-30,plan,2025-01-30T06:23:02+04:00,"План на день 30.01
1. Domcap: 
    а) #5393
    б) #5370
    в)  https://guides.rubyonrails.org/security.html
    г) документация
    д) отчётность
    е) rails book
    ё) analysis"
2025-01-30,result,2025-01-31T05:50:55+04:00,"Итог на день 30.01
1. Domcap: 08:55
    а) #5393 05:56
    б) #5370 01:19
    в)  https://guides.rubyonrails.org/security.html 00:23
    г) документация 00:09
    д) отчётность 00:06
    е) rails book 00:37
    ё) analysis 00:21"
2025-01-31,plan,2025-01-31T06:10:39+04:00,"План на день 31.01
1. Domcap: 
    а) #5393
    б) #5370
    в) #4913
    г) документация
    д) отчётность
    е) rails book
    ё) analysis"
2025-01-31,result,2025-01-31T16:04:21+04:00,"Итог на день 31.01
1. Domcap: 08:30
    а) #5393 06:01
    б) #5480 01:13
    в) analysis 00:20
    г) документация 00:07
    д) отчётность 00:17
    е) rails book 00:30"
2025-02-01,plan,2025-02-01T06:09:45+04:00,"План на день 01.02
1. Domcap: 
    а) #5393
    б) #5370
    в) #4913
    г) #5480
    д) отчётность
    е) rails book
    ё) analysis
    ж) документация
    з) связь с командой"
2025-02-01,result,2025-02-01T15:16:10+04:00,"Итог на день 01.02
1. Domcap: 08:51
    а) #5393 02:04
    б) #5370 00:29
    в) #4913 01:58
    г) #5480 02:32
    д) отчётность 00:23
    е) rails book 00:33
    ё) analysis 00:22
    ж) документация 00:12
    з) связь с командой 00:12"
2025-02-02,plan,2025-02-02T06:51:16+04:00,"План на день 02.02
1. Domcap: 
    а) #5370
    б) документация
    в) analysis
    г) rails book
    д) отчётность"
2025-02-02,result,2025-02-02T16:10:39+04:00,"Итог на день 02.02
1. Domcap: 08:48
    а) #5370 07:46
    б) документация 00:05
    в) analysis 00:21
    г) rails book 00:07
    д) отчётность 00:22"
2025-02-03,plan,2025-02-03T07:01:00+04:00,"План на день 03.02
1. Domcap: 
    а) #5370
    б) #5472
    в) analysis
    г) rails book
    д) отчётность
    е) документация"
2025-02-03,result,2025-02-03T15:47:47+04:00,"Итог на день 03.02
1. Domcap:  08:46
    а) #5370 07:37
    б) документация 00:10
    в) analysis 00:32
    г) rails book 00:13
    д) отчётность 00:12"
2025-02-04,plan,2025-02-04T06:26:54+04:00,"План на день 04.02
1. Domcap: 
    а) #5370
    б) #5472
    в) #5480
    г) #5393
    д) отчётность
    е) документация
    е) analysis
    ё) rails book"
2025-02-04,result,2025-02-04T16:15:37+04:00,"Итог на день 04.02
1. Domcap: 08:22
    а) #5370 02:29
    б) #4913 01:41
    в) #5480 02:02
    г) #5393 01:26
    д) отчётность 00:14
    е) документация 00:11
    е) analysis 00:11
    ё) rails book 00:05"
2025-02-05,plan,2025-02-05T05:31:19+04:00,"План на день 05.02
1. Domcap: 
    а) #5370
    б) #4913
    в) rails book
    г) analysis
    д) отчётность
    е) документация"
2025-02-05,result,2025-02-05T16:14:27+04:00,"Итог на день 05.02
1. Domcap: 08:59
    а) #5370 04:30
    б) #4913 02:47
    в) rails book 00:57
    г) analysis 00:23
    д) отчётность 00:12
    е) документация 00:07"
2025-02-06,plan,2025-02-06T05:55:13+04:00,"План на день 06.02
1. Domcap: 
    а) #5472
    б) #5434
    в) #5428
    г) analysis
    д) отчётность
    е) документация
    е) rails book"
2025-02-06,result,2025-02-07T07:32:36+04:00,"Итог на день 06.02
1. Domcap: 09:04
    а) #5472 03:19
    б) #5434 00:51
    в) #5428 01:51
    г) #5507 01:44
    д) отчётность 00:12
    е) документация 00:06
    е) rails book 00:43
    ё) analysis 00:34


План на день 07.02
1. Domcap: 
    а) #5428
    б) #5490
    в) #5453
    г) analysis
    д) отчётность
    е) документация
    е) rails book"
2025-02-07,result,2025-02-07T16:22:39+04:00,"Итог на день 07.02
1. Domcap: 08:30
    а) #5428 03:18
    б) #5490 02:43
    в) #5453 01:01
    г) analysis 00:38
    д) отчётность 00:10
    е) документация 00:09
    е) rails book 00:29"
2025-02-08,plan,2025-02-08T05:56:50+04:00,"План на день 08.02
1. Domcap: 
    а) #5504
    б) #5453
    в) rails book
    г) analysis
    д) отчётность
    е) документация"
2025-02-08,result,2025-02-08T15:49:09+04:00,"Итог на день 08.02
1. Domcap: 09:41
    а) #5504 04:37
    б) #5453 03:29
    в) rails book 00:39
    г) analysis 00:35
    д) отчётность 00:09
    е) документация 00:08"
2025-02-09,result,2025-02-09T16:01:04+04:00,"Итог на день 09.02
1. Domcap: 08:04
    а) #5504 01:56
    б) #5453 02:33
    в) #5518 02:52
    г) analysis 00:19
    д) отчётность 00:10
    е) документация 00:05
    е) rails book 00:06"
2025-02-10,plan,2025-02-10T07:22:38+04:00,"План на день 10.02
1. Domcap: 
    а) #5504
    б) #5182
    в) #5518
    г) #5370
    д) отчётность
    е) документация
    е) rails book
    ё) analysis"
2025-02-10,result,2025-02-10T15:37:44+04:00,"Итог на день 10.02
1. Domcap: 08:45
    а) #5504 01:08
    б) #5182 03:05
    в) #5518 01:46
    г) #5370 01:17
    д) отчётность 00:10
    е) документация 00:09
    е) rails book 00:35
    ё) analysis 00:31"
2025-02-11,plan,2025-02-11T06:25:15+04:00,"План на день 11.02
1. Domcap: 
    а) #5428
    б) #5519
    в) #5182
    г) rails book
    д) отчётность
    е) документация
    е) analysis"
2025-02-11,result,2025-02-11T15:26:09+04:00,"Итог на день 11.02
1. Domcap: 08:24
    а) #5428 01:03
    б) #5519 02:27
    в) #5182 00:35
    г) #5085 01:40
    д) отчётность 00:07
    е) документация 00:07
    е) analysis 00:44
    ё) rails book 01:32
    ж) связь с командой 00:05"
2025-02-12,plan,2025-02-12T06:10:07+04:00,"План на день 12.02
1. Domcap: 
    а) #5373
    б) #5182
    в) связь с командой
    г) rails book
    д) отчётность
    е) документация
    ё) analysis"
2025-02-12,result,2025-02-12T15:32:31+04:00,"Итог на день 12.02
1. Domcap: 08:02
    а) #5373 05:14
    б) #5182 00:12
    в) связь с командой 00:45
    г) rails book 00:34
    д) отчётность 00:14
    е) документация 00:09
    ё) analysis 00:52"
2025-02-13,plan,2025-02-13T05:30:28+04:00,"План на день 13.02
1. Domcap: 
    а) #5373
    б) #5548
    в) #5560
    г) rails book
    д) отчётность
    е) документация
    ё) analysis"
2025-02-13,result,2025-02-13T14:59:22+04:00,"Итог на день 13.02
1. Domcap: 08:44
    а) #5373 03:21
    б) #5548 03:49
    в) analysis 00:46
    г) rails book 00:27
    д) отчётность 00:11
    е) документация 00:07"
2025-02-14,plan,2025-02-14T05:07:57+04:00,"План на день 14.02
1. Domcap: 
    а) #5560
    б) #5548
    в) #5528
    г) rails book
    д) отчётность
    е) документация
    ё) analysis"
2025-02-14,result,2025-02-14T14:42:58+04:00,"Итог на день 14.02
1. Domcap: 09:33
    а) #5560 08:05
    б) #5548 00:20
    в) analysis 00:47
    г) rails book 00:03
    д) отчётность 00:10
    е) документация 00:06"
2025-02-15,plan,2025-02-15T06:34:54+04:00,"План на день 15.02
1. Domcap: 
    а) #5560
    б) #5528
    в) analysis
    г) rails book
    д) отчётность
    е) документация"
2025-02-15,result,2025-02-15T16:57:28+04:00,"Итог на день 15.02
1. Domcap: 08:07
    а) #5560 03:45
    б) #5528 01:18
    в) #5572 02:01
    г) rails book 00:11
    д) отчётность 00:10
    е) документация 00:16
    ё) analysis 00:23"
2025-02-16,plan,2025-02-16T06:48:43+04:00,"План на день 16.02
1. Domcap: 
    а) #5528
    б) #5572
    в) analysis
    г) rails book
    д) отчётность
    е) документация"
2025-02-16,result,2025-02-16T15:52:15+04:00,"Итог на день 16.02
1. Domcap: 08:15
    а) #5528 03:00
    б) #5572 01:33
    в) #4684 01:21
    г) rails book 01:20
    д) отчётность 00:10
    е) документация 00:06
    ё) analysis 00:41"
2025-02-17,plan,2025-02-17T06:11:48+04:00,"План на день 17.02
1. Domcap: 
    а) #4684
    б) документация
    в) analysis
    г) rails book
    д) отчётность"
2025-02-17,result,2025-02-17T16:34:02+04:00,"Итог на день 17.02
1. Domcap: 10:10
    а) #4684 08:25
    б) документация 00:07
    в) analysis 00:40
    г) rails book 00:09
    д) отчётность 00:09
    е) связь с командой 00:38"
2025-02-18,plan,2025-02-18T06:07:38+04:00,"План на день 18.02
1. Domcap: 
    а) #5549
    б) документация
    в) analysis
    г) rails book
    д) отчётность"
2025-02-18,result,2025-02-19T05:17:13+04:00,"Итог на день 18.02
1. Domcap: 08:16
    а) #5549 04:23
    б) #5504 02:48
    в) analysis 00:44
    г) rails book 00:06
    д) отчётность 00:07
    е) документация 00:05"
2025-02-19,plan,2025-02-19T06:23:32+04:00,"План на день 19.02
1. Domcap: 
    а) #5549
    б) #5504
    в) #5528
    г) #5428
    д) #5548
    е) документация
    ё) analysis
    ж) rails book
    з) отчётность"
2025-02-19,result,2025-02-19T16:01:43+04:00,"Итог на день 19.02
1. Domcap: 08:58
    а) #5549 01:48
    б) #5504 06:00
    в) отчётность 00:12
    г) rails book 00:06
    д) analysis 00:46
    е) документация 00:04"
2025-02-20,plan,2025-02-20T06:37:36+04:00,"План на день 20.02
1. Domcap: 
    а) #5549
    б) #5504
    в) #5528
    г) #5428
    д) отчётность
    е) документация
    ё) analysis
    ж) rails book"
2025-02-20,result,2025-02-20T14:51:26+04:00,"Итог на день 20.02
1. Domcap: 09:21
    а) #5549 01:13
    б) #5504 01:32
    в) #5528 03:51
    г) #5428 00:24
    д) отчётность 00:09
    е) документация 00:05
    ё) analysis 01:22
    ж) rails book 00:39"
2025-02-21,plan,2025-02-21T05:50:14+04:00,"План на день 21.02
1. Domcap: 
    а) #5373
    б) #4913
    в) #5528
    г) #5428
    д) #5504
    е) документация
    ё) analysis
    ж) rails book
    з) связь с командой
    и) отчётность"
2025-02-21,result,2025-02-21T14:45:14+04:00,"Итог на день 21.02
1. Domcap: 09:13
    а) #5373 00:59
    б) #4913 00:13
    в) #5528 05:17
    г) #5428 00:08
    д) #5504 00:18
    е) документация 00:24
    ё) analysis 00:24
    ж) rails book 00:56
    з) связь с командой 00:20
    и) отчётность 00:09"
2025-02-22,plan,2025-02-22T06:41:29+04:00,"План на день 22.02
1. Domcap: 
    а) #5373
    б) #5528
    в) отчётность
    г) rails book
    д) analysis
    е) документация"
2025-02-22,result,2025-02-22T15:28:26+04:00,"Итог на день 22.02
1. Domcap: 08:09
    а) #5528 06:09
    б) документация 00:09
    в) отчётность 00:11
    г) rails book 00:52
    д) analysis 00:47"
2025-02-23,plan,2025-02-23T05:48:52+04:00,"План на день 23.02
1. Domcap: 
    а) #5373
    б) #5528
    в) отчётность
    г) rails book
    д) analysis
    е) документация"
2025-02-23,result,2025-02-23T14:40:17+04:00,"Итог на день 23.02
1. Domcap: 08:36
    а) #5528 07:04
    б) документация 00:09
    в) отчётность 00:08
    г) rails book 00:37
    д) analysis 00:35"
2025-02-24,plan,2025-02-24T06:33:30+04:00,"План на день 24.02
1. Domcap: 
    а) #5373
    б) #5528
    в) отчётность
    г) rails book
    д) analysis
    е) документация"
2025-02-24,result,2025-02-25T02:03:05+04:00,"Итог на день 24.02
1. Domcap: 09:22
    а) #5373 02:38
    б) #5528 05:20
    в) отчётность 00:07
    г) rails book 00:44
    д) analysis 00:22
    е) документация 00:09"
2025-02-24,plan,2025-02-25T06:05:47+04:00,"План на день 24.02
1. Domcap: 
    а) #5373
    б) связь с командой
    в) отчётность
    г) rails book
    д) analysis
    е) документация"
2025-02-25,result,2025-02-25T14:58:21+04:00,"Итог на день 25.02
1. Domcap:10:01
    а) #5373 08:33
    б) связь с командой 00:29
    в) отчётность 00:10
    г) rails book 00:30
    д) analysis 00:12
    е) документация 00:05"
2025-02-26,plan,2025-02-26T06:05:56+04:00,"План на день 26.02
1. Domcap: 
    а) #5373
    б) #5504
    в) отчётность
    г) rails book
    д) analysis
    е) документация"
2025-02-26,result,2025-02-26T15:39:09+04:00,"Итог на день 26.02
1. Domcap: 08:41
    а) #5373 07:04
    б) #5504 00:33
    в) отчётность 00:10
    г) rails book 00:06
    д) analysis 00:41
    е) документация 00:06"
2025-02-27,plan,2025-02-27T06:36:03+04:00,"План на день 27.02
1. Domcap: 
    а) #5373
    б) #5583
    в) отчётность
    г) rails book
    д) analysis
    е) документация"
2025-02-27,result,2025-02-27T15:04:31+04:00,"Итог на день 27.02
1. Domcap: 08:24
    а) #5373 06:16
    б) #5528 00:53
    в) отчётность 00:08
    г) rails book 00:35
    д) analysis 00:24
    е) документация 00:06"
2025-02-28,plan,2025-02-28T06:14:14+04:00,"План на день 28.02
1. Domcap: 
    а) #5528
    б) #5428
    в) #5583
    г) rails book
    д) analysis
    е) документация
    ё) отчётность"
2025-02-28,result,2025-02-28T15:13:38+04:00,"Итог на день 28.02
1. Domcap: 09:24
    а) #5528 06:20
    б) #5428 01:51
    в) отчётность 00:11
    г) rails book 00:36
    д) analysis 00:15
    е) документация 00:09"
2025-03-01,plan,2025-03-01T08:38:24+04:00,"План на день 01.03
1. Domcap: 
    а) #5428
    б) #5583
    в) #5622
    г) rails book
    д) analysis
    е) документация
    ё) отчётность
    ж) review"
2025-03-02,result,2025-03-02T17:14:01+04:00,"Итог на день 02.03
1. Domcap: 08:27
    а) #5549 05:59
    б) отчётность 00:40
    в) документация 00:09
    г) rails book 01:04
    д) analysis 00:34"
2025-03-03,plan,2025-03-03T06:10:47+04:00,"План на день 03.03
1. Domcap: 
    а) #5549
    б) отчётность
    в) документация
    г) rails book
    д) analysis"
2025-03-03,result,2025-03-03T14:44:53+04:00,"Итог на день 03.03
1. Domcap: 08:19
    а) #5549 07:03
    б) отчётность 00:08
    в) документация 00:09
    г) rails book 00:31
    д) analysis 00:26"
2025-03-04,plan,2025-03-04T07:12:34+04:00,"План на день 04.03
1. Domcap: 
    а) #5549
    б) #5182
    в) документация
    г) rails book
    д) analysis
    е) отчётность"
2025-03-04,result,2025-03-05T08:27:24+04:00,"Итог на день 04.03
1. Domcap: 08:01
    а) #5549 02:09
    б) #5182 02:01
    в) #5606 01:28
    г) rails book 00:52
    д) analysis 00:55
    е) отчётность 00:03
    ё) документация 00:09
    ж) связь с командой 00:21"
2025-03-05,plan,2025-03-05T09:25:20+04:00,"План на день 05.03
1. Domcap: 
    а) #5549
    б) #5653
    в) #5528
    г) rails book
    д) analysis
    е) отчётность
    ё) документация
    ж) review"
2025-03-05,result,2025-03-05T21:36:59+04:00,"Итог на день 05.03
1. Domcap: 08:45
    а) #5528 03:01
    б) #5658 02:51
    в) связь с командой 00:23
    г) rails book 00:30
    д) analysis 00:31
    е) отчётность 00:16
    ё) документация 00:08
    ж) review 01:01"
2025-03-06,plan,2025-03-06T06:48:57+04:00,"План на день 06.03
1. Domcap: 
    а) #5658
    б) документация
    в) связь с командой
    г) rails book
    д) analysis
    е) отчётность"
2025-03-06,result,2025-03-06T21:10:04+04:00,"Итог на день 06.03
1. Domcap: 11:44
    а) #5658 10:52
    б) документация 00:07
    в) связь с командой 00:25
    г) rails book 00:05
    д) analysis 00:03
    е) отчётность 00:09"
2025-03-07,plan,2025-03-07T09:50:51+04:00,"План на день 07.03
1. Continure - верстальщик
2. Domcap: 
    а) #5658
    б) #5528
    в) связь с командой
    г) rails book
    д) analysis
    е) отчётность
    ё) документация"
2025-03-07,result,2025-03-07T21:08:57+04:00,"Итог на день 07.03
1. Domcap: 12:37
    а) #5658 09:20
    б) #5684 01:19
    в) документация 00:05
    г) rails book 00:41
    д) analysis 00:50
    е) отчётность 00:20"
2025-03-08,plan,2025-03-08T09:00:21+04:00,"План на день 08.03
1. Continure - верстальщик
2. Domcap: 
    а) #5528
    б) #5684
    в) #5618
    г) rails book
    д) analysis
    е) отчётность
    ё) документация
    ж) связь с командой"
2025-03-08,result,2025-03-08T20:04:27+04:00,"Итог на день 08.03
1. Domcap: 08:55
    а) #5528 07:09
    б) #5684 00:23
    в) связь с командой 00:10
    г) rails book 00:39
    д) analysis 00:14
    е) отчётность 00:09
    ё) документация 00:08"
2025-03-09,plan,2025-03-09T11:13:53+04:00,"План на день 09.03
1. Continure - верстальщик
2. Domcap: 
    а) #5528
    б) #5618
    в) документация
    г) rails book
    д) analysis
    е) отчётность"
2025-03-09,result,2025-03-09T20:26:47+04:00,"Итог на день 09.03
1. Domcap: 09:10
    а) #5528 04:15
    б) #5691 02:16
    в) документация 00:09
    г) rails book 00:55
    д) analysis 01:15
    е) отчётность 00:18"
2025-03-11,plan,2025-03-11T10:05:50+04:00,"План на день 11.03
1. Continure - верстальщик
2. Domcap: 
    а) #5618
    б) #5690
    в) связь с командой
    г) rails book
    д) analysis
    е) отчётность
    ё) документация"
2025-03-11,result,2025-03-11T20:05:41+04:00,"Итог на день 11.03
1. Domcap: 09:41
    а) #5618 08:39
    б) отчётность 00:14
    в) документация 00:10
    г) rails book 00:04
    д) analysis 00:30"
2025-03-12,plan,2025-03-12T10:12:14+04:00,"План на день 12.03
1. Continure - верстальщик
2. Domcap: 
    а) #5618
    б) #5690
    в) #5708
    г) rails book
    д) analysis
    е) отчётность
    ё) документация
    ж) связь с командой"
2025-03-12,result,2025-03-12T19:44:31+04:00,"Итог на день 12.03
1. Domcap: 09:27
    а) #5618 07:47
    б) связь с командой 00:44
    в) документация 00:09
    г) rails book 00:12
    д) analysis 00:26
    е) отчётность 00:07"
2025-03-13,plan,2025-03-13T10:15:13+04:00,"План на день 13.03
1. Continure - верстальщик
2. Domcap: 
    а) #5618
    б) #5690
    в) #5708
    г) #5720
    д) analysis
    е) отчётность
    ё) документация
    ж) связь с командой
    з) rails book
    и) связь с командой"
2025-03-13,result,2025-03-13T19:59:50+04:00,"Итог на день 13.03
1. Domcap: 09:53
    а) #5618 00:29
    б) #5720 06:31
    в) #5708 01:14
    г) rails book 00:22
    д) analysis 00:30
    е) отчётность 00:12
    ё) документация 00:09
    ж) связь с командой 00:23"
2025-03-14,plan,2025-03-14T14:25:14+04:00,"План на день 14.03
1. Continure - верстальщик
2. Domcap: 
    а) #5618
    б) #5690
    в) rails book
    г) связь с командой
    д) analysis
    е) отчётность
    ё) документация"
2025-03-14,result,2025-03-14T20:48:39+04:00,"Итог на день 14.03
1. Domcap: 09:30
    а) #5618 06:42
    б) отчётность 00:10
    в) rails book 01:00
    г) связь с командой 00:39
    д) analysis 00:58"
2025-03-15,plan,2025-03-15T11:19:01+04:00,"План на день 15.03
1. Continure - верстальщик
2. Domcap: 
    а) #5618
    б) #5690
    в) #5657
    г) #4913
    д) analysis
    е) отчётность
    ё) документация
    ж) rails book"
2025-03-15,result,2025-03-15T20:50:52+04:00,"Итог на день 15.03
1. Continure - верстальщик 01:49
2. Domcap: 06:31
    а) #5618 03:34
    б) #4913 00:24
    в) rails book 01:36
    г) документация 00:09
    д) analysis 00:34
    е) отчётность 00:10"
2025-03-16,plan,2025-03-16T12:35:32+04:00,"План на день 16.03
1. Continure - верстальщик
2. Domcap: 
    а) #5618
    б) #5690
    в) #5657
    г) #4913
    д) analysis
    е) отчётность
    ё) документация
    ж) rails book"
2025-03-16,result,2025-03-16T20:38:34+04:00,"Итог на день 16.03
1. Domcap: 08:49
    а) #5618 01:54
    б) #5690 00:30
    в) #5657 03:40
    г) связь с командой 00:21
    д) analysis 00:39
    е) отчётность 00:07
    ё) rails book 01:36"
2025-03-17,result,2025-03-17T18:38:56+04:00,"Итог на день 17.03
1. Domcap: 09:36
    а) #5715 00:51
    б) #5657 05:31
    в) #4913 01:04
    г) связь с командой 00:38
    д) analysis 00:24
    е) отчётность 00:08
    ё) документация 00:09
    ж) rails book 00:48"
2025-03-17,plan,2025-03-17T18:38:56+04:00,"План на день 17.03
1. Continure - верстальщик
2. Domcap: 
    а) #5715
    б) #5657
    в) #4913
    г) связь с командой
    д) analysis
    е) отчётность
    ё) документация
    ж) rails book"
2025-03-18,plan,2025-03-18T10:11:01+04:00,"План на день 18.03
1. Continure - верстальщик
2. Domcap: 
    а) #5715
    б) #5734
    в) #4913
    г) review
    д) analysis
    е) отчётность
    ё) документация
    ж) rails book"
2025-03-18,result,2025-03-18T21:03:26+04:00,"Итог на день 18.03
1. Domcap: 08:39
    а) #5715 05:59
    б) rails book 01:14
    в) связь с командой 00:18
    г) review 00:26
    д) analysis 00:25
    е) отчётность 00:11
    ё) документация 00:05"
2025-03-19,plan,2025-03-19T12:13:16+04:00,"План на день 19.03
1. Continure - верстальщик
2. Domcap: 
    а) #5715
    б) #5734
    в) #4913
    г) review
    д) analysis
    е) отчётность
    ё) документация
    ж) rails book"
2025-03-19,result,2025-03-19T20:26:22+04:00,"Итог на день 19.03
1. Domcap: 08:31
    а) #5715 05:12
    б) #5734 01:21
    в) связь с командой 00:25
    г) rails book 00:22
    д) analysis 00:47
    е) отчётность 00:09
    ё) документация 00:09"
2025-03-20,plan,2025-03-20T09:57:04+04:00,"План на день 20.03
1. Continure - верстальщик
2. Domcap: 
    а) #5715
    б) #4913
    в) rails book
    г) связь с командой
    д) analysis
    е) отчётность
    ё) документация"
2025-03-20,result,2025-03-20T20:33:14+04:00,"Итог на день 20.03
1. Domcap: 09:04
    а) #5715 07:12
    б) документация 00:08
    в) rails book 00:32
    г) связь с командой 00:22
    д) analysis 00:37
    е) отчётность 00:11"
2025-03-21,plan,2025-03-21T21:14:19+04:00,"План на день 21.03
1. Continure - верстальщик
2. Domcap: 
    а) #5715
    б) #4913
    в) #5678
    г) #5733
    д) analysis
    е) отчётность
    ё) документация
    ж) rails book
    з) связь с командой


Итог на день 21.03
1. Domcap: 09:44
    а) #5715 06:15
    б) #4913 00:53
    в) #5734 00:22
    г) связь с командой 00:17
    д) analysis 00:42
    е) отчётность 00:09
    ё) rails book 01:04"
2025-03-22,plan,2025-03-22T10:34:28+04:00,"План на день 22.03
1. Domcap: 
    а) #5715
    б) #5733
    в) #5678
    г) rails book
    д) analysis
    е) отчётность
    ё) документация"
2025-03-22,result,2025-03-22T21:31:00+04:00,"Итог на день 22.03
1. Domcap: 08:31
    а) #5715 05:53
    б) документация 00:08
    в) отчётность 00:10
    г) rails book 01:40
    д) analysis 00:37"
2025-03-23,plan,2025-03-23T09:27:19+04:00,"План на день 23.03
1. Domcap: 
    а) #5715
    б) #5733
    в) #5678
    г) rails book
    д) analysis
    е) отчётность
    ё) документация"
2025-03-23,result,2025-03-23T20:34:15+04:00,"Итог на день 23.03
1. Domcap: 08:00
    а) #5715 03:45
    б) #5733 00:26
    в) #5678 01:25
    г) rails book 01:35
    д) analysis 00:31
    е) отчётность 00:08
    ё) документация 00:06"
2025-03-24,plan,2025-03-24T10:34:57+04:00,"План на день 24.03
1. Domcap: 
    а) #5715
    б) #5733
    в) документация
    г) rails book
    д) analysis
    е) отчётность
    ё) связь с командой
    ж) review"
2025-03-24,result,2025-03-24T20:29:12+04:00,"Итог на день 24.03
1. Domcap: 08:11
    а) #5715 05:15
    б) review 00:36
    в) документация 00:09
    г) rails book 01:37
    д) analysis 00:21
    е) отчётность 00:11"
2025-03-25,plan,2025-03-25T07:50:25+04:00,"План на день 25.03
1. Domcap: 
    а) #5715
    б) #5528
    в) #5726
    г) #5727
    д) #5773
    е) отчётность
    ё) документация
    ж) rails book
    з) analysis"
2025-03-25,result,2025-03-26T11:12:31+04:00,"Итог на день 25.03
1. Domcap: 09:43
    а) #5715 00:21
    б) #5528 01:38
    в) #5726 05:46
    г) #5727 00:49
    д) analysis 00:23
    е) отчётность 00:06
    ё) документация 00:06
    ж) rails book 00:30"
2025-03-26,plan,2025-03-26T11:12:32+04:00,"План на день 26.03
1. Domcap: 
    а) #5773
    б) #5528
    в) #5726
    г) #5727
    д) review
    е) отчётность
    ё) документация
    ж) rails book
    з) analysis"
2025-03-26,result,2025-03-26T19:46:31+04:00,"Итог на день 26.03
1. Domcap: 09:04
    а) #5727 00:20
    б) #5528 00:23
    в) #5726 06:58
    г) analysis 00:22
    д) rails book 00:39
    е) отчётность 00:12
    ё) документация 00:08"
2025-03-27,plan,2025-03-27T13:19:24+04:00,"План на день 27.03
1. Domcap: 
    а) #5528
    б) #5726
    в) связь с командой
    г) analysis
    д) rails book
    е) отчётность
    ё) документация"
2025-03-27,result,2025-03-27T21:46:25+04:00,"Итог на день 27.03
1. Domcap: 09:13
    а) #5528 00:47
    б) #5726 04:12
    в) #5813 02:36
    г) analysis 00:38
    д) rails book 00:05
    е) отчётность 00:12
    ё) документация 00:08
    ж) связь с командой 00:34"
2025-03-28,plan,2025-03-28T11:38:23+04:00,"План на день 28.03
1. Domcap: 
    а) #5528
    б) #5726
    в) #5813 
    г) analysis
    д) rails book
    е) отчётность
    ё) документация
    ж) связь с командой"
2025-03-28,result,2025-03-28T19:59:14+04:00,"Итог на день 28.03
1. Domcap: 07:45
    а) #5528 03:19
    б) #5726 01:12
    в) #5813 01:58
    г) analysis 00:18
    д) rails book 00:04
    е) отчётность 00:09
    ё) документация 00:08
    ж) связь с командой 00:33"
2025-03-29,plan,2025-03-29T11:16:23+04:00,"План на день 29.03
1. Domcap: 
    а) #5733
    б) #5726
    в) документация
    г) analysis
    д) rails book
    е) отчётность"
2025-03-29,result,2025-03-29T19:36:11+04:00,"Итог на день 29.03
1. Domcap: 08:29
    а) #5822 00:49
    б) #5726 06:14
    в) #5824 00:27
    г) analysis 00:32
    д) rails book 00:04
    е) отчётность 00:11
    ё) документация 00:09"
2025-03-30,plan,2025-03-30T08:53:55+04:00,"План на день 30.03
1. Domcap: 
    а) #5733
    б) #5726
    в) #5824
    г) analysis
    д) rails book
    е) отчётность
    ё) документация
    ж) review"
2025-03-30,result,2025-03-30T20:08:22+04:00,"Итог на день 30.03
1. Domcap: 08:22
    а) #5824 00:59
    б) #5726 05:41
    в) review 00:39
    г) analysis 00:33
    д) rails book 00:06
    е) отчётность 00:12
    ё) документация 00:08"
2025-03-31,plan,2025-03-31T11:05:17+04:00,"План на день 31.03
1. Domcap: 
    а) #5733
    б) #5726
    в) #5826
    г) #5715
    д) rails book
    е) отчётность
    ё) документация
    ж) связь с командой
    з) analysis"
2025-03-31,result,2025-03-31T19:49:44+04:00,"Итог на день 31.03
1. Domcap: 08:25
    а) #5733 00:48
    б) #5726 05:37
    в) analysis 00:46
    г) связь с командой 00:28
    д) rails book 00:32
    е) отчётность 00:11"
2025-04-01,plan,2025-04-01T10:48:36+04:00,"План на день 01.04
1. Domcap: 
    а) #5733
    б) #5715
    в) #5826
    г) analysis
    д) rails book
    е) отчётность
    ё) документация
    ж) review"
2025-04-01,result,2025-04-01T19:09:35+04:00,"Итог на день 01.04
1. Domcap: 09:02
    а) #5733 03:25
    б) #5715 00:30
    в) #5826 02:21
    г) analysis 00:19
    д) rails book 00:46
    е) отчётность 00:25
    ё) документация 00:08
    ж) review 01:05"
2025-04-02,plan,2025-04-02T12:28:45+04:00,"План на день 02.04
1. Domcap: 
    а) #5733
    б) #5726
    в) Avoid these 9 mistakes when learning Ruby on Rails
    г) analysis
    д) rails book
    е) отчётность
    ё) документация
    ж) связь с командой"
2025-04-02,result,2025-04-02T19:32:09+04:00,"Итог на день 02.04
1. Domcap: 09:51
    а) #5733 01:35
    б) #5726 03:26
    в) #5727 01:27
    г)Avoid these 9 mistakes when learning Ruby on Rails 00:17
    д) rails book 00:27
    е) отчётность 00:22
    ё) документация 00:07
    ж) связь с командой 01:17
    з) analysis 00:48"
2025-04-03,plan,2025-04-03T10:21:22+04:00,"План на день 03.04
1. Domcap: 
    а) #5733
    б) #5726
    в) связь с командой
    г) analysis
    д) rails book
    е) отчётность
    ё) документация"
2025-04-03,result,2025-04-03T19:40:42+04:00,"Итог на день 03.04
1. Domcap: 09:52
    а) #5733 05:16
    б) #5727 01:31
    в) связь с командой 01:11
    г) analysis 00:37
    д) rails book 00:52
    е) отчётность 00:12
    ё) документация 00:09"
2025-04-04,plan,2025-04-04T10:32:19+04:00,"План на день 04.04
1. Domcap: 
    а) #5733
    б) #5726
    в) связь с командой
    г) analysis
    д) rails book
    е) отчётность
    ё) документация"
2025-04-04,result,2025-04-04T19:07:44+04:00,"Итог на день 04.04
1. Domcap: 09:11
    а) #5733 02:21
    б) #5727 02:19
    в) #5653 03:06
    г) analysis 00:45
    д) rails book 00:05
    е) отчётность 00:07
    ё) документация 00:09
    ж) связь с командой 00:15"
2025-04-05,plan,2025-04-05T09:03:41+04:00,"План на день 05.04
1. Domcap: 
    а) #5688
    б) #5653
    в) #5726
    г) analysis
    д) rails book
    е) отчётность
    ё) документация"
2025-04-05,result,2025-04-05T19:34:01+04:00,"Итог на день 05.04
1. Domcap: 09:30
    а) #5726 02:41
    б) #5653 05:31
    в) документация 00:09
    г) analysis 00:47
    д) rails book 00:09
    е) отчётность 00:10"
2025-04-06,plan,2025-04-06T14:03:24+04:00,"План на день 06.04
1. Domcap: 
    а) #5688
    б) документация
    в) отчётность
    г) analysis
    д) rails book"
2025-04-06,result,2025-04-06T20:25:54+04:00,"Итог на день 06.04
1. Domcap: 09:26
    а) #5688 07:33
    б) документация 00:09
    в) отчётность 00:12
    г) analysis 00:14
    д) rails book 01:16"
2025-04-07,plan,2025-04-07T09:58:38+04:00,"План на день 07.04
1. Domcap: 
    а) #5688
    б) документация
    в) отчётность
    г) analysis
    д) rails book
    е) связь с командой"
2025-04-07,result,2025-04-07T20:31:21+04:00,"Итог на день 07.04
1. Domcap: 08:25
    а) #5688 06:52
    б) документация 00:09
    в) отчётность 00:12
    г) analysis 00:25
    д) rails book 00:44"
2025-04-08,plan,2025-04-08T11:52:01+04:00,"План на день 08.04
1. Domcap: 
    а) #5688
    б) #5727
    в) #5864
    г) analysis
    д) rails book
    е) документация
    е) отчётность"
2025-04-08,result,2025-04-08T20:12:57+04:00,"Итог на день 08.04
1. Domcap: 09:21
    а) #5688 06:57
    б) #5864 00:42
    в) отчётность 00:11
    г) analysis 00:31
    д) rails book 00:49
    е) документация 00:09"
2025-04-09,result,2025-04-09T19:53:50+04:00,"Итог на день 09.04
1. Domcap: 09:42
    а) #5688 01:21
    б) #5872 01:35
    в) #5871 05:01
    г) analysis 00:35
    д) rails book 00:10
    е) документация 00:05
    ё)  отчётность 00:09
    ж) связь с командой 00:43"
2025-04-10,plan,2025-04-10T08:52:26+04:00,"План на день 10.04
1. Domcap: 
    а) #5688
    б) #5727
    в) связь с командой
    г) analysis 
    д) rails book
    е) документация
    ё)  отчётность"
2025-04-10,result,2025-04-11T13:17:42+04:00,"Итог на день 10.04
1. Domcap: 09:45
    а) #5688 05:15
    б) #5727 01:42
    в) связь с командой 00:47
    г) analysis 00:37
    д) rails book 01:04
    е) документация 00:07
    ё)  отчётность 00:09


План на день 11.04
1. Domcap: 
    а) #5871
    б) #5727
    в) #5883
    г) analysis 
    д) rails book
    е) документация
    ё) отчётность
    ж) связь с командой"
2025-04-11,result,2025-04-11T19:45:06+04:00,"Итог на день 11.04
1. Domcap: 09:03
    а) #5871 01:51
    б) #5727 04:06
    в) #5883 01:25
    г) analysis 00:33
    д) rails book 00:04
    е) документация 00:09
    ё) отчётность 00:09
    ж) связь с командой 00:43"
2025-04-12,plan,2025-04-12T21:38:04+04:00,"План на день 12.04
1. Domcap: 
    а) #5727
    б) #5792
    в) #5878
    г) analysis 
    д) rails book
    е) документация
    ё) отчётность"
2025-04-12,result,2025-04-12T21:38:15+04:00,"Итог на день 12.04
1. Domcap: 08:48
    а) #5727 04:53
    б) #5792 02:07
    в) отчётность 00:08
    г) analysis 00:33
    д) rails book 00:55
    е) документация 00:10"
2025-04-13,plan,2025-04-13T08:20:59+04:00,"План на день 13.04
1. Domcap: 
    а) #5727
    б) #5878
    в) отчётность
    г) analysis 
    д) rails book
    е) документация"
2025-04-13,result,2025-04-13T20:04:07+04:00,"Итог на день 13.04
1. Domcap: 09:06
    а) #5727 02:21
    б) #5878 04:29
    в) отчётность 00:10
    г) analysis 00:49
    д) rails book 01:06
    е) документация 00:09"
2025-04-14,plan,2025-04-14T12:39:18+04:00,"План на день 14.04
1. Domcap: 
    а) #5878
    б) #5727
    в) отчётность
    г) analysis 
    д) rails book
    е) документация
    ё) связь с командой"
2025-04-14,result,2025-04-14T20:05:18+04:00,"Итог на день 14.04
1. Domcap: 08:58
    а) #5878 06:48
    б) связь с командой 01:01
    в) отчётность 00:10
    г) analysis 00:44
    д) rails book 00:04
    е) документация 00:09"
2025-04-15,plan,2025-04-15T12:26:20+04:00,"План на день 15.04
1. Domcap: 
    а) #5878
    б) #5727
    в) отчётность
    г) analysis 
    д) rails book
    е) документация
    ё) связь с командой"
2025-04-15,result,2025-04-15T19:23:47+04:00,"Итог на день 15.04
1. Domcap: 09:02
    а) #5878 06:21
    б) #5727 00:32
    в) #4913 01:06
    г) analysis 00:37
    д) rails book 00:06
    е) документация 00:08
    ё) отчётность 00:08"
2025-04-16,plan,2025-04-16T11:19:17+04:00,"План на день 16.04
1. Domcap: 
    а) #5878
    б) #5727
    в) #5871
    г) #5373
    д) #5715
    е) документация
    ё) связь с командой
    ж) отчётность
    з) analysis
    и) rails book"
2025-04-16,result,2025-04-17T10:15:52+04:00,"Итог на день 16.04
1. Domcap: 09:30
    а) #5878 07:33
    б) rails book 00:04
    в) analysis 00:41
    г) отчётность 00:33
    д) связь с командой 00:28
    е) документация 00:09


План на день 17.04
1. Domcap: 
    а) #5719
    б) #5373
    в) #5715
    г) rails book
    д) analysis
    е) документация
    ё) связь с командой
    ж) отчётность"
2025-04-17,result,2025-04-17T19:19:33+04:00,"Итог на день 17.04
1. Domcap: 09:04
    а) #5373 07:41
    б) отчётность 00:09
    в) связь с командой 00:10
    г) rails book 00:05
    д) analysis 00:48
    е) документация 00:09"
2025-04-18,plan,2025-04-18T10:50:26+04:00,"План на день 18.04
1. Domcap: 
    а) #5719
    б) #5373
    в) #5715
    г) rails book
    д) analysis
    е) документация
    ё) связь с командой
    ж) отчётность"
2025-04-18,result,2025-04-18T19:42:15+04:00,"Итог на день 18.04
1. Domcap: 09:20
    а) #5373 08:13
    б) отчётность 00:09
    в) документация 00:06
    г) rails book 00:04
    д) analysis 00:51"
2025-04-19,plan,2025-04-19T11:15:06+04:00,"План на день 19.04
1. Domcap: 
    а) #5719
    б) #5373
    в) #5715
    г) rails book
    д) analysis
    е) документация
    ё) связь с командой
    ж) отчётность"
2025-04-19,result,2025-04-19T20:53:04+04:00,"Итог на день 19.04
1. Domcap: 09:03
    а) #5719 00:37
    б) #5373 03:21
    в) #5715 03:57
    г) rails book 00:14
    д) analysis 00:33
    е) документация 00:08
    ё) отчётность 00:10"
2025-04-20,plan,2025-04-20T10:16:40+04:00,"План на день 20.04
1. Domcap: 
    а) #5719
    б) #5715
    в) #5879
    г) rails book
    д) analysis
    е) документация
    ё) отчётность"
2025-04-20,result,2025-04-20T19:57:28+04:00,"Итог на день 20.04
1. Domcap: 08:54
    а) #5719 02:29
    б) #5715 01:15
    в) #5879 02:40
    г) #5881 01:29
    д) analysis 00:31
    е) документация 00:09
    ё) отчётность 00:10
    ж) rails book 00:07"
2025-04-21,plan,2025-04-21T10:44:22+04:00,"План на день 21.04
1. Domcap: 
    а) #5606
    б) #5920
    в) связь с командой
    г) rails book
    д) analysis
    е) документация
    ё) отчётность"
2025-04-21,result,2025-04-21T19:34:03+04:00,"Итог на день 21.04
1. Domcap: 09:23
    а) #5606 01:47
    б) #5920 05:22
    в) #5879 00:20
    г) #5881 00:32
    д) analysis 00:36
    е) документация 00:07
    ё) отчётность 00:08
    ж) связь с командой 00:21
    з) rails book 00:05"
2025-04-22,plan,2025-04-22T12:13:20+04:00,"План на день 22.04
1. Domcap: 
    а) #5880
    б) #5882
    в) #5909
    г) rails book
    д) analysis
    е) документация
    ё) отчётность
    ж) связь с командой"
2025-04-22,result,2025-04-22T20:04:58+04:00,"Итог на день 22.04
1. Domcap: 09:17
    а) #5880 03:00
    б) #5882 01:54
    в) #5909 01:43
    г) rails book 01:14
    д) analysis 00:52
    е) документация 00:09
    ё) отчётность 00:11
    ж) связь с командой 00:11"
2025-04-23,plan,2025-04-23T13:42:22+04:00,"План на день 23.04
1. Domcap: 
    а) #5633
    б) #5606
    в) #5909
    г) rails book
    д) analysis
    е) документация
    ё) отчётность
    ж) связь с командой"
2025-04-23,result,2025-04-23T20:09:11+04:00,"Итог на день 23.04
1. Domcap: 09:02
    а) #5633 01:38
    б) #5606 05:01
    в) связь с командой 00:23
    г) rails book 00:42
    д) analysis 00:57
    е) документация 00:07
    ё) отчётность 00:11"
2025-04-24,plan,2025-04-24T10:59:26+04:00,"План на день 24.04
1. Domcap: 
    а) #5606
    б) #5880
    в) #5920
    г) rails book
    д) analysis
    е) документация
    ё) отчётность
    ж) связь с командой"
2025-04-24,result,2025-04-24T21:41:12+04:00,"Итог на день 24.04
1. Domcap: 09:26
    а) #5606 08:08
    б) связь с командой 00:20
    в) отчётность 00:09
    г) rails book 00:12
    д) analysis 00:26
    е) документация 00:08"
2025-04-25,plan,2025-04-25T08:51:56+04:00,"План на день 25.04
1. Domcap: 
    а) #5606
    б) #5880
    в) #5920
    г) #4908
    д) #5792
    е) документация
    ё) отчётность
    ж) связь с командой
    з) rails book
    и) analysis"
2025-04-25,result,2025-04-25T19:11:52+04:00,"Итог на день 25.04
1. Domcap: 10:05
    а) #5606 03:13
    б) #5880 01:37
    в) #5792 02:26
    г) #4908 01:14
    д) analysis 00:33
    е) документация 00:09
    ё) отчётность 00:08
    ж) связь с командой 00:30
    з) rails book 00:11"
2025-04-26,plan,2025-04-26T10:29:10+04:00,"План на день 26.04
1. Domcap: 
    а) #5606
    б) #5633
    в) #5920
    г) #4908
    д) analysis
    е) документация
    ё) отчётность
    ж) rails book"
2025-04-26,result,2025-04-26T20:32:43+04:00,"Итог на день 26.04
1. Domcap: 09:12
    а) #5606 04:21
    б) #5633 01:34
    в) #5920 01:49
    г) #4908 00:23
    д) analysis 00:44
    е) документация 00:09
    ё) отчётность 00:09
    ж) rails book 00:04"
2025-04-27,plan,2025-04-27T11:59:46+04:00,"План на день 27.04
1. Domcap: 
    а) #5920
    б) #5373
    в) rails book 
    г) отчётность
    д) analysis
    е) документация"
2025-04-27,result,2025-04-27T20:26:13+04:00,"Итог на день 27.04
1. Domcap: 09:43
    а) #5920 07:39
    б) документация 00:07
    в) rails book 00:57
    г) отчётность 00:12
    д) analysis 00:45"
2025-04-28,plan,2025-04-28T06:34:09+04:00,"План на день 28.04
1. Domcap: 
    а) #5920
    б) #5373
    в) #5950
    г) отчётность
    д) analysis
    е) документация
    ё) связь с командой
    ж) rails book"
2025-04-28,result,2025-04-28T19:24:54+04:00,"Итог на день 28.04
1. Domcap: 10:19
    а) #5920 07:37
    б) #5373 00:18
    в) #5950 00:27
    г) отчётность 00:12
    д) analysis 00:20
    е) документация 00:07
    ё) связь с командой 00:14
    ж) rails book 00:56"
2025-04-29,plan,2025-04-29T11:00:55+04:00,"План на день 29.04
1. Domcap: 
    а) #5920
    б) #5373
    в) #5748
    г) отчётность
    д) analysis
    е) документация
    ё) связь с командой
    ж) rails book"
2025-04-29,result,2025-04-29T20:00:52+04:00,"Итог на день 29.04
1. Domcap: 09:09
    а) #5920 06:23
    б) #5373 00:09
    в) rails book 01:22
    г) отчётность 00:08
    д) analysis 00:52
    е) документация 00:09
    ё) связь с командой 00:09"
2025-04-30,plan,2025-04-30T10:44:35+04:00,"План на день 30.04
1. Domcap: 
    а) #5920
    б) #5748
    в) rails book 
    г) отчётность
    д) analysis
    е) документация
    ё) связь с командой"
2025-04-30,result,2025-04-30T19:37:48+04:00,"Итог на день 30.04
1. Domcap: 08:49
    а) #5920 04:25
    б) #5609 01:03
    в) #5956 00:59
    г) #5957 00:12
    д) analysis 00:40
    е) документация 00:08
    ё) связь с командой 00:30
    ж) rails book 00:40
    з) отчётность 00:09"
2025-05-01,plan,2025-05-01T09:29:26+04:00,"План на день 01.05
1. Domcap: 
    а) #5920
    б) #5748
    в) #5960
    г) отчётность
    д) analysis
    е) документация
    ё) связь с командой
    ж) rails book 
    з) review"
2025-05-01,result,2025-05-01T20:40:55+04:00,"Итог на день 01.05
1. Domcap: 09:05
    а) #5606 01:54
    б) #5957 01:46
    в) #5960 02:06
    г) отчётность 00:16
    д) analysis 00:30
    е) документация 00:07
    ё) review 02:15
    ж) rails book 00:07"
2025-05-02,plan,2025-05-02T13:58:32+04:00,"План на день 02.05
1. Domcap: 
    а) #5606
    б) #5748
    в) #5880
    г) отчётность
    д) analysis
    е) документация
    ё) связь с командой
    ж) rails book"
2025-05-02,result,2025-05-02T20:05:25+04:00,"Итог на день 02.05
1. Domcap: 08:31
    а) #5606 03:13
    б) #5609 02:46
    в) rails book 00:47
    г) отчётность 00:32
    д) analysis 00:35
    е) документация 00:09
    ё) связь с командой 00:26"
2025-05-03,plan,2025-05-03T10:45:18+04:00,"План на день 03.05
1. Domcap: 
    а) #5606
    б) #5748
    в) #5880
    г) отчётность
    д) analysis
    е) документация
    ё) связь с командой
    ж) rails book"
2025-05-03,result,2025-05-03T20:06:57+04:00,"Итог на день 03.05
1. Domcap: 09:07
    а) #5609 07:49
    б) rails book 00:15
    в) документация 00:08
    г) отчётность 00:04
    д) analysis 00:44"
2025-05-04,plan,2025-05-04T11:12:29+04:00,"План на день 04.05
1. Domcap: 
    а) #5606
    б) #5748
    в) #5880
    г) отчётность
    д) analysis
    е) документация
    ё) связь с командой
    ж) rails book"
2025-05-04,result,2025-05-04T19:34:23+04:00,"Итог на день 04.05
1. Domcap: 09:00
    а) #5606 02:00
    б) #5609 02:29
    в) #5880 03:18
    г) отчётность 00:08
    д) analysis 00:35
    е) документация 00:08
    ё) rails book 00:19"
2025-05-05,plan,2025-05-05T09:55:05+04:00,"План на день 05.05
1. Domcap: 
    а) #5606
    б) #5966
    в) #5880
    г) отчётность
    д) analysis
    е) документация
    ё) связь с командой
    ж) rails book"
2025-05-05,result,2025-05-05T20:49:48+04:00,"Итог на день 05.05
1. Domcap: 09:32
    а) #5606 05:37
    б) #5966 00:33
    в) #5880 00:58
    г) #5845 00:26
    д) analysis 00:35
    е) документация 00:08
    ё) связь с командой 00:15
    ж) rails book 00:48
    з) отчётность 00:10"
2025-05-06,plan,2025-05-06T11:13:37+04:00,"План на день 06.05
1. Domcap: 
    а) #5606
    б) #5966
    в) rails book 
    г) отчётность
    д) analysis
    е) документация
    ё) связь с командой"
2025-05-06,result,2025-05-06T21:07:10+04:00,"Итог на день 06.05
1. Domcap: 09:04
    а) #5606 06:02
    б) #5966 00:24
    в) #5970 01:06
    г) отчётность 00:09
    д) analysis 00:47
    е) документация 00:07
    ё) rails book 00:30"
2025-05-07,plan,2025-05-07T10:25:28+04:00,"План на день 07.05
1. Domcap: 
    а) #5606
    б) связь с командой
    в) rails book 
    г) отчётность
    д) analysis
    е) документация"
2025-05-07,result,2025-05-07T20:34:25+04:00,"Итог на день 07.05
1. Domcap: 09:10
    а) #5606 06:14
    б) #5920 00:17
    в) rails book 01:24
    г) отчётность 00:08
    д) analysis 00:40
    е) документация 00:07
    ё) связь с командой 00:18"
2025-05-08,plan,2025-05-08T11:14:46+04:00,"План на день 08.05
1. Domcap: 
    а) #5606
    б) #5609
    в) rails book 
    г) отчётность
    д) analysis
    е) документация
    ё) связь с командой"
2025-05-08,result,2025-05-08T20:32:53+04:00,"Итог на день 08.05
1. Domcap: 08:59
    а) #5606 06:28
    б) связь с командой 00:18
    в) rails book 00:48
    г) отчётность 00:09
    д) analysis 01:05
    е) документация 00:08"
2025-05-09,plan,2025-05-09T10:28:06+04:00,"План на день 09.05
1. Domcap: 
    а) #5606
    б) #5609
    в) #5727
    г) отчётность
    д) analysis
    е) документация
    ё) связь с командой
    ж) rails book"
2025-05-09,result,2025-05-09T19:21:34+04:00,"Итог на день 09.05
1. Domcap: 09:08
    а) #5606 02:51
    б) #5727 04:21
    в) rails book 00:34
    г) отчётность 00:09
    д) analysis 00:41
    е) документация 00:09
    ё) связь с командой 00:19"
2025-05-10,plan,2025-05-10T11:16:18+04:00,"План на день 10.05
1. Domcap: 
    а) #5609
    б) #5727
    в) связь с командой
    г) отчётность
    д) analysis
    е) документация
    ё) rails book"
2025-05-10,result,2025-05-10T20:18:27+04:00,"Итог на день 10.05
1. Domcap: 09:04
    а) #5609 02:58
    б) #5727 03:25
    в) связь с командой 00:30
    г) отчётность 00:10
    д) analysis 00:44
    е) документация 00:08
    ё) rails book 01:07"
2025-05-11,plan,2025-05-11T13:01:28+04:00,"План на день 11.05
1. Domcap: 
    а) #5609
    б) #5727
    в) #5606
    г) отчётность
    д) analysis
    е) документация
    ё) rails book
    ж) связь с командой"
2025-05-11,result,2025-05-11T20:31:44+04:00,"Итог на день 11.05
1. Domcap: 09:21
    а) #5609 06:00
    б) #5727 00:18
    в) связь с командой 01:46
    г) отчётность 00:09
    д) analysis 00:32
    е) документация 00:07
    ё) rails book 00:26"
2025-05-12,plan,2025-05-12T11:52:19+04:00,"План на день 12.05
1. Domcap: 
    а) #5609
    б) #5727
    в) #5606
    г) отчётность
    д) analysis
    е) документация
    ё) rails book
    ж) связь с командой"
2025-05-12,result,2025-05-12T21:10:15+04:00,"Итог на день 12.05
1. Domcap: 08:38
    а) #5609 01:18
    б) #5727 05:14
    в) связь с командой 00:26
    г) отчётность 00:11
    д) analysis 00:39
    е) документация 00:09
    ё) rails book 00:39"
2025-05-13,plan,2025-05-13T14:06:36+04:00,"План на день 13.05
1. Domcap: 
    а) #5609
    б) #5606
    в) связь с командой
    г) отчётность
    д) analysis
    е) документация
    ё) rails book"
2025-05-13,result,2025-05-13T20:07:09+04:00,"Итог на день 13.05
1. Domcap: 09:09
    а) #5609 04:43
    б) #5606 03:18
    в) rails book 00:25
    г) отчётность 00:09
    д) analysis 00:32"
2025-05-14,plan,2025-05-14T16:54:20+04:00,"План на день 14.05
1. Domcap: 
    а) #5609
    б) #5606
    в) связь с командой
    г) отчётность
    д) analysis
    е) документация
    ё) rails book"
2025-05-14,result,2025-05-14T21:20:02+04:00,"Итог на день 14.05
1. Domcap: 10:33
    а) #5609 06:30
    б) #5606 01:13
    в) связь с командой 01:21
    г) отчётность 00:10
    д) analysis 00:36
    е) документация 00:07
    ё) rails book 00:32"
2025-05-15,plan,2025-05-15T20:26:58+04:00,"План на день 15.05
1. Domcap: 
    а) #5609
    б) #5863
    в) связь с командой
    г) отчётность
    д) analysis
    е) документация
    ё) rails book"
2025-05-15,result,2025-05-15T20:27:10+04:00,"Итог на день 15.05
1. Domcap: 09:03
    а) #5609 06:21
    б) rails book 01:23
    в) связь с командой 00:26
    г) отчётность 00:09
    д) analysis 00:32
    е) документация 00:09"
2025-05-16,plan,2025-05-16T12:26:43+04:00,"План на день 16.05
1. Domcap: 
    а) #5609
    б) #5863
    в) связь с командой
    г) отчётность
    д) analysis
    е) документация
    ё) rails book"
2025-05-16,result,2025-05-16T20:51:44+04:00,"Итог на день 16.05
1. Domcap: 09:08
    а) #5609 07:17
    б) rails book 00:26
    в) связь с командой 00:16
    г) отчётность 00:07
    д) analysis 00:47
    е) документация 00:08"
2025-05-17,plan,2025-05-17T11:24:28+04:00,"План на день 17.05
1. Domcap: 
    а) #5609
    б) #5863
    в) связь с командой
    г) отчётность
    д) analysis
    е) документация
    ё) rails book"
2025-05-17,result,2025-05-17T19:30:01+04:00,"Итог на день 17.05
1. Domcap: 09:15
    а) #5609 06:07
    б) #5863 01:40
    в) rails book 00:32
    г) отчётность 00:11
    д) analysis 00:35
    е) документация 00:08"
2025-05-18,plan,2025-05-18T11:22:31+04:00,"План на день 18.05
1. Domcap: 
    а) #5606
    б) #5757
    в) rails book
    г) отчётность
    д) analysis
    е) документация"
2025-05-18,result,2025-05-18T20:00:57+04:00,"Итог на день 18.05
1. Domcap: 09:08
    а) #5606 03:33
    б) #5757 03:32
    в) #5990 00:36
    г) отчётность 00:10
    д) analysis 00:37
    е) документация 00:08
    ё) rails book 00:29"
2025-05-19,plan,2025-05-19T10:32:30+04:00,"План на день 19.05
1. Domcap: 
    а) #5606
    б) #5757
    в) #5942
    г) отчётность
    д) analysis
    е) документация
    ё) rails book"
2025-05-19,result,2025-05-19T20:27:22+04:00,"Итог на день 19.05
1. Domcap: 09:10
    а) #5606 03:34
    б) #5942 03:52
    в) связь с командой 00:32
    г) отчётность 00:09
    д) analysis 00:29
    е) документация 00:09
    ё) rails book 00:24"
2025-05-20,plan,2025-05-20T11:15:55+04:00,"План на день 20.05
1. Domcap: 
    а) #5606
    б) #5609
    в) #5942
    г) #5757
    д) analysis
    е) документация
    ё) rails book
    ж) связь с командой
    з) review
    и) отчётность"
2025-05-20,result,2025-05-20T19:56:32+04:00,"Итог на день 20.05
1. Domcap: 09:09
    а) #5606 01:38
    б) #5609 02:34
    в) #5942 02:40
    г) #5757 00:28
    д) analysis 00:27
    е) документация 00:07
    ё) rails book 00:46
    ж) связь с командой 00:19
    з) отчётность 00:08"
2025-05-21,plan,2025-05-21T09:49:47+04:00,"План на день 21.05
1. Domcap: 
    а) #5606
    б) #5609
    в) отчётность
    г) связь с командой
    д) analysis
    е) документация
    ё) rails book"
2025-05-21,result,2025-05-21T19:57:42+04:00,"Итог на день 21.05
1. Domcap: 09:01
    а) #5606 00:58
    б) #5609 03:36
    в) #5995 02:16
    г) связь с командой 00:33
    д) analysis 00:29
    е) документация 00:07
    ё) rails book 00:50
    ж) отчётность 00:09"
2025-05-22,plan,2025-05-22T20:28:53+04:00,"План на день 22.05
1. Domcap: 
    а) #5606
    б) #5609
    в) #5687
    г) связь с командой
    д) analysis
    е) документация
    ё) rails book
    ж) отчётность"
2025-05-22,result,2025-05-22T20:29:01+04:00,"Итог на день 22.05
1. Domcap: 08:42
    а) #5606 02:10
    б) #5609 02:05
    в) #5687 02:08
    г) связь с командой 00:32
    д) analysis 00:36
    е) документация 00:08
    ё) rails book 00:52
    ж) отчётность 00:09"
2025-05-23,plan,2025-05-23T19:18:16+04:00,"План на день 23.05
1. Domcap: 
    а) #5606
    б) #5987
    в) #5999
    г) связь с командой
    д) analysis
    е) документация
    ё) rails book
    ж) отчётность"
2025-05-23,result,2025-05-23T19:18:26+04:00,"Итог на день 23.05
1. Domcap: 08:34
    а) #5606 06:37
    б) отчётность 00:12
    в) rails book 00:20
    г) связь с командой 00:43
    д) analysis 00:32
    е) документация 00:08"
2025-05-24,plan,2025-05-24T09:11:32+04:00,"План на день 24.05
1. Domcap: 
    а) #5606
    б) #5987
    в) #5999
    г) #5488
    д) analysis
    е) документация
    ё) rails book
    ж) отчётность"
2025-05-24,result,2025-05-24T19:55:06+04:00,"Итог на день 24.05
1. Domcap: 09:28
    а) #5606 03:45
    б) #5987 01:26
    в) #5999 02:20
    г) #5488 00:28
    д) analysis 00:37
    е) документация 00:08
    ё) rails book 00:32
    ж) отчётность 00:08"
2025-05-25,plan,2025-05-25T10:10:00+04:00,"План на день 25.05
1. Domcap: 
    а) #5987
    б) отчётность
    в) rails book
    г) документация
    д) analysis"
2025-05-25,result,2025-05-25T18:49:19+04:00,"Итог на день 25.05
1. Domcap: 08:35
    а) #5987 07:28
    б) отчётность 00:10
    в) rails book 00:19
    г) документация 00:08
    д) analysis 00:28"
2025-05-26,plan,2025-05-26T10:47:07+04:00,"План на день 26.05
1. Domcap: 
    а) #5987
    б) отчётность
    в) rails book
    г) документация
    д) analysis"
2025-05-26,result,2025-05-26T19:21:08+04:00,"Итог на день 26.05
1. Domcap: 08:37
    а) #5987 07:02
    б) отчётность 00:09
    в) rails book 00:51
    г) документация 00:08
    д) analysis 00:25"
2025-05-27,plan,2025-05-27T11:06:56+04:00,"План на день 27.05
1. Domcap: 
    а) #5987
    б) отчётность
    в) rails book
    г) документация
    д) analysis"
2025-05-27,result,2025-05-27T19:44:43+04:00,"Итог на день 27.05
1. Domcap: 08:06
    а) #5987 07:08
    б) отчётность 00:07
    в) rails book 00:16
    г) документация 00:09
    д) analysis 00:29"
2025-05-28,plan,2025-05-28T13:01:31+04:00,"План на день 28.05
1. Domcap: 
    а) #5987
    б) отчётность
    в) rails book
    г) документация
    д) analysis
    е) связь с командой"
2025-05-28,result,2025-05-29T11:20:30+04:00,"Итог на день 28.05
1. Domcap: 08:18
    а) #5987 05:15
    б) отчётность 00:08
    в) rails book 00:56
    г) документация 00:07
    д) analysis 00:45
    е) связь с командой 01:24"
2025-05-29,plan,2025-05-29T11:20:41+04:00,"План на день 29.05
1. Domcap: 
    а) #5987
    б) отчётность
    в) rails book
    г) документация
    д) analysis
    е) связь с командой"
2025-05-29,result,2025-05-29T20:06:44+04:00,"Итог на день 29.05
1. Domcap: 09:00
    а) #5987 06:31
    б) отчётность 00:12
    в) rails book 00:51
    г) документация 00:06
    д) analysis 00:37
    е) связь с командой 00:40"
2025-05-30,plan,2025-05-30T15:16:03+04:00,"План на день 30.05
1. Domcap: 
    а) #5987
    б) #5606
    в) #5687
    г) документация
    д) analysis
    е) связь с командой
    ё) отчётность
    ж) rails book"
2025-05-30,result,2025-05-30T19:01:49+04:00,"Итог на день 30.05
1. Domcap: 09:02
    а) #5987 04:47
    б) #5606 00:51
    в) #5687 01:37
    г) документация 00:07
    д) analysis 00:32
    е) связь с командой 00:19
    ё) отчётность 00:12
    ж) rails book 00:33"
2025-05-31,plan,2025-05-31T09:05:49+04:00,"План на день 31.05
1. Domcap: 
    а) #5987
    б) rails book
    в) отчётность
    г) документация
    д) analysis"
2025-05-31,result,2025-05-31T20:30:25+04:00,"Итог на день 31.05
1. Domcap: 08:18
    а) #5987 05:58
    б) #6024 00:15
    в) отчётность 00:13
    г) документация 00:08
    д) analysis 00:32
    е) rails book 01:11"
2025-06-01,plan,2025-06-01T10:16:47+04:00,"План на день 01.06
1. Domcap: 
    а) #5987
    б) #6024
    в) отчётность
    г) документация
    д) analysis
    ё) rails book"
2025-06-01,result,2025-06-01T19:49:01+04:00,"Итог на день 01.06
1. Domcap: 09:38
    а) #5987 07:43
    б) rails book 00:58
    в) отчётность 00:16
    г) документация 00:09
    д) analysis 00:29"
2025-06-02,plan,2025-06-02T10:47:26+04:00,"План на день 02.06
1. Domcap: 
    а) #5987
    б) #6024
    в) отчётность
    г) документация
    д) analysis
    ё) rails book"
2025-06-02,result,2025-06-02T19:02:55+04:00,"Итог на день 02.06
1. Domcap: 09:36
    а) #5987 07:46
    б) связь с командой 00:28
    в) отчётность 00:23
    г) документация 00:08
    д) analysis 00:26
    ё) rails book 00:22"
2025-06-03,plan,2025-06-03T19:34:04+04:00,"План на день 03.06
1. Domcap: 
    а) #5987
    б) #6024
    в) #5999
    г) #5863
    д) #5694
    ё) rails book
    ж) связь с командой
    з) отчётность
    и) документация
    й) analysis"
2025-06-04,result,2025-06-03T19:34:14+04:00,"Итог на день 04.06
1. Domcap: 09:32
    а) #5987 05:24
    б) review 01:04
    в) #5999 00:25
    г) #5863 00:34
    д) #5694 00:18
    ё) rails book 00:53
    ж) analysis 00:35
    з) отчётность 00:08
    и) документация 00:08"
2025-06-04,plan,2025-06-04T11:01:38+04:00,"План на день 04.06
1. Domcap: 
    а) #6002
    б) #5694
    в) analysis 
    г) документация
    д) отчётность
    ё) rails book
    ж) связь с командой"
2025-06-04,result,2025-06-04T18:52:12+04:00,"Итог на день 04.06
1. Domcap: 09:35
    а) #6002 05:54
    б) #5694 01:56
    в) analysis 00:50
    г) документация 00:09
    д) отчётность 00:12
    ё) rails book 00:21
    ж) связь с командой 00:10"
2025-06-05,plan,2025-06-05T10:55:54+04:00,"План на день 05.06
1. Domcap: 
    а) #5488
    б) #6036
    в) analysis 
    г) документация
    д) отчётность
    ё) rails book
    ж) связь с командой"
2025-06-05,result,2025-06-05T19:08:22+04:00,"Итог на день 05.06
1. Domcap: 09:33
    а) #5488 04:59
    б) #6036 01:47
    в) analysis 00:51
    г) документация 00:07
    д) отчётность 00:10
    ё) rails book 00:55
    ж) связь с командой 00:37"
2025-06-06,plan,2025-06-06T11:37:36+04:00,"План на день 06.06
1. Domcap: 
    а) #6040
    б) связь с командой
    в) analysis 
    г) документация
    д) отчётность
    ё) rails book"
2025-06-06,result,2025-06-06T19:26:55+04:00,"Итог на день 06.06
1. Domcap: 09:13
    а) #6040 07:13
    б) связь с командой 00:18
    в) analysis 00:38
    г) документация 00:09
    д) отчётность 00:08
    ё) rails book 00:45"
2025-06-07,plan,2025-06-07T10:52:36+04:00,"План на день 07.06
1. Domcap: 
    а) #6040
    б) #5687
    в) analysis 
    г) документация
    д) отчётность
    ё) rails book
    ж) связь с командой"
2025-06-07,result,2025-06-07T19:28:44+04:00,"Итог на день 07.06
1. Domcap: 09:41
    а) #6040 02:33
    б) #6024 05:04 
    в) analysis 00:33
    г) документация 00:08
    д) отчётность 00:08
    ё) rails book 00:53
    ж) связь с командой 00:20"
2025-06-08,plan,2025-06-08T10:00:09+04:00,"План на день 08.06
1. Domcap: 
    а) #6040
    б) #5687
    в) analysis 
    г) документация
    д) отчётность
    ё) rails book"
2025-06-08,result,2025-06-08T20:18:01+04:00,"Итог на день 08.06
1. Domcap: 09:33
    а) #6040 05:42
    б) #5687 02:11
    в) analysis 00:37
    г) документация 00:09
    д) отчётность 00:09
    ё) rails book 00:42"
2025-06-09,plan,2025-06-09T09:33:00+04:00,"План на день 09.06
1. Domcap: 
    а) #6040
    б) #6045
    в) analysis 
    г) документация
    д) отчётность
    ё) rails book
    ж) связь с командой"
2025-06-09,result,2025-06-09T20:27:32+04:00,"Итог на день 09.06
1. Domcap: 09:35
    а) #6040 04:13
    б) #6045 03:28
    в) analysis 00:29
    г) документация 00:08
    д) отчётность 00:09
    ё) rails book 00:46
    ж) связь с командой 00:19"
2025-06-10,plan,2025-06-10T10:28:23+04:00,"План на день 10.06
1. Domcap: 
    а) #6040
    б) #6043
    в) analysis 
    г) документация
    д) отчётность
    ё) rails book"
2025-06-10,result,2025-06-10T21:48:49+04:00,"Итог на день 10.06
1. Domcap: 09:06
    а) #6040 03:37
    б) #6043 03:17
    в) #6003 00:48
    г) документация 0:09
    д) отчётность 00:10
    ё) rails book 00:38
    ж) analysis 00:25"
2025-06-11,plan,2025-06-11T19:27:02+04:00,"План на день 11.06
1. Domcap: 
    а) #6040
    б) связь с командой
    в) analysis 
    г) документация
    д) отчётность
    ё) rails book"
2025-06-11,result,2025-06-11T19:27:09+04:00,"Итог на день 11.06
1. Domcap: 09:28
    а) #6040 07:41
    б) связь с командой 00:17
    в) analysis 00:28
    г) документация 00:08
    д) отчётность 00:08
    ё) rails book 00:49"
2025-06-12,plan,2025-06-12T19:40:52+04:00,"План на день 12.06
1. Domcap: 
    а) #6040
    б) связь с командой
    в) analysis 
    г) документация
    д) отчётность
    ё) rails book"
2025-06-12,result,2025-06-12T19:43:47+04:00,"Итог на день 12.06
1. Domcap: 09:40
    а) #6040 08:02
    б) связь с командой 00:34
    в) analysis 00:26
    г) отчётность 00:10
    д) rails book 00:25"
2025-06-13,plan,2025-06-13T13:19:00+04:00,"План на день 13.06
1. Domcap: 
    а) #6040
    б) связь с командой
    в) analysis 
    г) документация
    д) отчётность
    ё) rails book"
2025-06-13,result,2025-06-13T18:58:17+04:00,"Итог на день 13.06
1. Domcap: 09:40
    а) #6040 07:58
    б) связь с командой 00:25
    в) analysis 00:34
    г) документация 00:08
    д) отчётность 00:09
    ё) rails book 00:25"
2025-06-14,plan,2025-06-14T10:48:52+04:00,"План на день 14.06
1. Domcap: 
    а) #6040
    б) rails book
    в) analysis 
    г) документация
    д) отчётность"
2025-06-14,result,2025-06-14T19:44:04+04:00,"Итог на день 14.06
1. Domcap: 09:15
    а) #6040 07:53
    б) rails book 00:25
    в) analysis 00:38
    г) документация 00:10
    д) отчётность 00:08"
2025-06-15,plan,2025-06-15T11:39:46+04:00,"План на день 15.06
1. Domcap: 
    а) #6040
    б) rails book
    в) analysis 
    г) документация
    д) отчётность"
2025-06-15,result,2025-06-15T18:54:19+04:00,"Итог на день 15.06
1. Domcap: 09:25
    а) #6040 08:13
    б) rails book 00:26
    в) analysis 00:28
    г) документация 00:09
    д) отчётность 00:08"
2025-06-16,plan,2025-06-16T10:31:41+04:00,"План на день 16.06
1. Domcap: 
    а) #6040
    б) #6070
    в) analysis 
    г) документация
    д) отчётность
    ё) связь с командой
    ж) rails book"
2025-06-16,result,2025-06-16T19:12:23+04:00,"Итог на день 16.06
1. Domcap: 09:45
    а) #6040 07:24
    б) #6070 00:18
    в) analysis 00:26
    г) документация 00:09
    д) отчётность 00:10
    ё) связь с командой 00:44
    ж) rails book 00:31"
2025-06-17,plan,2025-06-17T09:41:28+04:00,"План на день 17.06
1. Domcap: 
    а) #5606
    б) #6070
    в) analysis 
    г) документация
    д) отчётность
    ё) rails book"
2025-06-17,result,2025-06-17T19:57:54+04:00,"Итог на день 17.06
1. Domcap: 09:17
    а) #5606 01:18
    б) #6070 05:18
    в) analysis 00:26
    г) документация 00:09
    д) отчётность 00:08
    ё) rails book 01:55"
2025-06-18,plan,2025-06-18T10:58:34+04:00,"План на день 18.06
1. Domcap: 
    а) #5606
    б) #5863
    в) #5942
    г) документация
    д) отчётность
    ё) rails book
    ж) связь с командой
    з) analysis"
2025-06-18,result,2025-06-19T09:34:16+04:00,"Итог на день 18.06
1. Domcap: 09:59
    а) #5606 04:40
    б) #5863 00:34
    в) #5942 01:27
    г) документация 00:10
    д) отчётность 00:05
    ё) rails book 00:49
    ж) связь с командой 01:42
    з) analysis 00:29"
2025-06-19,plan,2025-06-20T10:41:56+04:00,"План на день 19.06
1. Domcap: 
    а) #5606
    б) #5863
    в) analysis 
    г) документация
    д) отчётность
    ё) rails book
    ж) связь с командой"
2025-06-19,result,2025-06-20T10:42:05+04:00,"Итог на день 19.06
1. Domcap: 10:08
    а) #5606 05:33
    б) #5863 01:24
    в) analysis 00:28
    г) связь с командой 01:21
    д) отчётность 00:10
    ё) rails book 01:10"
2025-06-20,plan,2025-06-20T11:09:49+04:00,"План на день 20.06
1. Domcap: 
    а) #6092 
    б) #5863
    в) analysis 
    г) документация
    д) отчётность
    ё) rails book
    ж) связь с командой"
2025-06-20,result,2025-06-20T19:55:19+04:00,"Итог на день 20.06
1. Domcap: 09:36
    а) #6092 06:30
    б) #5863 01:44
    в) analysis 00:24
    г) документация 00:08
    д) отчётность 00:10
    ё) rails book 00:23
    ж) связь с командой 00:14"
2025-06-21,plan,2025-06-21T11:00:10+04:00,"План на день 21.06
1. Domcap: 
    а) #6092 
    б) rails book
    в) analysis 
    г) документация
    д) отчётность"
2025-06-21,result,2025-06-22T10:39:15+04:00,"Итог на день 21.06
1. Domcap: 09:08
    а) #6092 07:50
    б) rails book 00:30
    в) analysis 00:36
    г) документация 00:07
    д) отчётность 00:03"
2025-06-22,plan,2025-06-22T20:48:15+04:00,"План на день 22.06
1. Domcap: 
    а) #6092 
    б) rails book
    в) analysis 
    г) документация
    д) отчётность"
2025-06-22,result,2025-06-22T20:49:35+04:00,"Итог на день 22.06
1. Domcap: 09:22
    а) #6092 06:19
    б) rails book 02:12
    в) analysis 00:30
    г) документация 00:08
    д) отчётность 00:12"
2025-06-23,plan,2025-06-23T10:20:56+04:00,"План на день 23.06
1. Domcap: 
    а) #6092 
    б) #5982
    в) analysis 
    г) документация
    д) отчётность
    ё) rails book
    ж) связь с командой"
2025-06-23,result,2025-06-24T09:52:06+04:00,"Итог на день 23.06
1. Domcap: 09:36
    а) #6092 04:30
    б) #5982 02:58
    в) #6084 00:34
    г) документация 00:09
    д) отчётность 00:08
    ё) rails book 00:21
    ж) связь с командой 00:24
    з) analysis 00:27"
2025-06-24,plan,2025-06-25T11:05:16+04:00,"План на день 24.06
1. Domcap: 
    а) #6092 
    б) #5982
    в) analysis
    г) документация
    д) отчётность
    ё) rails book
    ж) связь с командой"
2025-06-24,result,2025-06-25T11:07:08+04:00,"Итог на день 24.06
1. Domcap: 08:13
    а) #6092 06:21
    б) analysis 00:32
    в) rails book 01:02
    г) документация 00:09
    д) отчётность 00:08"
2025-06-25,plan,2025-06-25T11:42:54+04:00,"План на день 25.06
1. Domcap: 
    а) #5982
    б) #6105
    в) analysis 
    г) документация
    д) отчётность
    ё) rails book
    ж) связь с командой"
2025-06-25,result,2025-06-26T11:02:03+04:00,"Итог на день 25.06
1. Domcap: 08:48
    а) #5982 07:11
    б) связь с командой 00:20
    в) analysis 00:34
    г) документация 00:09
    д) отчётность 00:12
    ё) rails book 00:21"
2025-06-26,plan,2025-06-26T11:02:11+04:00,"План на день 26.06
1. Domcap: 
    а) #5982
    б) #6105
    в) analysis 
    г) документация
    д) отчётность
    ё) rails book
    ж) связь с командой"
2025-06-26,result,2025-06-26T19:18:06+04:00,"Итог на день 26.06
1. Domcap: 08:03
    а) #5982 06:34
    б) связь с командой 00:23
    в) analysis 00:30
    г) документация 00:09
    д) отчётность 00:08
    ё) rails book 00:16"
2025-06-27,plan,2025-06-27T10:48:03+04:00,"План на день 27.06
1. Domcap: 
    а) #5982
    б) #6105
    в) #6084
    г) документация
    д) отчётность
    ё) rails book
    ж) связь с командой
    з) analysis"
2025-06-27,result,2025-06-27T19:17:24+04:00,"Итог на день 27.06
1. Domcap: 08:20
    а) #5982 06:25
    б) analysis 00:29
    в) связь с командой 00:48
    г) документация 00:08
    д) отчётность 00:11
    ё) rails book 00:16"
2025-06-28,plan,2025-06-28T12:00:46+04:00,"План на день 28.06
1. Domcap: 
    а) #6084
    б) #6105
    в) analysis 
    г) документация
    д) отчётность
    ё) rails book"
2025-06-28,result,2025-06-28T19:34:23+04:00,"Итог на день 28.06
1. Domcap: 07:56
    а) #6084 03:22
    б) #6105 02:21
    в) analysis 00:39
    г) документация 00:07
    д) отчётность 00:07
    ё) rails book 01:18"
2025-06-29,plan,2025-06-29T18:53:11+04:00,"План на день 29.06
1. Domcap: 
    а) #5606
    б) #6060
    в) analysis 
    г) документация
    д) отчётность
    ё) rails book"
2025-06-29,result,2025-06-29T18:53:18+04:00,"Итог на день 29.06
1. Domcap: 09:04
    а) #5606 06:22
    б) #6060 00:53
    в) analysis 00:37
    г) документация 00:09
    д) отчётность 00:09
    ё) rails book 00:50"
2025-06-30,plan,2025-06-30T11:41:07+04:00,"План на день 30.06
1. Domcap: 
    а) #6060
    б) #6084
    в) analysis 
    г) документация
    д) отчётность
    ё) rails book"
2025-06-30,result,2025-06-30T18:58:11+04:00,"Итог на день 30.06
1. Domcap: 09:06
    а) #6060 06:38
    б) #6084 00:26
    в) analysis 00:38
    г) документация 00:09
    д) отчётность 00:11
    ё) rails book 00:22
    ж) связь с командой 00:39"
2025-07-01,plan,2025-07-01T10:48:17+04:00,"План на день 01.07
1. Domcap: 
    а) #6060
    б) #5606
    в) analysis 
    г) документация
    д) отчётность
    ё) rails book"
2025-07-01,result,2025-07-01T19:56:44+04:00,"Итог на день 01.07
1. Domcap: 09:24
    а) #6060 07:21
    б) rails book 00:48
    в) analysis 00:38
    г) документация 00:09
    д) отчётность 00:27"
2025-07-02,plan,2025-07-02T09:37:30+04:00,"План на день 02.07
1. Domcap: 
    а) #5606
    б) #6112
    в) #6084
    г) документация
    д) отчётность
    ё) rails book
    ж) связь с командой
    з) analysis"
2025-07-02,result,2025-07-02T18:36:28+04:00,"Итог на день 02.07
1. Domcap: 09:22
    а) #5606 05:59
    б) #6112 00:41
    в) #6084 00:23
    г) analysis 00:40
    д) отчётность 00:27
    ё) rails book 00:34
    ж) связь с командой 00:36"
2025-07-03,plan,2025-07-03T08:40:15+04:00,"План на день 03.07
1. Domcap: 
    а) #5606
    б) analysis
    в) связь с командой
    г) документация
    д) отчётность
    ё) rails book"
2025-07-03,result,2025-07-03T18:52:55+04:00,"Итог на день 03.07
1. Domcap: 09:14
    а) #5606 07:41
    б) analysis 00:32
    в) связь с командой 00:18
    г) документация 00:09
    д) отчётность 00:09
    ё) rails book 00:23"
2025-07-04,plan,2025-07-04T18:26:25+04:00,"План на день 04.07
1. Domcap: 
    а) #5606
    б) analysis
    в) связь с командой
    г) документация
    д) отчётность
    ё) rails book"
2025-07-04,result,2025-07-04T18:26:34+04:00,"Итог на день 04.07
1. Domcap: 09:01
    а) #5606 07:46
    б) analysis 00:33
    в) rails book 00:21
    г) документация 00:09
    д) отчётность 00:09"
2025-07-05,plan,2025-07-05T09:57:50+04:00,"План на день 05.07
1. Domcap: 
    а) #5606
    б) analysis
    в) rails book
    г) документация
    д) отчётность"
2025-07-05,result,2025-07-05T17:48:50+04:00,"Итог на день 05.07
1. Domcap: 09:07
    а) #5606 07:55
    б) analysis 00:33
    в) rails book 00:21
    г) документация 00:08
    д) отчётность 00:09"
2025-07-06,plan,2025-07-06T07:47:28+04:00,"План на день 06.07
1. Domcap: 
    а) #5606
    б) #6061
    в) rails book
    г) документация
    д) отчётность
    ё) analysis"
2025-07-06,result,2025-07-06T20:01:40+04:00,"Итог на день 06.07
1. Domcap: 09:04
    а) #5606 07:30
    б) analysis 00:17
    в) rails book 00:57
    г) документация 00:09
    д) отчётность 00:10"
2025-07-07,plan,2025-07-07T10:30:50+04:00,"План на день 07.07
1. Domcap: 
    а) #5606
    б) #6061
    в) rails book
    г) документация
    д) отчётность
    е) analysis"
2025-07-07,result,2025-07-07T19:19:41+04:00,"Итог на день 07.07
1. Domcap: 08:43
    а) #5606 02:56
    б) #6061 02:29
    в) #6134 01:01
    г) документация 00:09
    д) отчётность 00:11
    е) analysis 00:24
    ё) rails book 01:06
    ж) связь с командой 00:23"
2025-07-08,plan,2025-07-08T10:50:12+04:00,"План на день 08.07
1. Domcap: 
    а) #6136
    б) #6032
    в) rails book
    г) документация
    д) отчётность
    е) analysis"
2025-07-08,result,2025-07-08T19:31:13+04:00,"Итог на день 08.07
1. Domcap: 08:54
    а) #6136 07:14
    б) analysis 00:33
    в) rails book 00:47
    г) документация 00:09
    д) отчётность 00:09"
2025-07-09,plan,2025-07-09T11:32:52+04:00,"План на день 09.07
1. Domcap: 
    а) #6136
    б) #6138
    в) rails book
    г) документация
    д) отчётность
    е) analysis
    ё) связь с командой"
2025-07-09,result,2025-07-09T20:32:12+04:00,"Итог на день 09.07
1. Domcap: 09:12
    а) #6136 03:19
    б) #6138 02:58
    в) rails book 00:49
    г) документация 00:09
    д) отчётность 00:08
    е) analysis 00:47
    ё) связь с командой 00:59"
2025-07-10,plan,2025-07-10T09:35:12+04:00,"План на день 10.07
1. Domcap: 
    а) #6136
    б) #6138
    в) #6032 
    г) #6137
    д) отчётность
    е) analysis
    ё) связь с командой
    ж) rails book
    з)  документация"
2025-07-10,result,2025-07-10T21:12:07+04:00,"Итог на день 10.07
1. Domcap: 09:07
    а) #5606 04:32
    б) #6138 02:31
    в) #6137 00:36
    г) документация 00:08
    д) отчётность 00:12
    е) analysis 00:42
    ё) связь с командой 00:07
    ж) rails book 00:15"
2025-07-11,plan,2025-07-11T13:18:23+04:00,"План на день 11.07
1. Domcap: 
    а) #6141
    б) документация
    в) rails book
    г) связь с командой
    д) отчётность
    е) analysis"
2025-07-11,result,2025-07-11T20:52:32+04:00,"Итог на день 11.07
1. Domcap: 09:06
    а) #6141 06:20
    б) analysis 00:39
    в) rails book 00:52
    г) связь с командой 01:03
    д) отчётность 00:10"
2025-07-12,plan,2025-07-12T08:56:29+04:00,"План на день 12.07
1. Domcap: 
    а) #6141
    б) #5843
    в) rails book
    г) analysis
    д) отчётность
    е) документация"
2025-07-12,result,2025-07-12T20:18:19+04:00,"Итог на день 12.07
1. Domcap: 09:09
    а) #6141 06:28
    б) #5843 01:44
    в) rails book 00:16
    г) analysis 00:18
    д) отчётность 00:09
    е) документация 00:11"
2025-07-13,plan,2025-07-13T10:30:37+04:00,"План на день 13.07
1. Domcap: 
    а) #5843
    б) #6032
    в) rails book
    г) analysis
    д) отчётность
    е) документация"
2025-07-13,result,2025-07-13T20:43:11+04:00,"Итог на день 13.07
1. Domcap: 09:10
    а) #5843 06:40
    б) документация 00:11
    в) rails book 01:35
    г) analysis 00:32
    д) отчётность 00:10"
2025-07-14,plan,2025-07-14T13:41:33+04:00,"План на день 14.07
1. Domcap: 
    а) #5843
    б) связь с командой
    в) rails book
    г) analysis
    д) отчётность
    е) документация"
2025-07-14,result,2025-07-14T18:58:08+04:00,"Итог на день 14.07
1. Domcap: 08:38
    а) #5843 07:01
    б) связь с командой 00:19
    в) rails book 00:22
    г) analysis 00:37
    д) отчётность 00:08
    е) документация 00:09"
2025-07-15,plan,2025-07-15T11:04:00+04:00,"План на день 15.07
1. Domcap: 
    а) #5843
    б) документация
    в) rails book
    г) analysis
    д) отчётность"
2025-07-15,result,2025-07-15T19:20:45+04:00,"Итог на день 15.07
1. Domcap: 08:30
    а) #5843 07:12
    б) документация 00:08
    в) rails book 00:24
    г) analysis 00:34
    д) отчётность 00:08"
2025-07-16,plan,2025-07-16T11:06:09+04:00,"План на день 16.07
1. Domcap: 
    а) #5843
    б) документация
    в) rails book
    г) analysis
    д) отчётность
    е) связь с командой"
2025-07-16,result,2025-07-16T20:54:01+04:00,"Итог на день 16.07
1. Domcap: 09:03
    а) #5843 07:05
    б) документация 00:10
    в) rails book 00:23
    г) analysis 00:41
    д) отчётность 00:10
    е) связь с командой 00:32"
2025-07-17,plan,2025-07-17T12:35:10+04:00,"План на день 17.07
1. Domcap: 
    а) #5843
    б) документация
    в) rails book
    г) analysis
    д) отчётность
    е) связь с командой"
2025-07-17,result,2025-07-17T19:35:43+04:00,"Итог на день 17.07
1. Domcap: 08:56
    а) #5843 07:11
    б) документация 00:09
    в) rails book 00:23
    г) analysis 00:49
    д) отчётность 00:10
    е) связь с командой 00:11"
2025-07-18,plan,2025-07-18T10:33:21+04:00,"План на день 18.07
1. Domcap: 
    а) #5843
    б) #5606
    в) rails book
    г) analysis
    д) отчётность
    е) связь с командой
    ё) документация"
2025-07-18,result,2025-07-18T20:07:41+04:00,"Итог на день 18.07
1. Domcap: 08:12
    а) #5843 02:52
    б) #5606 03:01
    в) rails book 00:45
    г) analysis 00:36
    д) отчётность 00:09
    е) связь с командой 00:38
    ё) документация 00:08"
2025-07-19,plan,2025-07-19T10:57:37+04:00,"План на день 19.07
1. Domcap: 
    а) #5843
    б) документация
    в) rails book
    г) analysis
    д) отчётность"
2025-07-19,result,2025-07-19T19:40:25+04:00,"Итог на день 19.07
1. Domcap: 08:43
    а) #5843 07:29
    б) документация 00:09
    в) rails book 00:21
    г) analysis 00:34
    д) отчётность 00:08"
2025-07-20,plan,2025-07-20T11:40:54+04:00,"План на день 20.07
1. Domcap: 
    а) #5843
    б) #6141 
    в) #5216
    г) analysis
    д) отчётность
    е) документация
    ё) rails book"
2025-07-20,result,2025-07-20T20:04:59+04:00,"Итог на день 20.07
1. Domcap: 08:41
    а) #5843 03:52
    б) #6141 02:51
    в) rails book 00:59
    г) analysis 00:35
    д) отчётность 00:10
    е) документация 00:10"
2025-07-21,plan,2025-07-21T08:28:55+04:00,"План на день 21.07
1. Domcap: 
    а) #5606
    б) #6141 
    в) #5216
    г) analysis
    д) отчётность
    е) документация
    ё) rails book
    ж) связь с командой"
2025-07-21,result,2025-07-22T11:39:14+04:00,"Итог на день 21.07
1. Domcap: 08:49
    а) #5606 07:20
    б) связь с командой 00:17
    в) rails book 00:29
    г) analysis 00:19
    д) отчётность 00:10
    е) документация 00:10"
2025-07-22,plan,2025-07-22T11:39:21+04:00,"План на день 22.07
1. Domcap: 
    а) #6138
    б) #6141 
    в) #5216
    г) analysis
    д) отчётность
    е) документация
    ё) rails book
    ж) связь с командой"
2025-07-22,result,2025-07-22T20:37:47+04:00,"Итог на день 22.07
1. Domcap: 09:38
    а) #5843 04:11
    б) #6138 01:16
    в) #6141 02:03
    г) analysis 00:31
    д) отчётность 00:09
    е) документация 00:09
    ё) rails book 00:23
    ж) связь с командой 00:52"
2025-07-23,plan,2025-07-23T19:26:29+04:00,"План на день 23.07
1. Domcap: 
    а) #5216
    б) #6141 
    в) связь с командой
    г) analysis
    д) отчётность
    е) документация
    ё) rails book


Итог на день 23.07
1. Domcap: 08:36
    а) #5216 06:29
    б) #6141 00:12
    в) #5843 00:14
    г) analysis 00:37
    д) отчётность 00:08
    е) документация 00:10
    ё) rails book 00:17
    ж) связь с командой 00:26"
2025-07-24,plan,2025-07-24T12:01:05+04:00,"План на день 24.07
1. Domcap: 
    а) #5216
    б) #5843
    в) связь с командой
    г) analysis
    д) отчётность
    е) документация
    ё) rails book"
2025-07-24,result,2025-07-24T22:04:31+04:00,"Итог на день 24.07
1. Domcap: 09:04
    а) #5216 04:59
    б) #5843 02:07
    в) связь с командой 00:44
    г) analysis 00:35
    д) отчётность 00:09
    е) документация 00:08
    ё) rails book 00:21"
2025-07-25,plan,2025-07-25T12:46:05+04:00,"План на день 25.07
1. Domcap: 
    а) #5216
    б) #6138
    в) связь с командой
    г) analysis
    д) отчётность
    е) документация
    ё) rails book"
2025-07-25,result,2025-07-25T19:48:50+04:00,"Итог на день 25.07
1. Domcap: 09:26
    а) #5216 06:46
    б) #6138 00:59
    в) связь с командой 00:25
    г) analysis 00:34
    д) отчётность 00:09
    е) документация 00:09
    ё) rails book 00:21"
2025-07-26,plan,2025-07-26T12:27:02+04:00,"План на день 26.07
1. Domcap: 
    а) #5216
    б) #6141
    в) rails book
    г) analysis
    д) отчётность
    е) документация"
2025-07-26,result,2025-07-26T21:10:52+04:00,"Итог на день 26.07
1. Domcap: 08:42
    а) #6141 06:49
    б) документация 00:08
    в) rails book 01:03
    г) analysis 00:33
    д) отчётность 00:08"
2025-07-27,plan,2025-07-27T12:13:38+04:00,"План на день 27.07
1. Domcap: 
    а) #5216
    б) #6141
    в) rails book
    г) analysis
    д) отчётность
    е) документация"
2025-07-27,result,2025-07-27T19:29:06+04:00,"Итог на день 27.07
1. Domcap: 09:01
    а) #6141 07:42
    б) документация 00:08
    в) rails book 00:20
    г) analysis 00:39
    д) отчётность 00:09"
2025-07-28,plan,2025-07-28T13:11:56+04:00,"План на день 28.07
1. Domcap: 
    а) #5216
    б) #6141
    в) rails book
    г) analysis
    д) отчётность
    е) документация"
2025-07-28,result,2025-07-28T19:56:02+04:00,"Итог на день 28.07
1. Domcap: 09:03
    а) #5216 04:31
    б) #6141 02:55
    в) rails book 00:21
    г) analysis 00:39
    д) отчётность 00:08
    е) документация 00:10
    ё) связь с командой 00:16"
2025-07-29,plan,2025-07-29T13:05:13+04:00,"План на день 29.07
1. Domcap: 
    а) #5216
    б) связь с командой
    в) rails book
    г) analysis
    д) отчётность
    е) документация"
2025-07-29,result,2025-07-29T20:15:13+04:00,"Итог на день 29.07
1. Domcap: 09:25
    а) #5216 06:57
    б) связь с командой 01:15
    в) rails book 00:21
    г) analysis 00:29
    д) отчётность 00:09
    е) документация 00:11"
2025-07-30,plan,2025-07-30T11:41:06+04:00,"План на день 30.07
1. Domcap: 
    а) #5216
    б) #6190
    в) rails book
    г) analysis
    д) отчётность
    е) документация
    ё) связь с командой"
2025-07-30,result,2025-07-30T20:02:07+04:00,"Итог на день 30.07
1. Domcap: 09:10
    а) #5216 02:43
    б) #6190 04:36
    в) rails book 00:20
    г) analysis 00:31
    д) отчётность 00:08
    е) документация 00:10
    ё) связь с командой 00:39"
2025-07-31,plan,2025-07-31T13:30:47+04:00,"План на день 31.07
1. Domcap: 
    а) #5216
    б) #6185
    в) rails book
    г) analysis
    д) отчётность
    е) документация
    ё) связь с командой"
2025-07-31,result,2025-07-31T19:27:20+04:00,"Итог на день 31.07
1. Domcap: 09:10
    а) #5216 02:43
    б) #6185 03:05
    в) #6139 01:38
    г) analysis 00:44
    д) отчётность 00:11
    е) документация 00:10
    ё) связь с командой 00:15
    ж) rails book 00:19"
2025-08-01,plan,2025-08-01T19:25:11+04:00,"План на день 01.08
1. Domcap: 
    а) #5216
    б) #6185
    в) rails book
    г) analysis
    д) отчётность
    е) документация
    ё) связь с командой"
2025-08-01,result,2025-08-01T19:25:19+04:00,"Итог на день 01.08
1. Domcap: 09:02
    а) #5216 02:51
    б) #6185 02:50
    в) #5963 03:03
    г) analysis 00:37
    д) отчётность 00:15
    е) документация 00:10
    ё) связь с командой 00:33
    ж) rails book 00:41"
2025-08-02,plan,2025-08-02T11:29:29+04:00,"План на день 02.08
1. Domcap: 
    а) #6141
    б) #5606
    в) #5946
    г) analysis
    д) отчётность
    е) документация
    ё) rails book"
2025-08-02,result,2025-08-03T11:33:33+04:00,"Итог на день 02.08
1. Domcap: 08:54
    а) #6141 07:00
    б) rails book 00:37
    в) документация 00:09
    г) analysis 00:52
    д) отчётность 00:15"
2025-08-03,plan,2025-08-03T20:46:29+04:00,"План на день 03.08
1. Domcap: 
    а) #6141
    б) #5606
    в) #5946
    г) analysis
    д) отчётность
    е) документация
    ё) rails book"
2025-08-03,result,2025-08-03T20:46:39+04:00,"Итог на день 03.08
1. Domcap: 08:25
    а) #6141 07:11
    б) rails book 00:21
    в) документация 00:09
    г) analysis 00:33
    д) отчётность 00:09"
2025-08-04,plan,2025-08-04T11:59:12+04:00,"План на день 04.08
1. Domcap: 
    а) #6141
    б) #5606
    в) #5946
    г) analysis
    д) отчётность
    е) документация
    ё) rails book"
2025-08-04,result,2025-08-04T21:13:05+04:00,"Итог на день 04.08
1. Domcap: 08:44
    а) #6141 04:37
    б) #5606 00:57
    в) #5949 01:07
    г) analysis 00:38
    д) отчётность 00:08
    е) документация 00:09
    ё) rails book 00:34
    ж) связь с командой 00:30"
2025-08-05,plan,2025-08-05T13:24:37+04:00,"План на день 05.08
1. Domcap: 
    а) #5949
    б) #6200
    в) связь с командой
    г) analysis
    д) отчётность
    е) документация
    ё) rails book"
2025-08-05,result,2025-08-05T20:10:00+04:00,"Итог на день 05.08
1. Domcap: 08:38
    а) #5949 01:26
    б) #6139 05:12
    в) rails book 00:58
    г) analysis 00:39
    д) отчётность 00:10
    е) документация 00:10"
2025-08-06,plan,2025-08-06T12:13:08+04:00,"План на день 06.08
1. Domcap: 
    а) #6139
    б) #6209
    в) #6210
    г) analysis
    д) отчётность
    е) документация
    ё) rails book
    ж) связь с командой"
2025-08-06,result,2025-08-06T20:26:03+04:00,"Итог на день 06.08
1. Domcap: 08:51
    а) #6139 02:51
    б) #6209 00:32
    в) #6210 02:38
    г) #5843 00:37
    д) отчётность 00:08
    е) документация 00:09
    ё) rails book 00:24
    ж) связь с командой 00:48
    з)  analysis 00:41"
2025-08-07,plan,2025-08-07T13:39:08+04:00,"План на день 07.08
1. Domcap: 
    а) #6139
    б) документация
    в) rails book
    г) analysis
    д) отчётность"
2025-08-07,result,2025-08-07T20:11:13+04:00,"Итог на день 07.08
1. Domcap: 08:30
    а) #6139 06:28
    б) документация 00:11
    в) rails book 01:01
    г) analysis 00:39
    д) отчётность 00:09"
2025-08-08,plan,2025-08-08T20:32:09+04:00,"План на день 08.08
1. Domcap: 
    а) #6139
    б) документация
    в) rails book
    г) analysis
    д) отчётность"
2025-08-08,result,2025-08-08T20:32:15+04:00,"Итог на день 08.08
1. Domcap: 10:22
    а) #6139 08:52
    б) документация 00:08
    в) rails book 00:35
    г) analysis 00:36
    д) отчётность 00:09"
2025-08-09,plan,2025-08-09T10:03:09+04:00,"План на день 09.08
1. Domcap: 
    а) #6139
    б) документация
    в) rails book
    г) analysis
    д) отчётность"
2025-08-09,result,2025-08-09T17:50:41+04:00,"Итог на день 09.08
1. Domcap: 08:31
    а) #6139 07:15
    б) документация 00:09
    в) rails book 00:20
    г) analysis 00:38
    д) отчётность 00:08"
2025-08-10,plan,2025-08-10T12:41:00+04:00,"План на день 10.08
1. Domcap: 
    а) #6139
    б) #6200
    в) rails book
    г) analysis
    д) отчётность
    е) документация"
2025-08-10,result,2025-08-10T18:46:18+04:00,"Итог на день 10.08
1. Domcap: 08:37
    а) #6139 06:42
    б) #6200 00:25
    в) rails book 00:25
    г) analysis 00:45
    д) отчётность 00:10
    е) документация 00:08"
2025-08-11,plan,2025-08-11T10:23:43+04:00,"План на день 11.08
1. Domcap: 
    а) #6200
    б) связь с командой
    в) rails book
    г) analysis
    д) отчётность
    е) документация"
2025-08-11,result,2025-08-11T20:20:25+04:00,"Итог на день 11.08
1. Domcap: 08:49
    а) #6200 07:34
    б) документация 00:09
    в) rails book 00:22
    г) analysis 00:32
    д) отчётность 00:09"
2025-08-12,plan,2025-08-12T11:55:34+04:00,"План на день 12.08
1. Domcap: 
    а) #6200
    б) документация
    в) rails book
    г) analysis
    д) отчётность"
2025-08-12,result,2025-08-12T20:58:29+04:00,"Итог на день 12.08
1. Domcap: 09:34
    а) #6200 08:39
    б) документация 00:09
    в) rails book 00:20
    г) analysis 00:15
    д) отчётность 00:09"
2025-08-13,plan,2025-08-13T18:27:20+04:00,"План на день 13.08
1. Domcap: 
    а) #6200
    б) #6009
    в) rails book
    г) analysis
    д) отчётность
    е) документация"
2025-08-13,result,2025-08-13T19:39:32+04:00,"Итог на день 13.08
1. Domcap: 10:04
    а) #6200 06:48
    б) связь с командой 01:05
    в) rails book 00:25
    г) analysis 00:38
    д) отчётность 00:10
    е) документация 00:08
    е) review 00:52"
2025-08-14,plan,2025-08-14T19:36:09+04:00,"План на день 14.08
1. Domcap: 
    а) #6200
    б) #6009
    в) #6207
    г) #6213
    д) отчётность
    е) документация
    ё) связь с командой
    ж) rails book
    з) analysis"
2025-08-14,result,2025-08-14T19:36:17+04:00,"Итог на день 14.08
1. Domcap: 08:52
    а) #6200 04:43
    б) #6213 01:46
    в) analysis 00:52
    г) rails book 00:27
    д) отчётность 00:08
    е) документация 00:08
    ё) связь с командой 00:45"
2025-08-15,plan,2025-08-15T04:34:43+04:00,"План на день 15.08
1. Domcap: 
    а) #6207
    б) #6208
    в) analysis
    г) rails book
    д) отчётность
    е) документация
    ё) связь с командой
    ж) review"
2025-08-15,result,2025-08-15T20:23:17+04:00,"Итог на день 15.08
1. Domcap: 09:52
    а) #6233 03:58
    б) review 04:03
    в) analysis 00:36
    г) rails book 00:13
    д) отчётность 00:10
    е) документация 00:09
    ё) связь с командой 00:41"
2025-08-16,plan,2025-08-16T11:44:38+04:00,"План на день 16.08
1. Domcap: 
    а) #6233
    б) #6213
    в) #6139
    г) rails book
    д) отчётность
    е) документация
    ё) связь с командой
    ж) analysis"
2025-08-16,result,2025-08-17T10:56:54+04:00,"Итог на день 16.08
1. Domcap: 07:48
    а) #6233 04:03
    б) #6213 00:37
    в) #6139 00:55
    г) rails book 00:15
    д) отчётность 00:09
    е) документация 00:09
    ё) связь с командой 00:24
    ж) analysis 00:44
    з) review 00:27"
2025-08-17,plan,2025-08-17T10:57:02+04:00,"План на день 17.08
1. Domcap: 
    а) #6213
    б) analysis
    в) связь с командой
    г) rails book
    д) отчётность
    е) документация"
2025-08-17,result,2025-08-17T18:39:05+04:00,"Итог на день 17.08
1. Domcap: 08:01
    а) #6213 06:56
    б) analysis 00:36
    в) документация 00:08
    г) rails book 00:16
    д) отчётность 00:09"
2025-08-18,plan,2025-08-18T07:08:06+04:00,"План на день 18.08
1. Domcap: 
    а) #6213
    б) #6080
    в) #6240
    г) rails book
    д) отчётность
    е) документация
    е) analysis
    ё) связь с командой"
2025-08-18,result,2025-08-18T19:32:30+04:00,"Итог на день 18.08
1. Domcap: 10:13
    а) #6213 08:07
    б) связь с командой 00:51
    в) analysis 00:40
    г) rails book 00:15
    д) отчётность 00:10
    е) документация 00:09"
2025-08-19,plan,2025-08-20T11:44:45+04:00,"План на день 19.08
1. Domcap: 
    а) #6213
    б) #6080
    в) #6240
    г) rails book
    д) отчётность
    е) документация
    е) analysis
    ё) связь с командой
    ж) review"
2025-08-19,result,2025-08-20T11:44:53+04:00,"Итог на день 19.08
1. Domcap: 08:40
    а) #6213 01:31
    б) #6080 01:33
    в) review 03:13
    г) rails book 00:18
    д) отчётность 00:05
    е) документация 00:09
    е) analysis 00:47
    ё) связь с командой 01:01"
2025-08-20,plan,2025-08-20T11:45:23+04:00,"План на день 20.08
1. Domcap: 
    а) #6213
    б) #6080
    в) #6240
    г) rails book
    д) отчётность
    е) документация
    е) analysis
    ё) связь с командой
    ж) review"
2025-08-20,result,2025-08-20T19:45:27+04:00,"Итог на день 20.08
1. Domcap: 08:55
    а) #6252 03:54
    б) review 02:49
    в) связь с командой 01:20
    г) rails book 00:16
    д) отчётность 00:12
    е) документация 00:09
    е) analysis 00:13"
2025-08-21,plan,2025-08-21T06:32:13+04:00,"План на день 21.08
1. Domcap: 
    а) #6245
    б) review
    в) связь с командой
    г) rails book
    д) отчётность
    е) документация
    е) analysis"
2025-08-21,result,2025-08-22T11:36:13+04:00,"Итог на день 21.08
1. Domcap: 08:07
    а) #6245 06:03
    б) review 00:48
    в) связь с командой 00:19
    г) rails book 00:12
    д) отчётность 00:04
    е) документация 00:08
    е) analysis 00:33"
2025-08-22,plan,2025-08-22T19:10:34+04:00,"План на день 22.08
1. Domcap: 
    а) #6245
    б) #6018
    в) #6209
    г) rails book
    д) отчётность
    е) документация
    е) analysis
    ё) связь с командой"
2025-08-22,result,2025-08-22T19:11:59+04:00,"Итог на день 22.08
1. Domcap: 08:51
    а) #6245 03:03
    б) #6209 02:40
    в) связь с командой 01:23
    г) rails book 00:41
    д) отчётность 00:14
    е) документация 00:09
    е) analysis 00:38"
2025-08-23,plan,2025-08-23T12:01:54+04:00,"План на день 23.08
1. Domcap: 
    а) #6207
    б) #6018
    в) #6209
    г) rails book
    д) отчётность
    е) документация
    е) analysis"
2025-08-23,result,2025-08-23T20:58:09+04:00,"Итог на день 23.08
1. Domcap: 09:06
    а) #6207 01:02
    б) #6018 01:02
    в) #6209 00:43
    г) #6245 05:08
    д) отчётность 00:10
    е) документация 00:09
    е) analysis 00:37
    ё) rails book 00:11"
2025-08-24,plan,2025-08-24T11:32:37+04:00,"План на день 24.08
1. Domcap: 
    а) #6207
    б) #5466
    в) analysis
    г) rails book
    д) отчётность
    е) документация"
2025-08-24,result,2025-08-24T21:39:44+04:00,"Итог на день 24.08
1. Domcap: 07:37
    а) #6207 06:54
    б) документация 00:09
    в) analysis 00:33
    г) rails book 00:15
    д) отчётность 00:08"
2025-08-25,plan,2025-08-25T11:53:32+04:00,"План на день 25.08
1. Domcap: 
    а) #6207
    б) #5466
    в) #6261
    г) rails book
    д) отчётность
    е) документация
    ё) связь с командой
    ж) analysis"
2025-08-25,result,2025-08-25T21:06:52+04:00,"Итог на день 25.08
1. Domcap: 09:00
    а) #6207 04:55
    б) #5466 01:20
    в) #6261 00:39
    г) #6263 00:30
    д) отчётность 00:08
    е) документация 00:08
    ё) связь с командой 00:29
    ж) analysis 00:34
    з) rails book 00:12"
2025-08-26,plan,2025-08-26T12:27:59+04:00,"План на день 26.08
1. Domcap: 
    а) #6259
    б) #6261
    в) analysis
    г) rails book
    д) отчётность
    е) документация"
2025-08-26,result,2025-08-26T19:31:20+04:00,"Итог на день 26.08
1. Domcap: 09:45
    а) #6259 00:59
    б) #6261 03:46
    в) #6011 00:50
    г) #6269 01:42
    д) #6266 01:07
    е) документация 00:09
    ё) analysis 00:50
    ж) rails book 00:10
    з) отчётность 00:08"
2025-08-27,plan,2025-08-27T12:22:45+04:00,"План на день 27.08
1. Domcap: 
    а) #6259
    б) #5843
    в) analysis
    г) rails book
    д) отчётность
    е) документация
    ё) связь с командой
    ж) review"
2025-08-27,result,2025-08-27T21:13:06+04:00,"Итог на день 27.08
1. Domcap: 10:05
    а) #6259 04:50
    б) #6018 01:04
    в) analysis 00:43
    г) rails book 00:19
    д) отчётность 00:11
    е) документация 00:11
    ё) связь с командой 00:44
    ж) review 01:59"
2025-08-28,plan,2025-08-28T11:50:04+04:00,"План на день 28.08
1. Domcap: 
    а) #6264
    б) #6259
    в) analysis
    г) rails book
    д) отчётность
    е) документация
    ё) связь с командой"
2025-08-28,result,2025-08-28T19:14:11+04:00,"Итог на день 28.08
1. Domcap: 09:48
    а) #6264 04:03
    б) #6259 03:38
    в) analysis 00:42
    г) rails book 00:19
    д) отчётность 00:09
    е) документация 00:09
    ё) связь с командой 00:16
    ж) review 00:27"
2025-08-29,plan,2025-08-29T10:45:27+04:00,"План на день 29.08
1. Domcap: 
    а) #6264
    б) #6259
    в) #6265
    г) rails book
    д) отчётность
    е) документация
    ё) связь с командой
    ж) analysis"
2025-08-29,result,2025-08-29T19:17:24+04:00,"Итог на день 29.08
1. Domcap: 08:58
    а) #6264 01:45
    б) #6259 00:08
    в) #6265 05:06
    г) #6277 00:09
    д) отчётность 00:09
    е) документация 00:09
    ё) связь с командой 00:14
    ж) analysis 00:58
    з) rails book 00:16"
2025-08-30,plan,2025-08-30T11:25:50+04:00,"План на день 30.08
1. Domcap: 
    а) #6265
    б) analysis
    в) документация
    г) rails book
    д) отчётность"
2025-08-30,result,2025-08-30T21:47:02+04:00,"Итог на день 30.08
1. Domcap: 08:58
    а) #6265 08:00
    б) analysis 00:33
    в) отчётность 00:09
    г) rails book 00:14"
2025-08-31,plan,2025-08-31T12:22:18+04:00,"План на день 31.08
1. Domcap: 
    а) #6265
    б) analysis
    в) документация
    г) rails book
    д) отчётность"
2025-08-31,result,2025-08-31T20:20:36+04:00,"Итог на день 31.08
1. Domcap: 08:57
    а) #6265 07:39
    б) analysis 00:41
    в) документация 00:09
    г) rails book 00:17
    д) отчётность 00:09"
2025-09-01,plan,2025-09-01T09:53:34+04:00,"План на день 01.09
1. Domcap: 
    а) #6265
    б) #6278
    в) #6080
    г) rails book
    д) отчётность
    е) analysis
    ё) связь с командой
    ж) документация"
2025-09-01,result,2025-09-01T21:23:25+04:00,"Итог на день 01.09
1. Domcap: 09:02
    а) #6265 04:34
    б) #6278 00:53
    в) #6080 01:06
    г) #6281 01:10
    д) отчётность 00:23
    е) analysis 00:36
    ё) rails book 00:16"
2025-09-02,plan,2025-09-02T13:37:37+04:00,"План на день 02.09
1. Domcap: 
    а) #6026
    б) #6001
    в) документация
    г) rails book
    д) отчётность
    е) analysis"
2025-09-02,result,2025-09-02T21:53:10+04:00,"Итог на день 02.09
1. Domcap: 08:55
    а) #6026 06:32
    б) analysis 00:36
    в) документация 00:09
    г) rails book 01:16
    д) отчётность 00:21"
2025-09-03,plan,2025-09-03T13:21:07+04:00,"План на день 03.09
1. Domcap: 
    а) #6001
    б) #6204
    в) документация
    г) rails book
    д) отчётность
    е) analysis"
2025-09-03,result,2025-09-03T20:56:40+04:00,"Итог на день 03.09
1. Domcap: 09:05
    а) #6001 01:20
    б) #6204 03:31
    в) #6293 01:53
    г) rails book 00:43
    д) отчётность 00:08
    е) analysis 00:30
    ё) документация 00:08
    ж) связь с командой 00:53"
2025-09-04,plan,2025-09-04T14:23:12+04:00,"План на день 04.09
1. Domcap: 
    а) #6301
    б) #6001
    в) документация
    г) rails book
    д) отчётность
    е) analysis
    ё) связь с командой"
2025-09-04,result,2025-09-04T19:50:24+04:00,"Итог на день 04.09
1. Domcap: 09:13
    а) #6301 04:11
    б) #6001 02:46
    в) документация 00:08
    г) rails book 00:10
    д) отчётность 00:09
    е) analysis 00:41
    ё) связь с командой 00:31
    ж) review 00:33"
2025-09-05,plan,2025-09-05T14:16:01+04:00,"План на день 05.09
1. Domcap: 
    а) #6265
    б) #6141
    в) #6001
    г) #5963
    д) отчётность
    е) analysis
    ё) связь с командой
    ж) документация
    з) rails book"
2025-09-05,result,2025-09-05T20:01:47+04:00,"Итог на день 05.09
1. Domcap: 09:30
    а) #6265 01:31
    б) #6141 02:45
    в) #6310 00:53
    г) #5963 01:04
    д) отчётность 00:08
    е) analysis 00:39
    ё) связь с командой 01:06
    ж) документация 00:10
    з) rails book 01:16"
2025-09-06,plan,2025-09-06T14:35:36+04:00,"План на день 06.09
1. Domcap: 
    а) #6001
    б) #6310
    в) #6207
    г) документация
    д) отчётность
    е) analysis
    ё) rails book"
2025-09-06,result,2025-09-06T21:17:08+04:00,"Итог на день 06.09
1. Domcap: 08:41
    а) #6001 05:41
    б) #6310 00:11
    в) #6207 01:35
    г) документация 00:09
    д) отчётность 00:10
    е) analysis 00:34
    ё) rails book 00:18"
2025-09-07,plan,2025-09-07T12:01:42+04:00,"План на день 07.09
1. Domcap: 
    а) #6001
    б) rails book
    в) analysis
    г) документация
    д) отчётность"
2025-09-07,result,2025-09-08T08:10:31+04:00,"Итог на день 07.09
1. Domcap: 09:17
    а) #6001 06:24
    б) #5946 01:45
    в) analysis 00:32
    г) документация 00:09
    д) отчётность 00:09
    е) rails book 00:17"
2025-09-08,plan,2025-09-08T08:17:57+04:00,"План на день 08.09
1. Domcap: 
    а) #6001
    б) #5946
    в) analysis
    г) документация
    д) отчётность
    е) rails book
    ё) связь с командой"
2025-09-08,result,2025-09-08T20:58:02+04:00,"Итог на день 08.09
1. Domcap: 08:57
    а) #6001 06:37
    б) связь с командой 00:17
    в) analysis 00:32
    г) документация 00:09
    д) отчётность 00:08
    е) rails book 01:12"
2025-09-09,plan,2025-09-09T14:26:35+04:00,"План на день 09.09
1. Domcap: 
    а) #6001
    б) #5946
    в) analysis
    г) документация
    д) отчётность
    е) rails book
    ё) связь с командой"
2025-09-09,result,2025-09-10T10:55:14+04:00,"Итог на день 09.09
1. Domcap: 08:38
    а) #6001 06:52
    б) rails book 00:46
    в) analysis 00:39
    г) документация 00:09
    д) отчётность 00:10"
2025-09-10,plan,2025-09-10T10:55:20+04:00,"План на день 10.09
1. Domcap: 
    а) #6001
    б) #5946
    в) analysis
    г) документация
    д) отчётность
    е) rails book
    ё) связь с командой"
2025-09-10,result,2025-09-10T19:53:42+04:00,"Итог на день 10.09
1. Domcap: 08:55
    а) #6001 04:44
    б) #5946 02:34
    в) analysis 00:39
    г) документация 00:09
    д) отчётность 00:08
    е) rails book 00:13
    ё) связь с командой 00:25"
2025-09-11,plan,2025-09-11T06:09:55+04:00,"План на день 11.09
1. Domcap: 
    а) #6261
    б) #5946
    в) analysis
    г) документация
    д) отчётность
    е) rails book
    ё) связь с командой"
2025-09-11,result,2025-09-11T21:25:11+04:00,"Итог на день 11.09
1. Domcap: 10:59
    а) #6261 08:20
    б) связь с командой 00:38
    в) analysis 00:24
    г) документация 00:09
    д) отчётность 00:09
    е) rails book 01:01
    ё) review 00:16"
2025-09-12,plan,2025-09-12T14:45:50+04:00,"План на день 12.09
1. Domcap: 
    а) #6261
    б) #5946
    в) #6326
    г) #6318
    д) отчётность
    е) rails book
    ё) связь с командой
    ж) analysis 
    з) документация"
2025-09-12,result,2025-09-12T20:23:51+04:00,"Итог на день 12.09
1. Domcap: 08:50
    а) #6187 00:53
    б) #5946 03:17
    в) #6326 02:24
    г) документация 00:10
    д) отчётность 00:08
    е) rails book 00:11
    ё) связь с командой 01:06
    ж) analysis 00:37"
2025-09-13,plan,2025-09-13T13:06:46+04:00,"План на день 13.09
1. Domcap: 
    а) #6261
    б) #5946
    в) документация
    г) analysis
    д) отчётность
    е) rails book
    ё) review"
2025-09-13,result,2025-09-13T21:09:55+04:00,"Итог на день 13.09
1. Domcap: 08:26
    а) #5946 06:41
    б) review 00:18
    в) документация 00:08
    г) analysis 00:29
    д) отчётность 00:08
    е) rails book 00:39"
2025-09-14,plan,2025-09-14T13:37:05+04:00,"План на день 14.09
1. Domcap: 
    а) #6261
    б) #5946
    в) документация
    г) analysis
    д) отчётность
    е) rails book"
2025-09-14,result,2025-09-14T20:25:07+04:00,"Итог на день 14.09
1. Domcap: 08:35
    а) #5946 07:27
    б) rails book 00:13
    в) документация 00:09
    г) analysis 00:35
    д) отчётность 00:08"
2025-09-15,plan,2025-09-15T12:28:10+04:00,"План на день 15.09
1. Domcap: 
    а) #6261
    б) #5946
    в) документация
    г) analysis
    д) отчётность
    е) rails book"
2025-09-15,result,2025-09-15T20:00:54+04:00,"Итог на день 15.09
1. Domcap: 09:26
    а) #5946 07:14
    б) связь с командой 00:58
    в) документация 00:09
    г) analysis 00:40
    д) отчётность 00:08
    е) rails book 00:22"
2025-09-16,plan,2025-09-16T13:39:13+04:00,"План на день 16.09
1. Domcap: 
    а) #6261
    б) #5946
    в) документация
    г) analysis
    д) отчётность
    е) rails book
    ё) связь с командой"
2025-09-16,result,2025-09-16T21:08:11+04:00,"Итог на день 16.09
1. Domcap: 09:51
    а) #5946 05:46
    б) связь с командой 02:30
    в) документация 00:09
    г) analysis 00:46
    д) отчётность 00:09
    е) rails book 00:33"
2025-09-17,plan,2025-09-17T13:32:34+04:00,"План на день 17.09
1. Domcap: 
    а) #6261
    б) #5946
    в) #6241
    г) analysis
    д) отчётность
    е) rails book
    ё) связь с командой
    ж)  документация"
2025-09-17,result,2025-09-17T20:01:35+04:00,"Итог на день 17.09
1. Domcap: 08:47
    а) #6241 03:41
    б) #5946 03:12
    в) документация 00:08
    г) analysis 00:36
    д) отчётность 00:08
    е) rails book 00:57
    ё) связь с командой 00:19"
2025-09-18,result,2025-09-18T20:17:08+04:00,"Итог на день 18.09
1. Domcap: 09:04
    а) #5946 07:08
    б) документация 00:09
    в) связь с командой 00:43
    г) analysis 00:44
    д) отчётность 00:08
    е) rails book 00:09"
2025-09-19,plan,2025-09-19T11:11:50+04:00,"План на день 19.09
1. Domcap: 
    а) #6261
    б) #5946
    в) #6187
    г) #6344
    д) отчётность
    е) rails book
    ё) связь с командой
    ж) документация
    з) review
    и) analysis"
2025-09-19,result,2025-09-19T20:51:28+04:00,"Итог на день 19.09
1. Domcap: 09:02
    а) #6187 03:09
    б) #5946 03:53
    в) analysis 00:39
    г) документация 00:09
    д) отчётность 00:09
    е) rails book 00:51
    ё) связь с командой 00:11"
2025-09-20,plan,2025-09-20T08:47:36+04:00,"План на день 20.09
1. Domcap: 
    а) #6187
    б) analysis
    в) документация
    г) rails book
    д) отчётность"
2025-09-20,result,2025-09-20T22:25:23+04:00,"Итог на день 20.09
1. Domcap: 09:30
    а) #6187 07:50
    б) analysis 00:44
    в) документация 00:08
    г) rails book 00:37
    д) отчётность 00:09"
2025-09-21,plan,2025-09-21T11:49:02+04:00,"План на день 21.09
1. Domcap: 
    а) #6187
    б) analysis
    в) документация
    г) rails book
    д) отчётность"
2025-09-21,result,2025-09-21T21:54:44+04:00,"Итог на день 21.09
1. Domcap: 09:13
    а) #6187 07:33
    б) analysis 00:30
    в) документация 00:09
    г) rails book 00:47
    д) отчётность 00:07"
2025-09-22,plan,2025-09-22T11:35:00+04:00,"План на день 22.09
1. Domcap: 
    а) #6187
    б) analysis
    в) документация
    г) rails book
    д) отчётность"
2025-09-22,result,2025-09-22T20:41:37+04:00,"Итог на день 22.09
1. Domcap: 08:46
    а) #6187 06:39
    б) analysis 00:44
    в) документация 00:08
    г) rails book 00:36
    д) отчётность 00:10
    е) связь с командой 00:28"
2025-09-23,plan,2025-09-23T10:25:02+04:00,"План на день 23.09
1. Domcap: 
    а) #6187
    б) #5946
    в) документация
    г) rails book
    д) отчётность
    е) связь с командой
    ё) analysis"
2025-09-23,result,2025-09-23T22:23:15+04:00,"Итог на день 23.09
1. Domcap: 07:59
    а) #6187 04:21
    б) #5946 02:08
    в) документация 00:09
    г) rails book 00:49
    д) отчётность 00:08
    е) analysis 00:22"
2025-09-24,plan,2025-09-24T14:21:25+04:00,"План на день 24.09
1. Domcap: 
    а) #6187
    б) analysis
    в) документация
    г) rails book
    д) отчётность
    е) review"
2025-09-24,result,2025-09-24T21:28:37+04:00,"Итог на день 24.09
1. Domcap: 08:24
    а) #6187 05:59
    б) analysis 00:49
    в) документация 00:09
    г) rails book 00:42
    д) отчётность 00:08
    е) связь с командой 00:35"
2025-09-25,plan,2025-09-25T11:26:31+04:00,"План на день 25.09
1. Domcap: 
    а) #6187
    б) analysis
    в) документация
    г) rails book
    д) отчётность
    е) связь с командой"
2025-09-25,result,2025-09-25T20:55:20+04:00,"Итог на день 25.09
1. Domcap: 10:20
    а) #6187 08:06
    б) analysis 00:25
    в) документация 00:09
    г) rails book 00:48
    д) отчётность 00:09
    е) связь с командой 00:41"
2025-09-26,plan,2025-09-26T12:05:45+04:00,"План на день 26.09
1. Domcap: 
    а) #6187
    б) analysis
    в) документация
    г) rails book
    д) отчётность
    е) связь с командой"
2025-09-26,result,2025-09-26T21:23:44+04:00,"Итог на день 26.09
1. Domcap: 09;49
    а) #6187 08:22
    б) analysis 00:42
    в) документация 00:08
    г) rails book 00:10
    д) отчётность 00:08
    е) связь с командой 00:17"
2025-09-27,plan,2025-09-27T14:03:59+04:00,"План на день 27.09
1. Domcap: 
    а) #6187
    б) analysis
    в) документация
    г) rails book
    д) отчётность
    е) review"
2025-09-27,result,2025-09-27T23:08:56+04:00,"Итог на день 27.09
1. Domcap: 09:21
    а) #6187 07:36
    б) analysis 00:44
    в) документация 00:09
    г) rails book 00:41
    д) отчётность 00:10"
2025-09-28,plan,2025-09-28T21:11:55+04:00,"План на день 28.09
1. Domcap: 
    а) #6187
    б) analysis
    в) документация
    г) rails book
    д) отчётность
    е) review"
2025-09-28,result,2025-09-28T21:12:55+04:00,"Итог на день 28.09
1. Domcap: 10:17
    а) #6187 06:03
    б) analysis 00:43
    в) документация 00:08
    г) rails book 00:49
    д) отчётность 00:10
    е) review 02:22"
2025-09-29,plan,2025-09-29T08:27:50+04:00,"План на день 29.09
1. Domcap: 
    а) #6345
    б) #6344
    в) #6329
    г) rails book
    д) отчётность
    е) документация
    ё) analysis"
2025-09-29,result,2025-09-30T11:46:10+04:00,"Итог на день 29.09
1. Domcap: 12:43
    а) #6345 06:13
    б) #6344 03:31
    в) #6358 00:34 
    г) rails book 00:29
    д) отчётность 00:08
    е) документация 00:05
    ё) analysis 00:45
    ж) связь с командой 00:54"
2025-09-30,plan,2025-09-30T11:46:10+04:00,"План на день 30.09
1. Domcap: 
    а) #6329
    б) analysis
    в) документация
    г) rails book
    д) отчётность"
2025-09-30,result,2025-09-30T22:21:33+04:00,"Итог на день 30.09
1. Domcap: 09:16
    а) #6329 08:16
    б) analysis 00:37
    в) документация 00:10
    г) отчётность 00:10"
2025-10-01,plan,2025-10-01T16:16:04+04:00,"План на день 01.10
1. Domcap: 
    а) #6329
    б) #6308
    в) документация
    г) rails book
    д) отчётность
    е) analysis
    ё) связь с командой"
2025-10-01,result,2025-10-01T21:53:35+04:00,"Итог на день 01.10
1. Domcap: 08:45
    а) #6329 06:05
    б) #6187 00:22
    в) документация 00:08
    г) rails book 00:30
    д) отчётность 00:19
    е) analysis 00:43
    ё) связь с командой 00:35"
2025-10-02,plan,2025-10-02T13:35:35+04:00,"План на день 02.10
1. Domcap: 
    а) #6329
    б) #6187
    в) документация
    г) rails book
    д) отчётность
    е) analysis
    ё) связь с командой"
2025-10-02,result,2025-10-02T21:19:45+04:00,"Итог на день 02.10
1. Domcap: 09:03
    а) #6329 06:26
    б) #6187 00:35
    в) документация 00:09
    г) rails book 00:42
    д) отчётность 00:25
    е) analysis 00:44"
2025-10-03,plan,2025-10-03T14:10:14+04:00,"План на день 03.10
1. Domcap: 
    а) #6187
    б) #6308
    в) документация
    г) rails book
    д) отчётность
    е) analysis
    ё) связь с командой
    ж) review"
2025-10-03,result,2025-10-03T21:23:08+04:00,"Итог на день 03.10
1. Domcap: 08:48
    а) #6187 04:13
    б) #6308 01:50
    в) документация 00:09
    г) rails book 00:38
    д) отчётность 00:10
    е) analysis 00:46
    ё) связь с командой 00:59"
2025-10-04,plan,2025-10-04T12:41:39+04:00,"План на день 04.10
1. Domcap: 
    а) #6187
    б) #6316
    в) документация
    г) rails book
    д) отчётность
    е) analysis"
2025-10-04,result,2025-10-04T20:30:26+04:00,"Итог на день 04.10
1. Domcap: 08:55
    а) #6187 03:23
    б) #6316 02:17
    в) #6374 01:28
    г) rails book 00:44
    д) отчётность 00:08
    е) analysis 00:43
    ё) документация 00:09"
2025-10-05,plan,2025-10-05T12:52:52+04:00,"План на день 05.10
1. Domcap: 
    а) #6374
    б) #6318
    в) документация
    г) rails book
    д) отчётность
    е) analysis"
2025-10-05,result,2025-10-05T20:17:47+04:00,"Итог на день 05.10
1. Domcap: 08:53
    а) #6374 02:58
    б) #6324 01:47
    в) #6298 02:26
    г) rails book 00:36
    д) отчётность 00:08
    е) analysis 00:47
    ё) документация 00:09"
2025-10-06,plan,2025-10-06T11:45:31+04:00,"План на день 06.10
1. Domcap: 
    а) #6298
    б) #6322
    в) #6316
    г) rails book
    д) отчётность
    е) analysis
    ё) документация"
2025-10-06,result,2025-10-07T06:19:08+04:00,"Итог на день 06.10
1. Domcap: 09:25
    а) #6298 02:54
    б) #6187 03:08 
    в) #6316 01:24
    г) rails book 00:53
    д) отчётность 00:08
    е) analysis 00:45
    ё) документация 00:09"
2025-10-07,plan,2025-10-07T09:46:11+04:00,"План на день 07.10
1. Domcap: 
    а) #6298
    б) #6318
    в) документация
    г) rails book
    д) отчётность
    е) analysis"
2025-10-07,result,2025-10-07T20:07:28+04:00,"Итог на день 07.10
1. Domcap: 07:40
    а) #6298 03:06
    б) #6318 02:27
    в) #6371 00:22
    г) rails book 00:43
    д) отчётность 00:10
    е) analysis 00:40
    ё) документация 00:09"
2025-10-08,plan,2025-10-08T13:25:20+04:00,"План на день 08.10
1. Domcap: 
    а) #6348
    б) #6371
    в) документация
    г) rails book
    д) отчётность
    е) analysis
    ё) связь с командой"
2025-10-08,result,2025-10-08T20:00:55+04:00,"Итог на день 08.10
1. Domcap: 08:39
    а) #6348 06:10
    б) #6371 00:14
    в) документация 00:08
    г) rails book 00:58
    д) отчётность 00:08
    е) analysis 00:41
    ё) связь с командой 00:18"
2025-10-09,plan,2025-10-09T12:16:06+04:00,"План на день 09.10
1. Domcap: 
    а) #6348
    б) #6366
    в) документация
    г) rails book
    д) отчётность
    е) analysis
    ё) связь с командой"
2025-10-09,result,2025-10-09T20:02:06+04:00,"Итог на день 09.10
1. Domcap: 09:34
    а) #6348 00:03
    б) #6366 06:38
    в) документация 00:10
    г) rails book 00:59
    д) отчётность 00:10
    е) analysis 00:47
    ё) связь с командой 00:49"
2025-10-10,plan,2025-10-10T19:44:24+04:00,"План на день 10.10
1. Domcap: 
    а) #6348
    б) #6298
    в) документация
    г) rails book
    д) отчётность
    е) analysis
    ё) связь с командой"
2025-10-10,result,2025-10-10T19:44:33+04:00,"Итог на день 10.10
1. Domcap: 08:59
    а) #6348 02:25
    б) #6298 04:12
    в) документация 00:09
    г) rails book 00:59
    д) отчётность 00:09
    е) analysis 00:42
    ё) связь с командой 00:20"
2025-10-11,plan,2025-10-11T13:12:30+04:00,"План на день 11.10
1. Domcap: 
    а) #6298
    б) #6362
    в) документация
    г) rails book
    д) отчётность
    е) analysis
    ё) связь с командой"
2025-10-11,result,2025-10-11T19:53:05+04:00,"Итог на день 11.10
1. Domcap:  09:20
    а) #6298 07:19
    б) связь с командой 00:10
    в) документация 00:09
    г) rails book 00:47
    д) отчётность 00:09
    е) analysis 00:44"
2025-10-12,plan,2025-10-12T11:08:06+04:00,"План на день 12.10
1. Domcap: 
    а) #6298
    б) #6362
    в) документация
    г) rails book
    д) отчётность
    е) analysis
    ё) связь с командой"
2025-10-12,result,2025-10-12T19:08:29+04:00,"Итог на день 12.10
1. Domcap: 09:21
    а) #6298 04:43
    б) #6362 02:27
    в) #6303 00:21
    г) rails book 00:31
    д) отчётность 00:09
    е) analysis 00:46
    ё) связь с командой 00:12
    ж) документация 00:08"
2025-10-13,plan,2025-10-13T14:18:30+04:00,"План на день 13.10
1. Domcap: 
    а) #6303
    б) связь с командой
    в) документация
    г) rails book
    д) отчётность
    е) analysis"
2025-10-13,result,2025-10-13T19:48:32+04:00,"Итог на день 13.10
1. Domcap: 08:46
    а) #6303 05:37
    б) #6335 00:49
    в) документация 00:09
    г) rails book 00:47
    д) отчётность 00:09
    е) analysis 00:45
    ё) связь с командой 00:27"
2025-10-14,plan,2025-10-14T10:49:44+04:00,"План на день 14.10
1. Domcap: 
    а) #6335
    б) связь с командой
    в) документация
    г) rails book
    д) отчётность
    е) analysis"
2025-10-14,result,2025-10-14T20:35:52+04:00,"Итог на день 14.10
1. Domcap: 09:05
    а) #6335 06:34
    б) связь с командой 00:44
    в) документация 00:08
    г) rails book 00:39
    д) отчётность 00:10
    е) analysis 00:47"
2025-10-15,plan,2025-10-15T11:44:53+04:00,"План на день 15.10
1. Domcap: 
    а) #5709
    б) связь с командой
    в) документация
    г) rails book
    д) отчётность
    е) analysis"
2025-10-15,result,2025-10-15T20:53:19+04:00,"Итог на день 15.10
1. Domcap: 09:03
    а) #5709 05:50
    б) связь с командой 01:40
    в) документация 00:09
    г) rails book 00:27
    д) отчётность 00:10
    е) analysis 00:46"
2025-10-16,plan,2025-10-16T12:59:04+04:00,"План на день 16.10
1. Domcap: 
    а) #5709
    б) #5857
    в) документация
    г) rails book
    д) отчётность
    е) analysis
    ё) связь с командой"
2025-10-16,result,2025-10-16T20:28:07+04:00,"Итог на день 16.10
1. Domcap: 09:05
    а) #5709 02:51
    б) #5857 03:25
    в) #6265 00:07
    г) rails book 00:42
    д) отчётность 00:05
    е) analysis 00:46
    ё) связь с командой 00:52
    ж) документация 00:09"
2025-10-17,plan,2025-10-17T13:27:09+04:00,"План на день 17.10
1. Domcap: 
    а) #6322
    б) #5857
    в) документация
    г) rails book
    д) отчётность
    е) analysis
    ё) связь с командой"
2025-10-17,result,2025-10-17T20:08:29+04:00,"Итог на день 17.10
1. Domcap: 08:48
    а) #6265 01:10
    б) #5857 04:46
    в) документация 00:08
    г) rails book 00:58
    д) отчётность 00:10
    е) analysis 00:46
    ё) связь с командой 00:48"
2025-10-18,plan,2025-10-18T11:25:59+04:00,"План на день 18.10
1. Domcap: 
    а) #6385
    б) #5857
    в) #6303
    г) #6348
    д) отчётность
    е) analysis
    ё) rails book
    ж) документация"
2025-10-18,result,2025-10-19T12:56:50+04:00,"Итог на день 18.10
1. Domcap: 08:59
    а) #6385 02:33
    б) #5857 00:33
    в) #6303 00:44
    г) #6348 03:13
    д) отчётность 00:05
    е) analysis 00:47
    ё) rails book 00:48
    ж) документация 00:07"
2025-10-19,plan,2025-10-19T13:17:43+04:00,"План на день 19.10
1. Domcap: 
    а) #6385
    б) #6303
    в) документация
    г) rails book
    д) отчётность
    е) analysis"
2025-10-19,result,2025-10-19T20:46:49+04:00,"Итог на день 19.10
1. Domcap: 08:34
    а) #6385 04:57
    б) #6303 01:27
    в) документация 00:08
    г) rails book 00:59
    д) отчётность 00:10
    е) analysis 00:45"
2025-10-20,plan,2025-10-20T08:55:11+04:00,"План на день 20.10
1. Domcap: 
    а) #6385
    б) #6334
    в) документация
    г) rails book
    д) отчётность
    е) analysis"
2025-10-20,result,2025-10-21T06:19:57+04:00,"Итог на день 20.10
1. Domcap: 08:25
    а) #6385 06:57
    б) связь с командой 00:16
    в) документация 00:07
    г) rails book 00:12
    д) отчётность 00:05
    е) analysis 00:47"
2025-10-21,plan,2025-10-21T07:11:28+04:00,"План на день 21.10
1. Domcap: 
    а) #6385
    б) #6334
    в) документация
    г) rails book
    д) отчётность
    е) analysis"
2025-10-21,result,2025-10-22T10:25:38+04:00,"Итог на день 21.10
1. Domcap: 09:43
    а) #6385 07:52
    б) analysis 00:46
    в) документация 00:08
    г) rails book 00:47
    д) отчётность 00:08"
2025-10-22,plan,2025-10-22T10:28:43+04:00,"План на день 22.10
1. Domcap: 
    а) #6385
    б) #6334
    в) #6303
    г) rails book
    д) отчётность
    е) analysis
    ё) review
    ж) документация
    з) связь с командой"
2025-10-22,result,2025-10-22T19:21:26+04:00,"Итог на день 22.10
1. Domcap: 08:58
    а) #6385 05:19
    б) #6303 01:48
    в) связь с командой 00:34
    г) rails book 00:34
    д) отчётность 00:15
    е) analysis 00:17
    ё) документация 00:08"
2025-10-23,plan,2025-10-23T13:47:05+04:00,"План на день 23.10
1. Domcap: 
    а) #6385
    б) #6334
    в) #6303
    г) rails book
    д) отчётность
    е) analysis
    ё) review
    ж) документация
    з) связь с командой"
2025-10-23,result,2025-10-23T19:50:52+04:00,"Итог на день 23.10
1. Domcap: 07:50
    а) #6385 02:38
    б) #6396 01:03 
    в) #6303 01:52
    г) rails book 00:55
    д) отчётность 00:08
    е) analysis 00:48
    ё) связь с командой 00:14
    ж) документация 00:09"
2025-10-24,plan,2025-10-24T09:47:45+04:00,"План на день 24.10
1. Domcap: 
    а) #6396
    б) #6334
    в) связь с командой
    г) rails book
    д) отчётность
    е) analysis
    ё) review
    ж) документация"
2025-10-24,result,2025-10-24T19:36:30+04:00,"Итог на день 24.10
1. Domcap: 09:48
    а) #6396 06:51
    б) #6334 00:54
    в) связь с командой 00:08
    г) rails book 00:52
    д) отчётность 00:09
    е) analysis 00:42
    ё) документация 00:08"
2025-10-25,plan,2025-10-25T11:37:27+04:00,"План на день 25.10
1. Domcap: 
    а) #6334
    б) #6187
    в) review
    г) rails book
    д) отчётность
    е) analysis
    ё) документация"
2025-10-25,result,2025-10-25T19:37:50+04:00,"Итог на день 25.10
1. Domcap: 08:19
    а) #6334 01:02
    б) #6298 01:57 
    в) review 03:38
    г) rails book 00:39
    д) отчётность 00:09
    е) analysis 00:43
    ё) документация 00:09"
2025-10-26,plan,2025-10-26T11:53:58+04:00,"План на день 26.10
1. Domcap: 
    а) #6334
    б) #6187
    в) #6298
    г) rails book
    д) отчётность
    е) analysis
    ё) документация
    ж) связь с командой"
2025-10-26,result,2025-10-26T20:10:13+04:00,"Итог на день 26.10
1. Domcap: 08:52
    а) #6334 01:57
    б) #6187 01:39
    в) #6298 02:14
    г) rails book 00:42
    д) отчётность 00:08
    е) analysis 00:45
    ё) документация 00:09
    ж) связь с командой 00:14
2. Continure 1:00
    a) связь с командой 1:00"
2025-10-27,plan,2025-10-27T11:59:16+04:00,"План на день 27.10
1. Domcap: 
    а) #6334
    б) #6187
    в) связь с командой
    г) rails book
    д) отчётность
    е) analysis
    ё) документация
    ж) review"
2025-10-27,result,2025-10-27T19:30:22+04:00,"Итог на день 27.10
1. Domcap: 09:53
    а) #6334 03:49
    б) #6187 03:38
    в) связь с командой 00:18
    г) rails book 00:59
    д) отчётность 00:10
    е) analysis 00:47
    ё) документация 00:09"
2025-10-28,plan,2025-10-28T10:49:23+04:00,"План на день 28.10
1. Domcap: 
    а) #6334
    б) review
    в) связь с командой
    г) rails book
    д) отчётность
    е) analysis
    ё) документация"
2025-10-28,result,2025-10-28T20:21:03+04:00,"Итог на день 28.10
1. Domcap: 09:46
    а) #6334 08:00
    б) документация 00:09
    в) связь с командой 00:07
    г) rails book 00:32
    д) отчётность 00:10
    е) analysis 00:45"
2025-10-29,plan,2025-10-29T10:34:34+04:00,"План на день 29.10
1. Domcap: 
    а) #6334
    б) review
    в) связь с командой
    г) rails book
    д) отчётность
    е) analysis
    ё) документация"
2025-10-29,result,2025-10-29T20:08:28+04:00,"Итог на день 29.10
1. Domcap: 09:47 
    а) #6334 07:00
    б) документация 00:09
    в) связь с командой 00:32
    г) rails book 00:47
    д) отчётность 00:08
    е) analysis 00:47
2. Continure 00:21
    a) связь с командой 00:21"
2025-10-30,plan,2025-10-30T09:24:21+04:00,"План на день 30.10
1. Domcap: 
    а) #6334
    б) #6362
    в) #6265
    г) rails book
    д) отчётность
    е) analysis
    ё) документация
    ж) review
    з) связь с командой"
2025-10-30,result,2025-10-30T20:47:06+04:00,"Итог на день 30.10
1. Domcap: 09:21
    а) #6334 02:43
    б) #6362 01:51
    в) #6265 03:18
    г) #6420 00:42
    д) отчётность 00:08
    е) analysis 00:17
    ё) документация 00:09
    ж) rails book 00:09"
2025-10-31,plan,2025-10-31T20:03:00+04:00,"План на день 31.10
1. Domcap: 
    а) #6334
    б) связь с командой
    в) документация
    г) rails book
    д) отчётность
    е) analysis"
2025-10-31,result,2025-10-31T20:17:28+04:00,"Итог на день 31.10
1. Domcap: 09:09
    а) #6334 06:02
    б) связь с командой 00:45
    в) документация 00:09
    г) rails book 01:11
    д) отчётность 00:10
    е) analysis 00:48"
2025-11-01,plan,2025-11-01T13:18:31+04:00,"План на день 01.11
1. Domcap: 
    а) #6334
    б) связь с командой
    в) документация
    г) rails book
    д) отчётность
    е) analysis"
2025-11-01,result,2025-11-01T20:19:06+04:00,"Итог на день 01.11
1. Domcap: 07:47
    а) #6334 06:02
    б) analysis 00:42
    в) документация 00:09
    г) rails book 00:30
    д) отчётность 00:23"
2025-11-02,plan,2025-11-02T12:03:37+04:00,"План на день 02.11
1. Domcap: 
    а) #6334
    б) analysis
    в) документация
    г) rails book
    д) отчётность"
2025-11-02,result,2025-11-02T19:41:52+04:00,"Итог на день 02.11
1. Domcap: 08:35
    а) #6334 06:33
    б) analysis 00:45
    в) документация 00:09
    г) rails book 00:40
    д) отчётность 00:26"
2025-11-03,plan,2025-11-03T13:19:03+04:00,"План на день 03.11
1. Domcap: 
    а) #6334
    б) analysis
    в) документация
    г) rails book
    д) отчётность
    е) связь с командой"
2025-11-03,result,2025-11-04T12:59:33+04:00,"Итог на день 03.11
1. Domcap: 07:54
    а) #6334 05:29
    б) analysis 00:48
    в) документация 00:07
    г) rails book 00:37
    д) отчётность 00:04
    е) связь с командой 00:46"
2025-11-04,plan,2025-11-04T13:00:03+04:00,"План на день 04.11
1. Domcap: 
    а) #6334
    б) analysis
    в) документация
    г) rails book
    д) отчётность"
2025-11-04,result,2025-11-04T19:57:46+04:00,"Итог на день 04.11
1. Domcap: 10:49
    а) #6334 06:53
    б) analysis 00:49
    в) документация 00:09
    г) rails book 00:36
    д) отчётность 00:13
    е) связь с командой 01:24"
2025-11-05,plan,2025-11-05T13:58:23+04:00,"План на день 05.11
1. Domcap: 
    а) #6334
    б) #6432
    в) документация
    г) rails book
    д) отчётность
    е) связь с командой
    ё) analysis"
2025-11-06,plan,2025-11-06T11:58:40+04:00,"План на день 06.11
1. Domcap: 
    а) #6334
    б) #6432
    в) документация
    г) rails book
    д) отчётность
    е) связь с командой
    ё) analysis"
2025-11-07,plan,2025-11-07T10:54:10+04:00,"План на день 07.11
1. Domcap: 
    а) #6334
    б) #6432
    в) документация
    г) rails book
    д) отчётность
    е) связь с командой
    ё) analysis"
2025-11-08,plan,2025-11-08T12:43:31+04:00,"План на день 08.11
1. Domcap: 
    а) #6334
    б) analysis
    в) документация
    г) rails book
    д) отчётность"
2025-11-09,plan,2025-11-09T11:29:36+04:00,"План на день 09.11
1. Domcap: 
    а) #6334
    б) analysis
    в) документация
    г) rails book
    д) отчётность"
2025-11-10,plan,2025-11-10T11:56:12+04:00,"План на день 10.11
1. Domcap: 
    а) #6334
    б) analysis
    в) документация
    г) rails book
    д) отчётность"
2025-11-11,plan,2025-11-11T11:47:22+04:00,"План на день 11.11
1. Domcap: 
    а) #6334
    б) analysis
    в) документация
    г) rails book
    д) отчётность"
2025-11-12,plan,2025-11-12T12:00:56+04:00,"План на день 12.11
1. Domcap: 
    а) #6334
    б) analysis
    в) документация
    г) rails book
    д) отчётность
    е) связь с командой"
2025-11-13,plan,2025-11-13T11:43:42+04:00,"План на день 13.11
1. Domcap: 
    а) #6334
    б) analysis
    в) документация
    г) rails book
    д) отчётность
    е) связь с командой 
    ё) review"
2025-11-14,plan,2025-11-14T12:38:49+04:00,"План на день 14.11
1. Domcap: 
    а) #6334
    б) analysis
    в) документация
    г) rails book
    д) отчётность
    е) связь с командой 
    ё) review"
2025-11-15,plan,2025-11-15T13:51:13+04:00,"План на день 15.11
1. Domcap: 
    а) #6334
    б) analysis
    в) документация
    г) rails book
    д) отчётность"
2025-11-16,plan,2025-11-16T14:09:44+04:00,"План на день 16.11
1. Domcap: 
    а) #6334
    б) analysis
    в) документация
    г) rails book
    д) отчётность"
2025-11-17,plan,2025-11-17T15:04:20+04:00,"План на день 17.11
1. Domcap: 
    а) #6334
    б) #6398
    в) #6400
    г) rails book
    д) отчётность
    е) analysis
    ё) документация"
2025-11-18,plan,2025-11-18T13:21:54+04:00,"План на день 18.11
1. Domcap: 
    а) #6334
    б) #6398
    в) #6400
    г) rails book
    д) отчётность
    е) analysis
    ё) документация"
2025-11-19,plan,2025-11-19T13:56:13+04:00,"План на день 19.11
1. Domcap: 
    а) #6463
    б) #6398
    в) #6400
    г) rails book
    д) отчётность
    е) analysis
    ё) документация
    ж) связь с командой"
2025-11-20,plan,2025-11-20T13:08:15+04:00,"План на день 20.11
1. Domcap: 
    а) #6463
    б) связь с командой 
    в) документация
    г) rails book
    д) отчётность
    е) analysis"
2025-11-21,plan,2025-11-21T15:13:28+04:00,"План на день 21.11
1. Domcap: 
    а) #6473
    б) связь с командой 
    в) документация
    г) rails book
    д) отчётность
    е) analysis"
2025-11-22,plan,2025-11-22T16:29:53+04:00,"План на день 22.11
1. Domcap: 
    а) #6473
    б) analysis
    в) документация
    г) rails book
    д) отчётность"
2025-11-23,plan,2025-11-23T16:45:55+04:00,"План на день 23.11
1. Domcap: 
    а) #6473
    б) analysis
    в) документация
    г) rails book
    д) отчётность"
2025-11-24,plan,2025-11-24T15:50:35+04:00,"План на день 24.11
1. Domcap: 
    а) #6473
    б) analysis
    в) документация
    г) rails book
    д) отчётность"
2025-11-25,plan,2025-11-25T15:53:39+04:00,"План на день 25.11
1. Domcap: 
    а) #6473
    б) analysis
    в) документация
    г) rails book
    д) отчётность"
2025-11-26,plan,2025-11-27T15:51:28+04:00,"План на день 26.11
1. Domcap: 
    а) #6473
    б) analysis
    в) документация
    г) rails book
    д) отчётность
    е) связь с командой"
2025-11-27,plan,2025-11-27T15:51:54+04:00,"План на день 27.11
1. Domcap: 
    а) #6473
    б) #6463
    в) #6334
    г) rails book
    д) отчётность
    е) analysis
    ё) связь с командой
    ж) документация"
2025-11-28,plan,2025-11-28T16:50:04+04:00,"План на день 28.11
1. Domcap: 
    а) #6473
    б) #6463
    в) #6334
    г) rails book
    д) отчётность
    е) analysis
    ё) связь с командой
    ж) документация"
2025-11-29,plan,2025-11-29T18:54:24+04:00,"План на день 29.11
1. Domcap: 
    а) #6334
    б) документация
    в) analysis
    г) rails book
    д) отчётность"
2025-11-30,plan,2025-11-30T10:57:52+04:00,"План на день 30.11
1. Domcap: 
    а) #6463
    б) документация
    в) analysis
    г) rails book
    д) отчётность"
2025-12-01,plan,2025-12-02T14:22:14+04:00,"План на день 01.12
1. Domcap: 
    а) #6463
    б) документация
    в) analysis
    г) rails book
    д) отчётность"
2025-12-02,plan,2025-12-02T14:22:18+04:00,"План на день 02.12
1. Domcap: 
    а) #6463
    б) документация
    в) analysis
    г) rails book
    д) отчётность"
2025-12-03,plan,2025-12-03T13:05:11+04:00,"План на день 03.12
1. Domcap: 
    а) #6463
    б) документация
    в) analysis
    г) rails book
    д) отчётность"
2025-12-04,plan,2025-12-05T12:56:58+04:00,"План на день 04.12
1. Domcap: 
    а) #6463
    б) #6473
    в) analysis
    г) rails book
    д) отчётность
    е) документация
    ё) связь с командой"
2025-12-05,plan,2025-12-05T12:56:58+04:00,"План на день 05.12
1. Domcap: 
    а) #6463
    б) #6473
    в) analysis
    г) rails book
    д) отчётность
    е) документация
    ё) связь с командой"
2025-12-06,plan,2025-12-06T13:16:07+04:00,"План на день 06.12
1. Domcap: 
    а) #6463
    б) #6473
    в) analysis
    г) rails book
    д) отчётность
    е) документация"
2025-12-07,plan,2025-12-07T13:18:34+04:00,"План на день 07.12
1. Domcap: 
    а) #6473
    б) документация
    в) analysis
    г) rails book
    д) отчётность"
2025-12-08,plan,2025-12-08T07:53:30+04:00,"План на день 08.12
1. Domcap: 
    а) #6473
    б) документация
    в) analysis
    г) rails book
    д) отчётность"
2025-12-09,plan,2025-12-09T11:24:13+04:00,"План на день 09.12
1. Domcap: 
    а) #6473
    б) документация
    в) analysis
    г) rails book
    д) отчётность"
2025-12-10,plan,2025-12-10T15:30:33+04:00,"План на день 10.12
1. Domcap: 
    а) #6473
    б) документация
    в) analysis
    г) rails book
    д) отчётность"
2025-12-11,plan,2025-12-11T11:16:43+04:00,"План на день 11.12
1. Domcap: 
    а) #6473
    б) документация
    в) analysis
    г) rails book
    д) отчётность"
2025-12-12,plan,2025-12-12T11:49:54+04:00,"План на день 12.12
1. Domcap: 
    а) #6463
    б) #6334
    в) analysis
    г) rails book
    д) отчётность
    е) документация"
2025-12-13,plan,2025-12-13T13:06:23+04:00,"План на день 13.12
1. Domcap: 
    а) #6463
    б) #6334
    в) analysis
    г) rails book
    д) отчётность
    е) документация"
2025-12-14,plan,2025-12-14T12:16:07+04:00,"План на день 14.12
1. Domcap: 
    а) #6463
    б) #6334
    в) analysis
    г) rails book
    д) отчётность
    е) документация"
2025-12-15,plan,2025-12-15T12:38:50+04:00,"План на день 15.12
1. Domcap: 
    а) #6334
    б) связь с командой
    в) analysis
    г) rails book
    д) отчётность
    е) документация"
2025-12-16,plan,2025-12-16T12:34:28+04:00,"План на день 16.12
1. Domcap: 
    а) #6334
    б) связь с командой
    в) analysis
    г) rails book
    д) отчётность
    е) документация"
2025-12-17,plan,2025-12-17T15:45:03+04:00,"План на день 17.12
1. Domcap: 
    а) #6334
    б) связь с командой
    в) analysis
    г) rails book
    д) отчётность
    е) документация"
2025-12-18,plan,2025-12-18T13:43:11+04:00,"План на день 18.12
1. Domcap: 
    а) #6334
    б) связь с командой
    в) analysis
    г) rails book
    д) отчётность
    е) документация"
2025-12-19,plan,2025-12-19T15:32:21+04:00,"План на день 19.12
1. Domcap: 
    а) #6334
    б) документация
    в) analysis
    г) rails book
    д) отчётность"
2025-12-20,plan,2025-12-20T13:33:59+04:00,"План на день 20.12
1. Domcap: 
    а) #6334
    б) документация
    в) analysis
    г) rails book
    д) отчётность"
2025-12-21,plan,2025-12-21T14:07:13+04:00,"План на день 21.12
1. Domcap: 
    а) #6334
    б) документация
    в) analysis
    г) rails book
    д) отчётность"
2025-12-22,plan,2025-12-22T12:17:49+04:00,"План на день 22.12
1. Domcap: 
    а) #6334
    б) документация
    в) analysis
    г) rails book
    д) отчётность
    е) связь с командой"
2025-12-23,plan,2025-12-23T12:06:11+04:00,"План на день 23.12
1. Domcap: 
    а) #6334
    б) #6483
    в) #5857
    г) rails book
    д) отчётность
    е) analysis
    ё) документация"
2025-12-24,plan,2025-12-24T10:56:58+04:00,"План на день 24.12
1. Domcap: 
    а) #6334
    б) #6483
    в) #5857
    г) rails book
    д) отчётность
    е) analysis
    ё) документация"
2025-12-25,plan,2025-12-25T11:07:12+04:00,"План на день 25.12
1. Domcap: 
    а) #6524
    б) документация
    в) analysis 
    г) rails book
    д) отчётность"
2025-12-26,plan,2025-12-26T13:00:02+04:00,"План на день 26.12
1. Domcap: 
    а) #6526
    б) документация
    в) analysis 
    г) rails book
    д) отчётность"
2025-12-27,plan,2025-12-27T13:05:33+04:00,"План на день 27.12
1. Domcap: 
    а) #6526
    б) документация
    в) analysis 
    г) rails book
    д) отчётность"
2025-12-28,plan,2025-12-28T12:02:55+04:00,"План на день 28.12
1. Domcap: 
    а) #6526
    б) документация
    в) analysis 
    г) rails book
    д) отчётность"
2025-12-29,plan,2025-12-29T15:45:21+04:00,"План на день 29.12
1. Domcap: 
    а) #6526
    б) #6463
    в) analysis 
    г) rails book
    д) отчётность
    е) документация
    ё) связь с командой"
2025-12-30,plan,2025-12-30T13:09:42+04:00,"План на день 30.12
1. Domcap: 
    а) #6524
    б) #6558
    в) analysis 
    г) rails book
    д) отчётность
    е) документация"
2025-12-31,plan,2025-12-31T12:34:39+04:00,"План на день 31.12
1. Domcap: 
    а) #6546
    б) #6558
    в) analysis 
    г) rails book
    д) отчётность
    е) документация"
2026-01-01,plan,2026-01-02T15:52:32+04:00,"План на день 01.01
1. Domcap: 
    а) #6334
    б) документация
    в) analysis 
    г) rails book
    д) отчётность

План на день 02.01
1. Domcap: 
    а) #6334
    б) документация
    в) analysis 
    г) rails book
    д) отчётность
    е) связь с командой"
2026-01-03,plan,2026-01-03T13:20:42+04:00,"План на день 03.01
1. Domcap: 
    а) #6334
    б) документация
    в) analysis 
    г) rails book
    д) отчётность"
2026-01-04,plan,2026-01-04T11:57:56+04:00,"План на день 04.01
1. Domcap: 
    а) #6334
    б) документация
    в) analysis 
    г) rails book
    д) отчётность"
2026-01-05,plan,2026-01-06T13:35:59+04:00,"План на день 05.01
1. Domcap: 
    а) #6334
    б) документация
    в) analysis 
    г) rails book
    д) отчётность
    е) связь с командой

План на день 06.01
1. Domcap: 
    а) #6546
    б) документация
    в) analysis 
    г) rails book
    д) отчётность
    е) review"
2026-01-07,plan,2026-01-07T08:38:50+04:00,"План на день 07.01
1. Domcap: 
    а) #6546
    б) #6334
    в) #6570
    г) #6567
    д) отчётность
    е) review
    ё) документация
    ж) analysis 
    з) rails book
    и) связь с командой"
2026-01-08,plan,2026-01-08T13:32:41+04:00,"План на день 08.01
1. Domcap: 
    а) #6334
    б) #6567
    в) #6524
    г) связь с командой
    д) отчётность
    е) review
    ё) документация
    ж) analysis 
    з) rails book"
2026-01-09,plan,2026-01-09T14:26:32+04:00,"План на день 09.01
1. Domcap: 
    а) #6334
    б) rails book
    в) analysis 
    г) связь с командой
    д) отчётность
    е) документация"
2026-01-10,plan,2026-01-10T12:17:16+04:00,"План на день 10.01
1. Domcap: 
    а) #6334
    б) #6546
    в) analysis 
    г) rails book
    д) отчётность
    е) документация"
2026-01-11,plan,2026-01-11T12:54:01+04:00,"План на день 11.01
1. Domcap: 
    а) #6334
    б) #6546
    в) analysis 
    г) rails book
    д) отчётность
    е) документация"
2026-01-12,plan,2026-01-12T11:12:59+04:00,"План на день 12.01
1. Domcap: 
    а) #6546
    б) связь с командой
    в) analysis 
    г) rails book
    д) отчётность
    е) документация"
2026-01-13,plan,2026-01-13T13:45:47+04:00,"План на день 13.01
1. Domcap: 
    а) #6546
    б) документация
    в) analysis 
    г) rails book
    д) отчётность"
2026-01-14,plan,2026-01-14T10:50:18+04:00,"План на день 14.01
1. Domcap: 
    а) #6334
    б) документация
    в) analysis 
    г) rails book
    д) отчётность
    е) связь с командой"
2026-01-15,plan,2026-01-15T12:04:14+04:00,"План на день 15.01
1. Domcap: 
    а) #6334
    б) #6546
    в) analysis 
    г) rails book
    д) отчётность
    е) связь с командой
    ё) документация"
2026-01-16,plan,2026-01-16T09:59:35+04:00,"План на день 16.01
1. Domcap: 
    а) #6546
    б) документация
    в) analysis 
    г) rails book
    д) отчётность"
2026-01-17,plan,2026-01-17T09:59:17+04:00,"План на день 17.01
1. Domcap: 
    а) #6546
    б) документация
    в) analysis 
    г) rails book
    д) отчётность"
2026-01-18,plan,2026-01-18T11:11:58+04:00,"План на день 18.01
1. Domcap: 
    а) #6546
    б) документация
    в) analysis 
    г) rails book
    д) отчётность"
2026-01-19,plan,2026-01-19T13:47:27+04:00,"План на день 19.01
1. Domcap: 
    а) #6546
    б) документация
    в) analysis 
    г) rails book
    д) отчётность
    е) связь с командой"
2026-01-20,plan,2026-01-20T09:53:29+04:00,"План на день 20.01
1. Domcap: 
    а) #6546
    б) документация
    в) analysis 
    г) rails book
    д) отчётность"
2026-01-21,plan,2026-01-21T08:28:29+04:00,"План на день 21.01
1. Domcap: 
    а) #6546
    б) документация
    в) analysis 
    г) rails book
    д) отчётность"
2026-01-22,plan,2026-01-22T11:58:55+04:00,"План на день 22.01
1. Domcap: 
    а) #6546
    б) документация
    в) analysis 
    г) rails book
    д) отчётность"
2026-01-23,plan,2026-01-23T12:15:26+04:00,"План на день 23.01
1. Domcap: 
    а) #6596
    б) #6546
    в) #6598
    г) rails book
    д) отчётность
    е) документация
    ё) analysis 
    ж) связь с командой"
2026-01-24,plan,2026-01-24T08:39:10+04:00,"План на день 24.01
1. Domcap: 
    а) #6546
    б) #6598
    в) analysis
    г) rails book
    д) отчётность
    е) документация"
2026-01-25,plan,2026-01-25T09:47:10+04:00,"План на день 25.01
1. Domcap: 
    а) #6546
    б) #6598
    в) analysis
    г) rails book
    д) отчётность
    е) документация"
2026-01-26,plan,2026-01-26T09:21:31+04:00,"План на день 26.01
1. Domcap: 
    а) #6546
    б) #6598
    в) analysis
    г) rails book
    д) отчётность
    е) документация"
2026-01-27,plan,2026-01-27T09:33:19+04:00,"План на день 27.01
1. Domcap: 
    а) #6546
    б) #6598
    в) analysis
    г) rails book
    д) отчётность
    е) документация"
2026-01-28,plan,2026-01-28T08:51:32+04:00,"План на день 28.01
1. Domcap: 
    а) #6598
    б) документация
    в) analysis
    г) rails book
    д) отчётность"
2026-01-29,plan,2026-01-29T09:14:00+04:00,"План на день 29.01
1. Domcap: 
    а) #6598
    б) документация
    в) analysis
    г) rails book
    д) отчётность"
2026-01-30,plan,2026-01-30T14:16:19+04:00,"План на день 30.01
1. Domcap: 
    а) #6598
    б) #6611
    в) #6615
    г) #6487
    д) #6569
    е) документация
    ё) analysis 
    ж) rails book
    з)  отчётность"
2026-01-31,plan,2026-01-31T10:42:14+04:00,"План на день 31.01
1. Domcap: 
    а) #6487
    б) #6569
    в) #6611
    г) отчётность
    д) rails book
    е) документация
    ё) analysis"
2026-02-01,plan,2026-02-01T08:46:46+04:00,"План на день 01.02
1. Domcap: 
    а) #6611
    б) analysis
    в) документация
    г) отчётность
    д) rails book"
2026-02-02,plan,2026-02-02T07:57:59+04:00,"План на день 02.02
1. Domcap: 
    а) #6611
    б) analysis
    в) документация
    г) отчётность
    д) rails book"
2026-02-03,plan,2026-02-03T07:55:09+04:00,"План на день 03.02
1. Domcap: 
    а) #6611
    б) analysis
    в) документация
    г) отчётность
    д) rails book"
2026-02-04,plan,2026-02-04T07:51:50+04:00,"План на день 04.02
1. Domcap: 
    а) #6611
    б) #6333
    в) документация
    г) отчётность
    д) rails book
    ж) analysis"
2026-02-05,plan,2026-02-05T07:35:25+04:00,"План на день 05.02
1. Domcap: 
    а) #6611
    б) #6333
    в) документация
    г) отчётность
    д) rails book
    ж) analysis"
2026-02-06,plan,2026-02-06T08:24:29+04:00,"План на день 06.02
1. Domcap: 
    а) #6611
    б) #6333
    в) документация
    г) отчётность
    д) rails book
    ж) analysis"
2026-02-07,plan,2026-02-07T08:14:03+04:00,"План на день 07.02
1. Domcap: 
    а) #6611
    б) #6333
    в) документация
    г) отчётность
    д) rails book
    ж) analysis"
2026-02-08,plan,2026-02-08T08:53:56+04:00,"План на день 08.02
1. Domcap: 
    а) #6611
    б) #6333
    в) документация
    г) отчётность
    д) rails book
    ж) analysis"
2026-02-09,plan,2026-02-09T07:53:27+04:00,"План на день 09.02
1. Domcap: 
    а) #6611
    б) #6333
    в) документация
    г) отчётность
    д) rails book
    ж) analysis"
2026-02-10,plan,2026-02-10T07:17:38+04:00,"План на день 10.02
1. Domcap: 
    а) #6611
    б) #6333
    в) документация
    г) отчётность
    д) rails book
    ж) analysis"
2026-02-11,plan,2026-02-11T08:24:07+04:00,"План на день 11.02
1. Domcap: 
    а) #6611
    б) #6333
    в) документация
    г) отчётность
    д) rails book
    ж) analysis"
2026-02-12,plan,2026-02-12T09:16:14+04:00,"План на день 12.02
1. Domcap: 
    а) #6611
    б) #6333
    в) #6518
    г) отчётность
    д) rails book
    ж) analysis
    з)  документация"
2026-02-13,plan,2026-02-13T09:26:41+04:00,"План на день 13.02
1. Domcap: 
    а) #6611
    б) документация
    в) analysis
    г) отчётность
    д) rails book"
2026-02-14,plan,2026-02-14T06:41:52+04:00,"План на день 14.02
1. Domcap: 
    а) #6611
    б) #6333
    в) #6518
    г) отчётность
    д) rails book
    ж) analysis
    з)  документация"
2026-02-15,plan,2026-02-15T09:10:15+04:00,"План на день 15.02
1. Domcap: 
    а) #6611
    б) #6333
    в) документация
    г) отчётность
    д) rails book
    ж) analysis"
2026-02-16,plan,2026-02-16T11:04:02+04:00,"План на день 16.02
1. Domcap: 
    а) #6637
    б) #6333
    в) документация
    г) отчётность
    д) rails book
    ж) analysis"
2026-02-17,plan,2026-02-17T08:33:48+04:00,"План на день 17.02
1. Domcap: 
    а) #6546
    б) #6333
    в) документация
    г) отчётность
    д) rails book
    ж) analysis"
2026-02-18,plan,2026-02-18T08:16:52+04:00,"План на день 18.02
1. Domcap: 
    а) #6546
    б) #6333
    в) документация
    г) отчётность
    д) rails book
    ж) analysis"
2026-02-19,plan,2026-02-19T08:11:10+04:00,"План на день 19.02
1. Domcap: 
    а) #6333
    б) analysis
    в) документация
    г) отчётность
    д) rails book"
2026-02-20,plan,2026-02-20T09:38:57+04:00,"План на день 20.02
1. Domcap: 
    а) #6611
    б) #6333
    в) документация
    г) отчётность
    д) rails book
    ж) analysis"
2026-02-21,plan,2026-02-21T09:32:14+04:00,"План на день 21.02
1. Domcap: 
    а) #6611
    б) #6333
    в) документация
    г) отчётность
    д) rails book
    ж) analysis"
2026-02-22,plan,2026-02-22T08:13:55+04:00,"План на день 22.02
1. Domcap: 
    а) #6611
    б) #6333
    в) документация
    г) отчётность
    д) rails book
    ж) analysis"
2026-02-23,plan,2026-02-23T08:54:41+04:00,"План на день 23.02
1. Domcap: 
    а) #6333
    б) analysis
    в) документация
    г) отчётность
    д) rails book"
2026-02-24,plan,2026-02-24T09:28:00+04:00,"План на день 24.02
1. Domcap: 
    а) #6333
    б) analysis
    в) документация
    г) отчётность
    д) rails book"
2026-02-25,plan,2026-02-25T08:54:25+04:00,"План на день 25.02
1. Domcap: 
    а) #6333
    б) analysis
    в) документация
    г) отчётность
    д) rails book"
2026-02-26,plan,2026-02-26T09:57:54+04:00,"План на день 26.02
1. Domcap: 
    а) #6333
    б) #6654
    в) документация
    г) отчётность
    д) rails book
    ж) analysis"
2026-02-27,plan,2026-02-27T08:56:08+04:00,"План на день 27.02
1. Domcap: 
    а) #6333
    б) analysis
    в) документация
    г) отчётность
    д) rails book"
2026-02-28,plan,2026-02-28T10:11:54+04:00,"План на день 28.02
1. Domcap: 
    а) #6333
    б) analysis
    в) документация
    г) отчётность
    д) rails book"
2026-03-01,plan,2026-03-01T09:45:57+04:00,"План на день 01.03
1. Domcap: 
    а) #6333
    б) #6659
    в) документация
    г) отчётность
    д) rails book
    ж) analysis"
2026-03-02,plan,2026-03-02T09:53:56+04:00,"План на день 02.03
1. Domcap: 
    а) #6333
    б) analysis
    в) документация
    г) отчётность
    д) rails book"
2026-03-03,plan,2026-03-03T09:25:20+04:00,"План на день 03.03
1. Domcap: 
    а) #6333
    б) analysis
    в) документация
    г) отчётность
    д) rails book"
2026-03-04,plan,2026-03-04T11:02:13+04:00,"План на день 04.03
1. Domcap: 
    а) #6333
    б) #6518
    в) документация
    г) отчётность
    д) rails book
    ж) analysis"
2026-03-05,plan,2026-03-05T09:45:13+04:00,"План на день 05.03
1. Domcap: 
    а) #6333
    б) #6518
    в) документация
    г) отчётность
    д) rails book
    ж) analysis"
2026-03-06,plan,2026-03-06T10:50:24+04:00,"План на день 06.03
1. Domcap: 
    а) #6333
    б) #6518
    в) документация
    г) отчётность
    д) rails book
    ж) analysis"
2026-03-07,plan,2026-03-07T10:05:48+04:00,"План на день 07.03
1. Domcap: 
    а) #6333
    б) #6518
    в) документация
    г) отчётность
    д) rails book
    ж) analysis"
2026-03-08,plan,2026-03-08T10:17:36+04:00,"План на день 08.03
1. Domcap: 
    а) #6630
    б) #6518
    в) #6472
    г) отчётность
    д) rails book
    ж) analysis
    з)  документация"
2026-03-09,plan,2026-03-09T12:29:59+04:00,"План на день 09.03
1. Domcap: 
    а) #6630
    б) #6518
    в) #6472
    г) отчётность
    д) rails book
    ж) analysis
    з)  документация"
2026-03-10,plan,2026-03-10T13:00:50+04:00,"План на день 10.03
1. Domcap: 
    а) #6630
    б) #6518
    в) документация
    г) отчётность
    д) rails book
    ж) analysis"
2026-03-11,plan,2026-03-11T11:27:02+04:00,"План на день 11.03
1. Domcap: 
    а) #6630
    б) #6518
    в) документация
    г) отчётность
    д) rails book
    ж) analysis
    з)  связь с командой"
2026-03-12,plan,2026-03-12T12:47:28+04:00,"План на день 12.03
1. Domcap: 
    а) #6630
    б) #6518
    в) документация
    г) отчётность
    д) rails book
    ж) analysis
    з)  связь с командой"
2026-03-13,plan,2026-03-13T11:49:28+04:00,"План на день 13.03
1. Domcap: 
    а) #6630
    б) #6518
    в) документация
    г) отчётность
    д) rails book
    ж) analysis
    з)  связь с командой"
2026-03-14,plan,2026-03-14T12:47:59+04:00,"План на день 14.03
1. Domcap: 
    а) #6630
    б) #6518
    в) документация
    г) отчётность
    д) rails book
    ж) analysis
    з)  связь с командой"
2026-03-15,plan,2026-03-15T14:24:10+04:00,"План на день 15.03
1. Domcap: 
    а) #6630
    б) #6518
    в) документация
    г) отчётность
    д) rails book
    ж) analysis
    з)  связь с командой"
2026-03-16,plan,2026-03-16T12:01:41+04:00,"План на день 16.03
1. Domcap: 
    а) #6630
    б) #6518
    в) документация
    г) отчётность
    д) rails book
    ж) analysis
    з)  связь с командой"
2026-03-17,plan,2026-03-17T11:22:39+04:00,"План на день 17.03
1. Domcap: 
    а) #6630
    б) #6518
    в) документация
    г) отчётность
    д) rails book
    ж) analysis
    з)  связь с командой"
2026-03-18,plan,2026-03-18T12:20:37+04:00,"План на день 18.03
1. Domcap: 
    а) #6630
    б) #6518
    в) #6693
    г) отчётность
    д) rails book
    ж) analysis
    з)  связь с командой
    и) документация"
2026-03-19,plan,2026-03-19T07:29:10+04:00,"План на день 19.03
1. Domcap: 
    а) #6630
    б) #6518
    в) #6693
    г) #6698
    д) rails book
    ж) analysis
    з)  связь с командой
    и) документация
    й) отчётность"
2026-03-20,plan,2026-03-20T07:10:08+04:00,"План на день 20.03
1. Domcap: 
    а) #6630
    б) #6518
    в) #6693
    г) #6698
    д) rails book
    ж) analysis
    з)  связь с командой
    и) документация
    й) отчётность"
2026-03-21,plan,2026-03-21T11:19:18+04:00,"План на день 21.03
1. Domcap: 
    а) #6630
    б) #6518
    в) #6693
    г) #6698
    д) rails book
    ж) analysis
    з)  связь с командой
    и) документация
    й) отчётность"
2026-03-22,plan,2026-03-22T15:58:54+04:00,"План на день 22.03
1. Domcap: 
    а) #6630
    б) #6518
    в) #6693
    г) #6698
    д) rails book
    ж) analysis
    з)  связь с командой
    и) документация
    й) отчётность"
2026-03-24,plan,2026-03-24T14:46:21+04:00,"План на день 24.03
1. Domcap: 
    а) #6703
    б) #6518
    в) #6693
    г) отчётность
    д) rails book
    ж) analysis
    з)  связь с командой
    и) документация"
2026-03-26,plan,2026-03-25T09:25:14+04:00,"План на день 26.03
1. Domcap: 
    а) #6703
    б) #6518
    в) #6693
    г) отчётность
    д) rails book
    ж) analysis
    з)  связь с командой
    и) документация"
2026-03-26,plan,2026-03-26T14:16:47+04:00,"План на день 26.03
1. Domcap: 
    а) #6703
    б) #6698
    в) #6624
    г) #6394
    д) rails book
    ж) analysis
    з)  связь с командой
    и) документация
    й) отчётность"
2026-03-27,plan,2026-03-27T18:11:01+04:00,"План на день 27.03
1. Domcap: 
    а) #6698
    б) #6394
    в) отчётность
    г) документация
    д) rails book
    ж) analysis
    з)  связь с командой"
2026-03-28,plan,2026-03-28T10:58:09+04:00,"План на день 28.03
1. Domcap: 
    а) #6394
    б) #6417
    в) #6427
    г) документация
    д) rails book
    ж) analysis
    з)  связь с командой
    и) отчётность"
2026-03-29,plan,2026-03-29T08:22:16+04:00,"План на день 29.03
1. Domcap: 
    а) #6438
    б) #6428
    в) #6429
    г) документация
    д) rails book
    ж) analysis
    з)  связь с командой
    и) отчётность"
2026-03-30,plan,2026-03-30T18:45:44+04:00,"План на день 30.03
1. Domcap: 
    а) #6429
    б) отчётность
    в) связь с командой
    г) документация
    д) rails book
    ж) analysis"
2026-03-31,plan,2026-03-31T09:55:58+04:00,"План на день 31.03
1. Domcap: 
    а) #6429
    б) #6722
    в) связь с командой
    г) документация
    д) rails book
    ж) analysis
    з)  отчётность"
2026-04-01,plan,2026-04-02T18:08:13+04:00,"План на день 01.04
1. Domcap: 
    а) #6722
    б) #6741
    в) связь с командой
    г) документация
    д) rails book
    ж) analysis
    з)  отчётность

План на день 02.04
1. Domcap: 
    а) #6722
    б) #6741
    в) связь с командой
    г) документация
    д) rails book
    ж) analysis
    з)  отчётность"
2026-04-03,plan,2026-04-04T09:10:00+04:00,"План на день 03.04
1. Domcap: 
    а) #6722
    б) отчётность
    в) связь с командой
    г) документация
    д) rails book
    ж) analysis"
2026-04-04,plan,2026-04-04T09:15:49+04:00,"План на день 04.04
1. Domcap: 
    а) #6644
    б) отчётность
    в) связь с командой
    г) документация
    д) rails book
    ж) analysis"
2026-04-05,plan,2026-04-05T18:42:11+04:00,"План на день 05.04
1. Domcap: 
    а) #6644
    б) отчётность
    в) связь с командой
    г) документация
    д) rails book
    ж) analysis"
2026-04-06,plan,2026-04-06T17:07:54+04:00,"План на день 06.04
1. Domcap: 
    а) #6644
    б) отчётность
    в) связь с командой
    г) документация
    д) rails book
    ж) analysis"
2026-04-07,plan,2026-04-09T06:34:57+04:00,"План на день 07.04
1. Domcap: 
    а) #6644
    б) отчётность
    в) связь с командой
    г) документация
    д) rails book
    ж) analysis"
2026-04-08,plan,2026-04-09T06:36:44+04:00,"План на день 08.04
1. Domcap: 
    а) #6644
    б) отчётность
    в) связь с командой
    г) документация
    д) rails book
    ж) analysis
    з)  review"
2026-04-09,plan,2026-04-09T06:38:13+04:00,"План на день 09.04
1. Domcap: 
    а) #6644
    б) отчётность
    в) связь с командой
    г) документация
    д) rails book
    ж) analysis
    з)  review"
2026-04-10,plan,2026-04-12T11:35:45+04:00,"План на день 10.04
1. Domcap: 
    а) #6644
    б) отчётность
    в) связь с командой
    г) документация
    д) rails book
    ж) analysis
    з)  review"
2026-04-11,plan,2026-04-12T11:47:53+04:00,"План на день 11.04
1. Domcap: 
    а) #6644
    б) #6758
    в) связь с командой
    г) документация
    д) rails book
    е) analysis
    ж)  review 
    з) отчётность"
2026-04-12,plan,2026-04-12T11:50:56+04:00,"План на день 12.04
1. Domcap: 
    а) #6644
    б) отчётность
    в) связь с командой
    г) документация
    д) rails book
    ж) analysis
    з)  review"
2026-04-13,plan,2026-04-13T15:38:19+04:00,"План на день 13.04
1. Domcap: 
    а) #6644
    б) #6741
    в) #6670
    г) #6681
    д) #6539
    е) отчётность
    ж) analysis
    з)  review 
    и) связь с командой
    й) документация
    к) rails book"
2026-04-14,plan,2026-04-14T09:17:03+04:00,"План на день 14.04
1. Domcap: 
    а) #6491
    б) документация
    в) связь с командой
    г) analysis
    д) rails book
    е) отчётность"
2026-04-15,plan,2026-04-15T17:01:44+04:00,"План на день 15.04
1. Domcap: 
    а) #6491
    б) документация
    в) связь с командой
    г) analysis
    д) rails book
    е) отчётность"
2026-04-16,plan,2026-04-17T14:36:15+04:00,"План на день 16.04
1. Domcap: 
    а) #6491
    б) документация
    в) связь с командой
    г) analysis
    д) rails book
    е) отчётность"
2026-04-17,plan,2026-04-17T20:10:30+04:00,"План на день 17.04
1. Domcap: 
    а) #6491
    б) #6035
    в) связь с командой
    г) analysis
    д) rails book
    е) отчётность
    ж) документация"
2026-04-18,plan,2026-04-18T11:06:20+04:00,"План на день 18.04
1. Domcap: 
    а) #6491
    б) #6035
    в) связь с командой
    г) analysis
    д) rails book
    е) отчётность
    ж) документация"
2026-04-19,plan,2026-04-20T10:56:52+04:00,"План на день 19.04
1. Domcap: 
    а) #6035
    б) review
    в) связь с командой
    г) analysis
    д) rails book
    е) отчётность
    ж) документация"
2026-04-20,plan,2026-04-20T10:58:46+04:00,"План на день 20.04
1. Domcap: 
    а) #6035
    б) review
    в) связь с командой
    г) analysis
    д) rails book
    е) отчётность
    ж) документация"
2026-04-21,plan,2026-04-21T12:08:34+04:00,"План на день 21.04
1. Domcap: 
    а) #6587
    б) документация
    в) связь с командой
    г) analysis
    д) rails book
    е) отчётность"
2026-04-22,plan,2026-04-22T11:38:38+04:00,"План на день 22.04
1. Domcap: 
    а) #6587
    б) документация
    в) связь с командой
    г) analysis
    д) rails book
    е) отчётность"
2026-04-23,plan,2026-04-23T11:17:46+04:00,"План на день 23.04
1. Domcap: 
    а) #6587
    б) #6777
    в) связь с командой
    г) analysis
    д) rails book
    е) отчётность
    ж) документация
    з) review"
2026-04-24,plan,2026-04-24T14:01:05+04:00,"План на день 24.04
1. Domcap: 
    а) #6587
    б) документация
    в) связь с командой
    г) analysis
    д) rails book
    е) отчётность"
2026-04-25,plan,2026-04-25T14:44:06+04:00,"План на день 25.04
1. Domcap: 
    а) #6587
    б) #6780
    в) связь с командой
    г) analysis
    д) rails book
    е) отчётность
    ж) документация"
2026-04-26,plan,2026-04-26T18:40:43+04:00,"План на день 26.04
1. Domcap: 
    а) #6780
    б) #6491
    в) связь с командой
    г) analysis
    д) rails book
    е) отчётность
    ж) документация"
2026-04-27,plan,2026-04-28T10:01:29+04:00,"План на день 27.04
1. Domcap: 
    а) #6491
    б) #6777
    в) связь с командой
    г) analysis
    д) rails book
    е) отчётность
    ж) документация"
2026-04-28,plan,2026-04-28T10:05:07+04:00,"План на день 28.04
1. Domcap: 
    а) #6784
    б) #6777
    в) связь с командой
    г) analysis
    д) rails book
    е) отчётность
    ж) документация"
2026-04-29,plan,2026-04-29T14:39:53+04:00,"План на день 29.04
1. Domcap: 
    а) #6784
    б) документация
    в) связь с командой
    г) analysis
    д) rails book
    е) отчётность"
2026-04-30,plan,2026-04-30T12:19:09+04:00,"План на день 30.04
1. Domcap: 
    а) #6784
    б) документация
    в) связь с командой
    г) analysis
    д) rails book
    е) отчётность"
2026-05-01,plan,2026-05-01T13:53:30+04:00,"План на день 01.05
1. Domcap: 
    а) #6784
    б) документация
    в) связь с командой
    г) analysis
    д) rails book
    е) отчётность"
2026-05-02,plan,2026-05-02T11:08:02+04:00,"План на день 02.05
1. Domcap: 
    а) #6784
    б) документация
    в) связь с командой
    г) analysis
    д) rails book
    е) отчётность"
2026-05-03,plan,2026-05-03T09:42:51+04:00,"План на день 03.05
1. Domcap: 
    а) #6784
    б) документация
    в) связь с командой
    г) analysis
    д) rails book
    е) отчётность
    ж) review"
2026-05-04,plan,2026-05-04T11:05:16+04:00,"План на день 04.05
1. Domcap: 
    а) #6784
    б) документация
    в) связь с командой
    г) analysis
    д) rails book
    е) отчётность
    ж) review"
2026-05-05,plan,2026-05-05T17:28:02+04:00,"План на день 05.05
1. Domcap: 
    а) #6784
    б) документация
    в) связь с командой
    г) analysis
    д) rails book
    е) отчётность
    ж) review"
2026-05-06,plan,2026-05-08T08:32:46+04:00,"План на день 06.05
1. Domcap: 
    а) #6784
    б) #6777
    в) связь с командой
    г) analysis
    д) rails book
    е) отчётность
    ж) review
    з) документация"
2026-05-07,plan,2026-05-08T08:37:41+04:00,"План на день 07.05
1. Domcap: 
    а) #6777
    б) #6491
    в) связь с командой
    г) analysis
    д) rails book
    е) отчётность
    ж) review
    з) документация"
2026-05-08,plan,2026-05-08T08:44:50+04:00,"План на день 08.05
1. Domcap: 
    а) #6777
    б) документация
    в) связь с командой
    г) analysis
    д) rails book
    е) отчётность
    ж) review"
2026-05-09,plan,2026-05-11T07:01:04+04:00,"План на день 09.05
1. Domcap: 
    а) #6777
    б) документация
    в) связь с командой
    г) analysis
    д) rails book
    е) отчётность
    ж) review"
2026-05-10,plan,2026-05-11T07:02:51+04:00,"План на день 10.05
1. Domcap: 
    а) #6777
    б) #5979
    в) #6872
    г) analysis
    д) rails book
    е) отчётность
    ж) review
    з) документация
    и) связь с командой"
2026-05-11,plan,2026-05-11T07:06:55+04:00,"План на день 11.05
1. Domcap: 
    а) #5979
    б) связь с командой
    в) документация
    г) analysis
    д) rails book
    е) отчётность
    ж) review"
2026-05-12,plan,2026-05-13T09:20:06+04:00,"План на день 12.05
1. Domcap: 
    а) #5979
    б) связь с командой
    в) документация
    г) analysis
    д) rails book
    е) отчётность
    ж) review"
2026-05-13,plan,2026-05-13T09:24:21+04:00,"План на день 13.05
1. Domcap: 
    а) #5979
    б) связь с командой
    в) документация
    г) analysis
    д) rails book
    е) отчётность
    ж) review"
2026-05-14,plan,2026-05-16T17:34:46+04:00,"План на день 14.05
1. Domcap: 
    а) #5979
    б) #6909
    в) документация
    г) analysis
    д) rails book
    е) отчётность
    ж) review
    з) связь с командой"
2026-05-15,plan,2026-05-16T17:39:50+04:00,"План на день 15.05
1. Domcap: 
    а) #5979
    б) #6909
    в) документация
    г) analysis
    д) rails book
    е) отчётность
    ж) review
    з) связь с командой"
2026-05-16,plan,2026-05-16T17:42:09+04:00,"План на день 16.05
1. Domcap: 
    а) #6587
    б) #6698
    в) документация
    г) analysis
    д) rails book
    е) отчётность
    ж) review
    з) связь с командой"
2026-05-17,plan,2026-05-17T12:11:40+04:00,"План на день 17.05
1. Domcap: 
    а) #6587
    б) #6698
    в) документация
    г) analysis
    д) rails book
    е) отчётность
    ж) review
    з) связь с командой"
2026-05-18,plan,2026-05-18T15:24:55+04:00,"План на день 18.05
1. Domcap: 
    а) #6925
    б) #6698
    в) #6901
    г) #6908
    д) rails book
    е) отчётность
    ж) review
    з) связь с командой
    и) документация
    й) analysis"
2026-05-19,plan,2026-05-21T13:56:21+04:00,"План на день 19.05
1. Domcap: 
    а) #6925
    б) analysis
    в) документация
    г) связь с командой
    д) rails book
    е) отчётность
    ж) review"
2026-05-20,plan,2026-05-21T14:04:09+04:00,"План на день 20.05
1. Domcap: 
    а) #6925
    б) analysis
    в) документация
    г) связь с командой
    д) rails book
    е) отчётность
    ж) review"
2026-05-21,plan,2026-05-21T14:04:55+04:00,"План на день 21.05
1. Domcap: 
    а) #6925
    б) analysis
    в) документация
    г) связь с командой
    д) rails book
    е) отчётность
    ж) review"
2026-05-22,plan,2026-05-22T13:58:59+04:00,"План на день 22.05
1. Domcap: 
    а) #5979
    б) #6981
    в) #6901
    г) #6908
    д) rails book
    е) отчётность
    ж) review
    з) связь с командой
    и) документация
    й) analysis"
2026-05-23,plan,2026-05-23T16:37:49+04:00,"План на день 23.05
1. Domcap: 
    а) #6955
    б) #6854
    в) #6434
    г) #6435
    д) rails book
    е) отчётность
    ж) review
    з) связь с командой
    и) документация
    й) analysis"
2026-05-24,plan,2026-05-24T12:04:09+04:00,"План на день 24.05
1. Domcap: 
    а) #6955
    б) #6854
    в) #6434
    г) #6435
    д) rails book
    е) отчётность
    ж) review
    з) связь с командой
    и) документация
    й) analysis"
2026-05-25,plan,2026-05-25T16:25:57+04:00,"План на день 25.05
1. Domcap: 
    а) #6955
    б) #6854
    в) #6434
    г) #6435
    д) rails book
    е) отчётность
    ж) review
    з) связь с командой
    и) документация
    й) analysis"
2026-05-26,plan,2026-05-26T17:40:27+04:00,"План на день 26.05
1. Domcap: 
    а) #6485
    б) #6874
    в) analysis
    г) документация
    д) rails book
    е) отчётность
    ж) review
    з) связь с командой"
2026-05-27,plan,2026-05-27T09:59:21+04:00,"План на день 27.05
1. Domcap: 
    а) #6485
    б) #6961
    в) analysis
    г) документация
    д) rails book
    е) отчётность
    ж) review
    з) связь с командой"
2026-05-28,plan,2026-05-28T17:55:26+04:00,"План на день 28.05
1. Domcap: 
    а) #6961
    б) #6522
    в) #6923
    г) документация
    д) rails book
    е) отчётность
    ж) review
    з) связь с командой
    и) analysis"
2026-05-29,plan,2026-05-29T17:02:47+04:00,"План на день 29.05
1. Domcap: 
    а) #6923
    б) #6644
    в) analysis
    г) документация
    д) rails book
    е) отчётность
    ж) review
    з) связь с командой"
2026-05-30,plan,2026-05-30T15:45:28+04:00,"План на день 30.05
1. Domcap: 
    а) #6739
    б) #6644
    в) analysis
    г) документация
    д) rails book
    е) отчётность
    ж) review
    з) связь с командой"
2026-05-31,plan,2026-05-31T15:25:03+04:00,"План на день 31.05
1. Domcap: 
    а) #6739
    б) #6644
    в) analysis
    г) документация
    д) rails book
    е) отчётность
    ж) review
    з) связь с командой"
2026-06-01,plan,2026-06-01T14:01:38+04:00,"План на день 01.06
1. Domcap: 
    а) #6739
    б) #7028
    в) analysis
    г) документация
    д) rails book
    е) отчётность
    ж) review
    з) связь с командой"
2026-06-02,plan,2026-06-02T14:39:17+04:00,"План на день 02.06
1. Domcap: 
    а) #6739
    б) #7030
    в) analysis
    г) документация
    д) rails book
    е) отчётность
    ж) review
    з) связь с командой"
2026-06-03,plan,2026-06-06T09:32:40+04:00,"План на день 03.06
1. Domcap: 
    а) #7030
    б) связь с командой
    в) analysis
    г) документация
    д) rails book
    е) отчётность
    ж) review"
2026-06-04,plan,2026-06-06T09:34:49+04:00,"План на день 04.06
1. Domcap: 
    а) #7030
    б) связь с командой
    в) analysis
    г) документация
    д) rails book
    е) отчётность
    ж) review"
2026-06-05,plan,2026-06-06T09:44:53+04:00,"План на день 05.06
1. Domcap: 
    а) #7030
    б) #5979
    в) analysis
    г) документация
    д) rails book
    е) отчётность
    ж) review
    з) связь с командой"
2026-06-06,plan,2026-06-06T09:48:07+04:00,"План на день 06.06
1. Domcap: 
    а) #5979
    б) отчётность
    в) analysis
    г) документация
    д) rails book"
2026-06-07,plan,2026-06-08T15:35:50+04:00,"План на день 07.06
1. Domcap: 
    а) #5979
    б) отчётность
    в) analysis
    г) документация
    д) rails book"
2026-06-08,plan,2026-06-08T18:44:45+04:00,"План на день 08.06
1. Domcap: 
    а) #6739
    б) #7032
    в) #7062
    г) документация
    д) rails book
    е) отчётность
    ж) analysis"
2026-06-09,plan,2026-06-09T16:01:21+04:00,"План на день 09.06
1. Domcap: 
    а) #6473
    б) #5979
    в) #7062
    г) документация
    д) rails book
    е) отчётность
    ж) analysis"
2026-06-10,plan,2026-06-11T15:34:23+04:00,"План на день 10.06
1. Domcap: 
    а) #7030
    б) #6739
    в) #7080
    г) документация
    д) rails book
    е) отчётность
    ж) analysis"
2026-06-11,plan,2026-06-11T15:40:05+04:00,"План на день 11.06
1. Domcap: 
    а) #7030
    б) #6739
    в) #7080
    г) #6485
    д) #6961
    е) отчётность
    ж) analysis
    з) документация
    и) rails book
    й) review"
2026-06-12,plan,2026-06-12T20:18:55+04:00,"План на день 12.06
1. Domcap: 
    а) #7030
    б) #6739
    в) связь с командой
    г) review
    д) rails book
    е) отчётность
    ж) analysis
    з) документация"
2026-06-13,plan,2026-06-13T17:22:52+04:00,"План на день 13.06
1. Domcap: 
    а) #6739
    б) #6473
    в) связь с командой
    г) review
    д) rails book
    е) отчётность
    ж) analysis
    з) документация"
2026-06-14,plan,2026-06-15T16:22:04+04:00,"План на день 14.06
1. Domcap: 
    а) #6473
    б) документация
    в) связь с командой
    г) review
    д) rails book
    е) отчётность
    ж) analysis"
2026-06-15,plan,2026-06-17T16:02:17+04:00,"План на день 15.06
1. Domcap: 
    а) #6473
    б) документация
    в) связь с командой
    г) review
    д) rails book
    е) отчётность
    ж) analysis"
2026-06-16,plan,2026-06-17T16:03:14+04:00,"План на день 16.06
1. Domcap: 
    а) #7014
    б) #6473
    в) #6644
    г) review
    д) rails book
    е) отчётность
    ж) analysis
    з) документация
    и) связь с командой"
2026-06-17,plan,2026-06-17T17:42:10+04:00,"План на день 17.06
1. Domcap: 
    а) #7014
    б) #6473
    в) связь с командой
    г) review
    д) rails book
    е) отчётность
    ж) analysis
    з) документация"
2026-06-18,plan,2026-06-18T10:40:53+04:00,"План на день 18.06
1. Domcap: 
    а) #7014
    б) документация
    в) связь с командой
    г) review
    д) rails book
    е) отчётность
    ж) analysis"
2026-06-19,plan,2026-06-20T14:30:41+04:00,"План на день 19.06
1. Domcap: 
    а) #7014
    б) #7070
    в) связь с командой
    г) review
    д) rails book
    е) отчётность
    ж) analysis
    з) документация"
2026-06-20,plan,2026-06-20T15:19:01+04:00,"План на день 20.06
1. Domcap: 
    а) #7025
    б) #6077
    в) связь с командой
    г) review
    д) rails book
    е) отчётность
    ж) analysis
    з) документация"
2026-06-22,plan,2026-06-23T13:32:45+04:00,"План на день 22.06
1. Domcap: 
    а) #6077
    б) документация
    в) связь с командой
    г) review
    д) rails book
    е) отчётность
    ж) analysis"
2026-06-23,plan,2026-06-23T13:36:01+04:00,"План на день 23.06
1. Domcap: 
    а) #6077
    б) #6739
    в) связь с командой
    г) review
    д) rails book
    е) отчётность
    ж) analysis
    з) документация"
2026-06-24,plan,2026-06-27T14:05:16+04:00,"План на день 24.06
1. Domcap: 
    а) #6077
    б) #6739
    в) связь с командой
    г) review
    д) rails book
    е) отчётность
    ж) analysis
    з) документация"
2026-06-25,plan,2026-06-27T14:09:07+04:00,"План на день 25.06
1. Domcap: 
    а) #6077
    б) #6473
    в) связь с командой
    г) review
    д) rails book
    е) отчётность
    ж) analysis
    з) документация"
2026-06-26,plan,2026-06-27T14:11:30+04:00,"План на день 26.06
1. Domcap: 
    а) #6473
    б) документация
    в) связь с командой
    г) review
    д) rails book
    е) отчётность
    ж) analysis"
2026-06-27,plan,2026-06-27T14:15:33+04:00,"План на день 27.06
1. Domcap: 
    а) #6437
    б) #6473
    в) связь с командой
    г) review
    д) rails book
    е) отчётность
    ж) analysis
    з) документация"
2026-06-28,plan,2026-06-28T16:05:32+04:00,"План на день 28.06
1. Domcap: 
    а) #6437
    б) документация
    в) связь с командой
    г) review
    д) rails book
    е) отчётность
    ж) analysis"
2026-06-29,plan,2026-06-29T15:42:02+04:00,"План на день 29.06
1. Domcap: 
    а) #6437
    б) #6473
    в) связь с командой
    г) review
    д) rails book
    е) отчётность
    ж) analysis
    з) документация"
2026-06-30,plan,2026-06-30T19:33:08+04:00,"План на день 30.06
1. Domcap: 
    а) #6437
    б) #7223
    в) связь с командой
    г) review
    д) rails book
    е) отчётность
    ж) analysis
    з) документация"
2026-07-01,plan,2026-07-04T11:00:22+04:00,"План на день 01.07
1. Domcap: 
    а) #6437
    б) #6473
    в) связь с командой
    г) review
    д) rails book
    е) отчётность
    ж) analysis
    з) документация"
2026-07-02,plan,2026-07-04T11:22:14+04:00,"План на день 02.07
1. Domcap: 
    а) #6473
    б) документация
    в) связь с командой
    г) review
    д) rails book
    е) отчётность
    ж) analysis"
2026-07-03,plan,2026-07-04T11:24:37+04:00,"План на день 03.07
1. Domcap: 
    а) #6473
    б) документация
    в) связь с командой
    г) review
    д) rails book
    е) отчётность
    ж) analysis"
2026-07-04,plan,2026-07-04T11:26:32+04:00,"План на день 04.07
1. Domcap: 
    а) #6437
    б) #7239
    в) связь с командой
    г) review
    д) rails book
    е) отчётность
    ж) analysis
    з) документация"
2026-07-05,plan,2026-07-05T18:51:20+04:00,"План на день 05.07
1. Domcap: 
    а) #6437
    б) #7239
    в) связь с командой
    г) review
    д) rails book
    е) отчётность
    ж) analysis
    з) документация"
2026-07-06,plan,2026-07-07T17:38:25+04:00,"План на день 06.07
1. Domcap: 
    а) #6437
    б) документация
    в) связь с командой
    г) review
    д) rails book
    е) отчётность
    ж) analysis"
2026-07-07,plan,2026-07-07T17:39:01+04:00,"План на день 07.07
1. Domcap: 
    а) #6437
    б) документация
    в) связь с командой
    г) review
    д) rails book
    е) отчётность
    ж) analysis"
2026-07-08,plan,2026-07-09T11:40:22+04:00,"План на день 08.07
1. Domcap: 
    а) #6437
    б) #7255
    в) #7261
    г) review
    д) rails book
    е) отчётность
    ж) analysis
    з) документация
    з) связь с командой"
2026-07-09,plan,2026-07-09T11:45:35+04:00,"План на день 09.07
1. Domcap: 
    а) #6437
    б) #7261
    в) #7239
    г) review
    д) rails book
    е) отчётность
    ж) analysis
    з) документация
    з) связь с командой"
2026-07-10,plan,2026-07-10T13:58:24+04:00,"План на день 10.07
1. Domcap: 
    а) #6437
    б) #7261
    в) #7239
    г) review
    д) rails book
    е) отчётность
    ж) analysis
    з) документация
    з) связь с командой"
2026-07-11,plan,2026-07-12T09:27:23+04:00,"План на день 11.07
1. Domcap: 
    а) #6437
    б) документация
    в) отчётность
    г) review
    д) rails book"
2026-07-12,plan,2026-07-12T09:57:21+04:00,"План на день 12.07
1. Domcap: 
    а) #6437
    б) #6077
    в) analysis
    г) review
    д) документация
    е) отчётность"
2026-07-13,plan,2026-07-18T16:55:32+04:00,"План на день 13.07
1. Domcap: 
    а) #6437
    б) связь с командой
    в) analysis
    г) review
    д) документация
    е) отчётность"
2026-07-14,plan,2026-07-18T16:56:20+04:00,"План на день 14.07
1. Domcap: 
    а) #6437
    б) связь с командой
    в) analysis
    г) review
    д) документация
    е) отчётность"
2026-07-15,plan,2026-07-18T16:57:03+04:00,"План на день 15.07
1. Domcap: 
    а) #6437
    б) связь с командой
    в) analysis
    г) review
    д) документация
    е) отчётность"
2026-07-16,plan,2026-07-18T16:59:11+04:00,"План на день 16.07
1. Domcap: 
    а) #6437
    б) связь с командой
    в) analysis
    г) review
    д) документация
    е) отчётность"
2026-07-17,plan,2026-07-18T17:01:52+04:00,"План на день 17.07
1. Domcap: 
    а) #6437
    б) связь с командой
    в) analysis
    г) review
    д) документация
    е) отчётность"
2026-07-18,plan,2026-07-18T17:04:07+04:00,"План на день 18.07
1. Domcap: 
    а) #6437
    б) связь с командой
    в) analysis
    г) review
    д) документация
    е) отчётность"
2026-07-19,plan,2026-07-24T16:08:11+04:00,"План на день 19.07
1. Domcap: 
    а) #6437
    б) связь с командой
    в) analysis
    г) review
    д) документация
    е) отчётность"
2026-07-20,plan,2026-07-24T16:10:50+04:00,"План на день 20.07
1. Domcap: 
    а) #6437
    б) связь с командой
    в) analysis
    г) review
    д) документация
    е) отчётность"
2026-07-21,plan,2026-07-24T16:13:32+04:00,"План на день 21.07
1. Domcap: 
    а) #7335
    б) связь с командой
    в) analysis
    г) review
    д) документация
    е) отчётность"
2026-07-22,plan,2026-07-24T16:17:05+04:00,"План на день 22.07
1. Domcap: 
    а) #7335
    б) связь с командой
    в) analysis
    г) review
    д) документация
    е) отчётность"
2026-07-23,plan,2026-07-24T16:19:26+04:00,"План на день 23.07
1. Domcap: 
    а) #7335
    б) связь с командой
    в) analysis
    г) review
    д) документация
    е) отчётность"
2026-07-24,plan,2026-07-24T16:25:28+04:00,"План на день 24.07
1. Domcap: 
    а) #7335
    б) #6077
    в) analysis
    г) review
    д) документация
    е) отчётность
    ж) связь с командой"
2026-07-25,plan,2026-07-25T10:56:41+04:00,"План на день 25.07
1. Domcap: 
    а) #7068
    б) связь с командой
    в) analysis
    г) review
    д) документация
    е) отчётность"
2026-07-26,plan,2026-07-30T08:40:51+04:00,"План на день 26.07
1. Domcap: 
    а) #7068
    б) связь с командой
    в) analysis
    г) review
    д) документация
    е) отчётность"
2026-07-27,plan,2026-07-30T08:42:13+04:00,"План на день 27.07
1. Domcap: 
    а) #7068
    б) связь с командой
    в) analysis
    г) review
    д) документация
    е) отчётность"
2026-07-28,plan,2026-07-30T08:43:37+04:00,"План на день 28.07
1. Domcap: 
    а) #7068
    б) связь с командой
    в) analysis
    г) review
    д) документация
    е) отчётность"
2026-07-29,plan,2026-07-30T08:45:17+04:00,"План на день 29.07
1. Domcap: 
    а) #7068
    б) связь с командой
    в) analysis
    г) review
    д) документация
    е) отчётность"
2026-07-30,plan,2026-07-30T08:47:25+04:00,"План на день 30.07
1. Domcap: 
    а) #7068
    б) #7322
    в) analysis
    г) review
    д) документация
    е) отчётность
    ж) связь с командой"
2026-07-31,plan,2026-07-31T18:02:22+04:00,"План на день 31.07
1. Domcap: 
    а) #7322
    б) связь с командой
    в) analysis
    г) review
    д) документация
    е) отчётность"
2026-08-01,plan,2026-08-01T16:47:17+04:00,"План на день 01.08
1. Domcap: 
    а) #7322
    б) связь с командой
    в) analysis
    г) review
    д) документация
    е) отчётность"
2026-08-02,plan,2026-08-08T09:14:07+04:00,"План на день 02.08
1. Domcap: 
    а) #7322
    б) связь с командой
    в) analysis
    г) review
    д) документация
    е) отчётность"
2026-08-03,plan,2026-08-08T09:26:14+04:00,"План на день 03.08
1. Domcap: 
    а) #7322
    б) связь с командой
    в) analysis
    г) review
    д) документация
    е) отчётность"
2026-08-04,plan,2026-08-08T09:28:31+04:00,"План на день 04.08
1. Domcap: 
    а) #7322
    б) связь с командой
    в) analysis
    г) review
    д) документация
    е) отчётность"
2026-08-05,plan,2026-08-08T09:30:51+04:00,"План на день 05.08
1. Domcap: 
    а) #7322
    б) #7390
    в) analysis
    г) review
    д) документация
    е) отчётность
    ж) связь с командой"
2026-08-06,plan,2026-08-08T09:33:24+04:00,"План на день 06.08
1. Domcap: 
    а) #7346
    б) связь с командой
    в) analysis
    г) review
    д) документация
    е) отчётность"
2026-08-07,plan,2026-08-08T09:35:25+04:00,"План на день 07.08
1. Domcap: 
    а) #7346
    б) связь с командой
    в) analysis
    г) review
    д) документация
    е) отчётность"
2026-08-08,plan,2026-08-08T09:36:57+04:00,"План на день 08.08
1. Domcap: 
    а) #7346
    б) связь с командой
    в) analysis
    г) review
    д) документация
    е) отчётность"
2026-08-09,plan,2026-08-15T07:07:33+04:00,"План на день 09.08
1. Domcap: 
    а) #7346
    б) связь с командой
    в) analysis
    г) review
    д) документация
    е) отчётность"
2026-08-10,plan,2026-08-15T07:13:45+04:00,"План на день 10.08
1. Domcap: 
    а) #7346
    б) связь с командой
    в) analysis
    г) review
    д) документация
    е) отчётность"
2026-08-11,plan,2026-08-15T07:13:45+04:00,"План на день 11.08
1. Domcap: 
    а) #6077
    б) связь с командой
    в) analysis
    г) review
    д) документация
    е) отчётность"
2026-08-12,plan,2026-08-15T07:25:50+04:00,"План на день 12.08
1. Domcap: 
    а) #6077
    б) связь с командой
    в) analysis
    г) review
    д) документация
    е) отчётность"
2026-08-13,plan,2026-08-15T07:25:50+04:00,"План на день 13.08
1. Domcap: 
    а) #6077
    б) связь с командой
    в) analysis
    г) review
    д) документация
    е) отчётность"
2026-08-14,plan,2026-08-15T07:25:51+04:00,"План на день 14.08
1. Domcap: 
    а) #6077
    б) #7068
    в) analysis
    г) review
    д) документация
    е) отчётность
    ж) связь с командой"
2026-08-15,plan,2026-08-15T07:26:13+04:00,"План на день 15.08
1. Domcap: 
    а) #6077
    б) #7068
    в) analysis
    г) review
    д) документация
    е) отчётность
    ж) связь с командой"
2026-08-16,plan,2026-08-20T19:46:28+04:00,"План на день 16.08
1. Domcap: 
    а) #6077
    б) связь с командой
    в) analysis
    г) review
    д) документация
    е) отчётность"
2026-08-17,plan,2026-08-20T19:49:10+04:00,"План на день 17.08
1. Domcap: 
    а) #6077
    б) связь с командой
    в) analysis
    г) review
    д) документация
    е) отчётность"
2026-08-18,plan,2026-08-20T19:50:10+04:00,"План на день 18.08
1. Domcap: 
    а) #6077
    б) связь с командой
    в) analysis
    г) review
    д) документация
    е) отчётность"
2026-08-19,plan,2026-08-20T19:51:40+04:00,"План на день 19.08
1. Domcap: 
    а) #6077
    б) связь с командой
    в) analysis
    г) review
    д) документация
    е) отчётность"
2026-08-20,plan,2026-08-20T19:53:23+04:00,"План на день 20.08
1. Domcap: 
    а) #6077
    б) связь с командой
    в) analysis
    г) review
    д) документация
    е) отчётность"
2026-08-21,plan,2026-08-23T16:07:28+04:00,"План на день 21.08
1. Domcap: 
    а) #6077
    б) #7346
    в) analysis
    г) review
    д) документация
    е) отчётность
    ж) связь с командой"
2026-08-22,plan,2026-08-23T16:14:16+04:00,"План на день 22.08
1. Domcap: 
    а) #7346
    б) связь с командой
    в) analysis
    г) review
    д) документация
    е) отчётность"
2026-08-23,plan,2026-08-23T16:15:37+04:00,"План на день 23.08
1. Domcap: 
    а) #7346
    б) связь с командой
    в) analysis
    г) review
    д) документация
    е) отчётность"
2026-08-24,plan,2026-08-25T18:04:06+04:00,"План на день 24.08
1. Domcap: 
    а) #7346
    б) #7014
    в) analysis
    г) review
    д) документация
    е) отчётность
    ж) связь с командой"
2026-08-25,plan,2026-08-25T18:05:13+04:00,"План на день 25.08
1. Domcap: 
    а) #7014
    б) #7322
    в) analysis
    г) review
    д) документация
    е) отчётность
    ж) связь с командой"
2026-08-26,plan,2026-08-29T08:31:20+04:00,"План на день 26.08
1. Domcap: 
    а) #7014
    б) связь с командой
    в) analysis
    г) review
    д) документация
    е) отчётность"
2026-08-27,plan,2026-08-29T08:36:08+04:00,"План на день 27.08
1. Domcap: 
    а) #7014
    б) #7335
    в) analysis
    г) review
    д) документация
    е) отчётность
    ж) связь с командой"
2026-08-28,plan,2026-08-29T08:39:25+04:00,"План на день 28.08
1. Domcap: 
    а) #7014
    б) #7335
    в) analysis
    г) review
    д) документация
    е) отчётность
    ж) связь с командой"
2026-08-29,plan,2026-08-29T08:41:16+04:00,"План на день 29.08
1. Domcap: 
    а) #7014
    б) связь с командой
    в) analysis
    г) review
    д) документация
    е) отчётность"
2026-08-30,plan,2026-09-02T06:28:58+04:00,"План на день 30.08
1. Domcap: 
    а) #7014
    б) связь с командой
    в) analysis
    г) review
    д) документация
    е) отчётность"
2026-08-31,plan,2026-09-04T06:20:51+04:00,"План на день 31.08
1. Domcap: 
    а) #7014
    б) связь с командой
    в) analysis
    г) review
    д) документация
    е) отчётность"
2026-09-01,plan,2026-09-05T05:46:00+04:00,"План на день 01.09
1. Domcap: 
    а) #7014
    б) #7243
    в) analysis
    г) review
    д) документация
    е) отчётность
    ж) связь с командой"
2026-09-02,plan,2026-09-05T05:58:26+04:00,"План на день 02.09
1. Domcap: 
    а) #7243
    б) связь с командой
    в) analysis
    г) review
    д) документация
    е) отчётность"
2026-09-03,plan,2026-09-05T06:00:28+04:00,"План на день 03.09
1. Domcap: 
    а) #7243
    б) связь с командой
    в) analysis
    г) review
    д) документация
    е) отчётность"
2026-09-04,plan,2026-09-05T06:03:16+04:00,"План на день 04.09
1. Domcap: 
    а) #7244
    б) связь с командой
    в) analysis
    г) review
    д) документация
    е) отчётность"
2026-09-05,plan,2026-09-05T06:08:33+04:00,"План на день 05.09
1. Domcap: 
    а) #7198
    б) #7282
    в) analysis
    г) review
    д) документация
    е) отчётность
    ж) связь с командой"
2026-09-06,plan,2026-09-06T07:42:53+04:00,"План на день 06.09
1. Domcap: 
    а) #7198
    б) #7282
    в) analysis
    г) review
    д) документация
    е) отчётность
    ж) связь с командой"
2026-09-07,plan,2026-09-12T08:31:17+04:00,"План на день 07.09
1. Domcap: 
    а) #7198
    б) #7282
    в) analysis
    г) review
    д) документация
    е) отчётность
    ж) связь с командой"
2026-09-08,plan,2026-09-12T08:33:11+04:00,"План на день 08.09
1. Domcap: 
    а) #7198
    б) #7282
    в) analysis
    г) review
    д) документация
    е) отчётность
    ж) связь с командой"
2026-09-09,plan,2026-09-12T08:33:28+04:00,"План на день 09.09
1. Domcap: 
    а) #7198
    б) #7282
    в) analysis
    г) review
    д) документация
    е) отчётность
    ж) связь с командой"
2026-09-10,plan,2026-09-12T08:33:47+04:00,"План на день 10.09
1. Domcap: 
    а) #7198
    б) #7282
    в) #6437
    г) #6077
    д) документация
    е) отчётность
    ж) связь с командой
    з) analysis
    и) review"
2026-09-11,plan,2026-09-12T08:34:06+04:00,"План на день 11.09
1. Domcap: 
    а) #7198
    б) #7282
    в) связь с командой
    г) analysis
    д) документация
    е) отчётность"
2026-09-12,plan,2026-09-12T08:50:16+04:00,"План на день 12.09
1. Domcap: 
    а) #7198
    б) #7282
    в) #7450
    г) analysis
    д) документация
    е) отчётность
    ё) связь с командой"
2026-09-13,plan,2026-09-16T14:06:32+04:00,"План на день 13.09
1. Domcap: 
    а) #7198
    б) #7282
    в) #7450
    г) analysis
    д) документация
    е) отчётность
    ё) связь с командой"
2026-09-14,plan,2026-09-16T14:08:03+04:00,"План на день 14.09
1. Domcap: 
    а) #7198
    б) #6077
    в) связь с командой
    г) analysis
    д) документация
    е) отчётность"
2026-09-15,plan,2026-09-16T14:09:53+04:00,"План на день 15.09
1. Domcap: 
    а) #6077
    б) отчётность
    в) связь с командой
    г) analysis
    д) документация"
2026-09-16,plan,2026-09-16T16:17:12+04:00,"План на день 16.09
1. Domcap: 
    а) #6077
    б) отчётность
    в) связь с командой
    г) analysis
    д) документация"
2026-09-17,plan,2026-09-21T17:35:14+04:00,"План на день 17.09
1. Domcap: 
    а) #6077
    б) отчётность
    в) связь с командой
    г) analysis
    д) документация"
2026-09-18,plan,2026-09-21T17:36:28+04:00,"План на день 18.09
1. Domcap: 
    а) #6077
    б) отчётность
    в) связь с командой
    г) analysis
    д) документация"
2026-09-19,plan,2026-09-21T17:36:28+04:00,"План на день 19.09
1. Domcap: 
    а) #6077
    б) отчётность
    в) связь с командой
    г) analysis
    д) документация"
2026-09-20,plan,2026-09-21T17:36:29+04:00,"План на день 20.09
1. Domcap: 
    а) #6077
    б) отчётность
    в) связь с командой
    г) analysis
    д) документация"
2026-09-21,plan,2026-09-21T17:49:33+04:00,"План на день 21.09
1. Domcap: 
    а) #6077
    б) отчётность
    в) связь с командой
    г) analysis
    д) документация"
2026-09-22,plan,2026-09-28T07:29:31+04:00,"План на день 22.09
1. Domcap: 
    а) #6077
    б) отчётность
    в) связь с командой
    г) analysis
    д) документация"
2026-09-23,plan,2026-09-28T07:33:02+04:00,"План на день 23.09
1. Domcap: 
    а) #6077
    б) отчётность
    в) связь с командой
    г) analysis
    д) документация"
2026-09-24,plan,2026-09-28T07:34:17+04:00,"План на день 24.09
1. Domcap: 
    а) #6077
    б) #6423
    в) связь с командой
    г) analysis
    д) документация
    е) отчётность"
2026-09-25,plan,2026-09-28T07:38:37+04:00,"План на день 25.09
1. Domcap: 
    а) #6423
    б) #7241
    в) #7462
    г) analysis
    д) документация
    е) отчётность
    ё) связь с командой"
2026-09-26,plan,2026-09-28T07:42:58+04:00,"План на день 26.09
1. Domcap: 
    а) #7462
    б) #7466
    в) связь с командой
    г) analysis
    д) документация
    е) отчётность"
2026-09-27,plan,2026-09-28T07:44:39+04:00,"План на день 27.09
1. Domcap: 
    а) #7466
    б) #7240
    в) связь с командой
    г) analysis
    д) документация
    е) отчётность"
2026-09-28,plan,2026-09-28T07:46:12+04:00,"План на день 28.09
1. Domcap: 
    а) #7240
    б) отчётность
    в) связь с командой
    г) analysis
    д) документация"
2026-09-29,plan,2026-10-01T07:00:02+04:00,"План на день 29.09
1. Domcap: 
    а) #7240
    б) #7474
    в) связь с командой
    г) analysis
    д) документация
    е) отчётность"
2026-09-30,plan,2026-10-01T07:00:40+04:00,"План на день 30.09
1. Domcap: 
    а) #7386
    б) отчётность
    в) связь с командой
    г) analysis
    д) документация"
2026-10-01,plan,2026-10-01T07:00:56+04:00,"План на день 01.10
1. Domcap: 
    а) #7386
    б) отчётность
    в) связь с командой
    г) analysis
    д) документация"
2026-10-02,plan,2026-10-04T16:35:50+04:00,"План на день 02.10
1. Domcap: 
    а) #7386
    б) отчётность
    в) связь с командой
    г) analysis
    д) документация"
2026-10-03,plan,2026-10-04T16:36:08+04:00,"План на день 03.10
1. Domcap: 
    а) #7386
    б) отчётность
    в) связь с командой
    г) analysis
    д) документация"
2026-10-04,plan,2026-10-04T16:53:29+04:00,"План на день 04.10
1. Domcap: 
    а) #7386
    б) отчётность
    в) связь с командой
    г) analysis
    д) документация"
